planned_depth_m,descent_current_speed_m_s,water_temperature_c,sonar_noise_db,navigation_drift_m,battery_health_pct,thruster_vibration_mm_s,missions_since_service,vehicle_class,seabed_terrain,maintenance_grade,firmware_current,mission_interrupted
1400.0,0.55,3.3000000000000003,66.0,10.4,87.0,3.1,14,compact,ridge,good,1,0
2700.0,0.68,3.0,78.5,49.900000000000006,83.0,3.9,4,heavy,vent,good,1,1
2870.0,0.15,3.6,78.7,5.800000000000001,92.0,5.2,10,survey,vent,fair,1,1
2840.0,0.39,2.5,77.30000000000001,54.6,89.0,3.9,9,survey,trench,good,1,0
2430.0,0.34,2.8000000000000003,77.80000000000001,8.700000000000001,89.0,3.4000000000000004,8,heavy,vent,excellent,1,0
590.0,0.39,8.700000000000001,70.5,10.4,86.0,2.1,8,survey,plain,good,1,1
1070.0,0.64,6.1000000000000005,70.10000000000001,59.5,93.0,5.1000000000000005,16,survey,ridge,good,0,0
780.0,0.34,7.6,68.2,14.3,88.0,3.0,20,survey,plain,good,1,0
6190.0,0.23,-0.1,78.60000000000001,55.0,89.0,6.0,6,heavy,trench,good,1,1
2120.0,0.21,1.1,66.7,10.3,87.0,0.6000000000000001,3,compact,ridge,excellent,1,0
2020.0,0.51,1.4,79.0,34.1,84.0,4.5,37,survey,ridge,poor,1,0
2380.0,0.89,2.9000000000000004,71.5,46.0,86.0,2.3000000000000003,14,compact,ridge,good,1,1
3390.0,0.41,1.3,77.5,54.8,96.0,7.5,7,survey,trench,good,1,0
3220.0,0.21,1.6,66.9,,83.0,7.9,16,compact,trench,good,0,0
3040.0,0.26,1.7000000000000002,74.7,14.1,84.0,8.4,15,compact,vent,fair,0,1
620.0,0.25,6.800000000000001,71.8,5.300000000000001,93.0,3.2,12,survey,plain,good,1,1
5170.0,0.22,0.6000000000000001,77.4,40.0,85.0,13.5,15,heavy,trench,fair,0,1
760.0,0.34,6.7,65.7,3.6,86.0,4.1000000000000005,9,compact,plain,excellent,1,0
1350.0,0.06,3.4000000000000004,67.0,10.9,81.0,2.9000000000000004,21,compact,ridge,poor,1,0
610.0,0.62,6.6000000000000005,67.4,15.9,87.0,2.5,15,compact,plain,fair,1,0
4780.0,0.18,-0.7000000000000001,73.2,31.1,88.0,5.7,17,survey,trench,good,0,0
1610.0,0.6900000000000001,3.4000000000000004,77.10000000000001,34.2,91.0,2.4000000000000004,7,compact,vent,good,1,0
5250.0,0.44,1.6,82.0,38.2,82.0,5.4,16,heavy,trench,good,1,1
1240.0,0.53,4.2,66.3,14.3,81.0,5.0,20,compact,ridge,poor,1,0
2310.0,0.54,2.8000000000000003,72.10000000000001,16.7,90.0,4.4,14,survey,ridge,good,1,0
4340.0,0.15,2.1,73.4,27.1,94.0,6.4,7,survey,trench,excellent,0,0
430.0,0.23,9.9,62.2,11.6,85.0,2.6,10,compact,plain,fair,0,0
4620.0,0.11,2.2,76.0,30.8,79.0,15.4,20,heavy,trench,poor,1,1
1920.0,0.55,2.0,76.0,21.8,90.0,2.1,11,survey,ridge,good,1,0
1170.0,0.14,3.0,62.6,3.4000000000000004,84.0,4.2,6,compact,plain,excellent,1,0
820.0,1.33,6.9,77.4,44.1,90.0,4.6000000000000005,16,survey,ridge,good,1,1
670.0,0.23,6.6000000000000005,67.60000000000001,4.0,92.0,2.8000000000000003,10,survey,plain,good,1,0
580.0,0.32,7.7,60.0,8.0,89.0,3.4000000000000004,16,compact,plain,fair,1,0
1390.0,0.6900000000000001,4.0,79.7,54.2,87.0,1.6,2,heavy,ridge,excellent,0,0
810.0,0.26,5.300000000000001,63.6,6.0,93.0,2.5,1,compact,plain,excellent,1,0
2540.0,0.17,4.6000000000000005,71.2,25.1,86.0,4.4,8,compact,vent,good,1,0
1960.0,0.27,2.3000000000000003,72.8,33.6,93.0,1.6,12,survey,ridge,good,0,1
1940.0,0.43,2.4000000000000004,73.2,22.5,89.0,2.1,25,survey,ridge,good,1,0
680.0,0.17,7.0,64.0,16.900000000000002,93.0,0.7000000000000001,4,survey,plain,,0,1
760.0,0.19,5.800000000000001,68.3,4.5,91.0,2.9000000000000004,9,survey,plain,excellent,1,0
1000.0,0.66,4.4,64.60000000000001,35.5,,0.2,8,compact,plain,excellent,0,0
760.0,0.16,4.800000000000001,68.3,6.7,83.0,3.9,10,heavy,plain,fair,1,1
4860.0,0.08,2.3000000000000003,80.7,26.6,84.0,7.5,4,heavy,trench,excellent,1,0
1050.0,0.68,6.300000000000001,76.4,38.5,94.0,4.5,9,survey,ridge,excellent,1,0
3110.0,0.44,4.3,74.5,11.8,90.0,2.6,6,survey,vent,excellent,1,0
1020.0,0.92,7.1000000000000005,70.7,14.0,90.0,2.2,5,compact,ridge,good,1,0
1560.0,0.56,2.6,77.80000000000001,12.8,92.0,6.4,22,survey,ridge,excellent,1,0
4790.0,0.23,0.6000000000000001,73.60000000000001,26.4,83.0,13.7,36,survey,trench,poor,1,1
1910.0,0.92,3.2,83.30000000000001,54.5,90.0,7.9,11,survey,vent,excellent,1,1
3520.0,0.05,2.0,67.3,16.6,85.0,1.7000000000000002,16,compact,trench,fair,1,0
710.0,0.59,6.0,64.9,26.700000000000003,89.0,3.2,14,compact,plain,good,0,0
3030.0,0.29,5.0,72.5,7.6,84.0,7.5,16,compact,vent,good,1,1
6000.0,0.56,0.3,83.0,62.0,81.0,5.0,16,heavy,trench,fair,0,1
2720.0,0.33,3.6,81.5,28.200000000000003,92.0,3.5,7,survey,vent,excellent,1,0
770.0,0.36,3.6,63.2,34.2,84.0,10.1,36,survey,plain,poor,0,1
5360.0,0.16,0.3,72.4,17.7,91.0,4.2,20,survey,trench,fair,1,0
1550.0,0.43,2.3000000000000003,81.5,33.4,82.0,7.0,17,heavy,ridge,fair,1,0
4240.0,0.36,0.3,81.5,41.3,76.0,14.4,26,heavy,trench,poor,1,1
5340.0,0.18,3.5,75.2,61.8,90.0,3.8,14,survey,trench,good,1,1
2420.0,0.98,2.7,80.9,59.6,91.0,10.6,5,heavy,ridge,good,1,1
520.0,0.19,11.1,,6.300000000000001,87.0,2.1,9,compact,plain,good,1,1
3720.0,0.53,2.7,74.60000000000001,24.4,95.0,3.3000000000000003,11,survey,trench,excellent,1,0
2620.0,0.54,2.4000000000000004,75.10000000000001,42.1,92.0,0.5,2,compact,vent,excellent,1,0
3770.0,0.45,3.9,76.9,24.200000000000003,86.0,5.2,13,survey,vent,excellent,1,1
2520.0,0.27,1.4,73.2,13.2,90.0,4.7,9,survey,ridge,good,1,0
460.0,0.29,,65.7,3.5,81.0,,39,survey,plain,poor,1,0
2960.0,0.08,1.8,74.60000000000001,9.8,82.0,8.0,34,survey,trench,fair,1,1
730.0,0.44,7.800000000000001,64.0,13.4,90.0,5.4,6,survey,plain,good,1,0
3270.0,0.04,3.2,72.7,29.6,80.0,7.5,22,survey,trench,good,1,1
4320.0,0.2,0.4,71.10000000000001,28.9,89.0,1.9,26,survey,trench,poor,1,0
3490.0,0.32,0.6000000000000001,73.0,18.9,92.0,5.6000000000000005,15,survey,trench,fair,1,0
2680.0,0.58,0.6000000000000001,74.60000000000001,24.200000000000003,88.0,3.0,7,compact,vent,good,1,1
3730.0,0.36,2.1,70.9,8.4,90.0,2.0,14,survey,trench,excellent,1,0
5760.0,0.35,0.3,73.7,25.9,93.0,5.9,3,survey,trench,good,1,1
4100.0,0.35,1.5,73.3,21.6,88.0,7.800000000000001,19,survey,trench,good,1,1
1660.0,0.16,3.5,75.4,15.1,95.0,1.8,13,survey,ridge,good,1,1
1610.0,0.65,4.2,73.60000000000001,27.1,88.0,9.3,30,survey,ridge,fair,1,0
2720.0,0.62,3.6,70.8,23.700000000000003,89.0,4.7,22,survey,ridge,fair,1,0
720.0,0.2,4.3,66.4,6.300000000000001,94.0,1.4,5,survey,plain,excellent,1,0
630.0,0.15,5.7,65.4,4.6000000000000005,92.0,4.3,5,compact,plain,excellent,1,0
560.0,0.27,6.300000000000001,68.7,9.9,89.0,3.4000000000000004,13,survey,plain,excellent,1,0
550.0,0.03,5.4,57.5,10.6,89.0,6.1000000000000005,14,compact,plain,good,0,0
700.0,0.31,7.1000000000000005,66.60000000000001,9.3,96.0,6.7,11,survey,plain,good,1,0
750.0,0.53,7.0,66.3,8.200000000000001,90.0,2.2,6,compact,plain,good,1,0
2310.0,0.31,4.5,71.3,,88.0,12.6,2,heavy,ridge,fair,1,1
3950.0,0.25,0.6000000000000001,71.2,20.4,88.0,2.5,7,survey,trench,excellent,1,0
1260.0,0.61,5.1000000000000005,67.9,15.8,86.0,7.9,12,compact,ridge,good,1,0
590.0,0.14,6.800000000000001,64.5,3.4000000000000004,96.0,2.9000000000000004,11,survey,plain,excellent,1,0
1650.0,0.2,4.7,72.60000000000001,7.7,95.0,5.800000000000001,8,survey,ridge,excellent,1,1
3010.0,0.56,3.3000000000000003,81.60000000000001,72.5,89.0,0.5,4,compact,vent,excellent,1,1
1810.0,0.67,2.5,72.7,44.5,82.0,16.8,33,survey,ridge,poor,0,0
3550.0,0.16,2.3000000000000003,70.7,23.0,85.0,4.0,16,compact,trench,good,0,0
2400.0,0.51,1.6,74.4,19.200000000000003,88.0,3.5,17,survey,ridge,excellent,1,0
3100.0,0.78,3.0,86.60000000000001,38.400000000000006,82.0,9.0,16,heavy,vent,good,0,1
2210.0,0.29,2.0,76.5,27.8,87.0,3.1,1,heavy,ridge,excellent,1,0
6230.0,0.15,0.8,75.9,24.6,87.0,13.4,11,survey,trench,good,1,1
790.0,0.61,4.0,67.9,16.3,89.0,6.300000000000001,28,survey,plain,good,1,0
4640.0,0.2,1.1,83.4,54.8,78.0,9.5,22,heavy,trench,poor,1,1
2310.0,0.26,3.8,71.3,17.2,81.0,7.6,23,compact,vent,fair,1,1
680.0,0.1,3.7,56.8,13.2,84.0,5.9,20,compact,plain,fair,0,0
1610.0,0.8200000000000001,2.7,74.7,26.9,91.0,2.5,14,survey,ridge,good,1,0
1480.0,0.8,3.8,79.10000000000001,43.5,89.0,11.1,17,survey,ridge,excellent,1,0
860.0,0.16,6.4,62.3,3.9,89.0,4.0,17,survey,plain,fair,1,0
1700.0,0.09,3.5,72.3,18.1,87.0,2.7,24,survey,ridge,fair,1,1
930.0,0.46,6.7,64.2,13.9,86.0,2.0,9,compact,plain,good,1,0
570.0,0.26,9.0,60.8,8.8,86.0,4.4,7,compact,plain,good,1,0
2870.0,0.19,0.9,70.60000000000001,17.2,93.0,2.0,9,survey,ridge,good,1,0
2620.0,0.53,2.9000000000000004,80.80000000000001,26.6,89.0,1.8,8,survey,vent,excellent,1,1
760.0,0.24,6.5,65.8,7.1000000000000005,96.0,3.5,6,survey,plain,good,1,0
2290.0,0.67,-0.2,76.60000000000001,18.3,92.0,6.6000000000000005,14,survey,ridge,good,0,0
630.0,0.09,5.800000000000001,62.2,2.4000000000000004,88.0,2.1,8,compact,plain,excellent,1,0
4740.0,0.05,1.8,75.0,22.3,82.0,7.7,9,heavy,trench,good,1,1
2250.0,0.27,1.7000000000000002,76.7,27.8,88.0,9.1,5,heavy,ridge,good,1,1
5450.0,0.2,1.6,72.7,7.7,96.0,2.0,5,survey,trench,excellent,1,0
1910.0,1.14,3.3000000000000003,79.2,34.6,90.0,0.7000000000000001,9,survey,ridge,excellent,0,1
4900.0,0.18,0.5,77.9,47.0,90.0,6.0,15,survey,trench,excellent,1,0
460.0,0.24,7.1000000000000005,69.5,9.0,95.0,1.7000000000000002,16,survey,plain,excellent,1,1
1590.0,1.0,2.9000000000000004,70.60000000000001,20.1,90.0,2.8000000000000003,8,compact,ridge,excellent,1,0
670.0,0.45,5.6000000000000005,62.1,7.2,82.0,4.5,17,compact,plain,good,1,0
720.0,0.32,6.4,66.7,6.6000000000000005,90.0,3.0,16,survey,plain,fair,1,0
350.0,0.35,9.3,64.0,5.2,89.0,5.6000000000000005,6,compact,plain,excellent,1,0
5120.0,0.12,4.5,71.5,42.3,88.0,1.8,16,survey,trench,fair,1,0
3130.0,0.06,2.6,70.10000000000001,35.2,91.0,4.5,13,survey,trench,excellent,0,0
910.0,0.12,5.0,70.60000000000001,14.9,92.0,7.4,6,heavy,plain,good,1,1
1600.0,0.63,3.4000000000000004,73.7,17.7,88.0,3.2,13,survey,ridge,excellent,1,0
4770.0,0.14,0.5,78.5,24.4,89.0,3.7,3,heavy,trench,good,1,0
3200.0,0.73,1.4,,57.5,83.0,10.9,14,heavy,vent,fair,1,1
1800.0,1.1,2.2,77.80000000000001,,93.0,4.1000000000000005,13,survey,ridge,good,1,1
1450.0,0.63,3.3000000000000003,69.9,24.1,93.0,4.0,7,compact,ridge,excellent,1,0
2680.0,1.48,1.8,86.4,71.60000000000001,80.0,9.6,20,heavy,ridge,fair,0,1
2520.0,0.32,6.0,78.4,22.5,80.0,2.6,17,heavy,vent,poor,1,1
400.0,0.26,7.6,60.400000000000006,12.3,83.0,4.2,14,compact,plain,fair,1,0
3160.0,0.64,1.8,84.2,15.0,86.0,2.5,6,heavy,vent,excellent,1,1
5180.0,0.21,3.3000000000000003,79.5,38.7,92.0,3.2,3,heavy,trench,excellent,1,0
4000.0,0.51,0.2,74.0,78.9,88.0,3.9,20,survey,trench,fair,0,0
570.0,0.3,7.6,63.3,6.1000000000000005,89.0,2.5,11,compact,plain,good,1,0
1240.0,0.91,4.800000000000001,68.3,27.3,89.0,3.6,6,compact,ridge,good,1,1
650.0,0.68,,70.2,20.5,90.0,0.5,6,compact,plain,excellent,0,0
1820.0,0.36,3.1,72.2,34.6,88.0,3.4000000000000004,11,survey,ridge,fair,1,0
1950.0,0.41,1.8,74.8,46.7,,2.6,19,survey,ridge,good,0,0
1860.0,0.52,3.5,77.80000000000001,35.300000000000004,84.0,9.4,8,heavy,ridge,good,0,0
980.0,0.14,5.2,65.5,9.1,,6.0,13,survey,plain,good,0,0
560.0,0.3,8.200000000000001,62.6,3.6,90.0,4.6000000000000005,11,survey,plain,good,1,0
1900.0,0.52,1.3,72.4,29.5,82.0,9.7,41,survey,ridge,fair,0,0
2110.0,0.15,1.2000000000000002,71.10000000000001,15.2,92.0,9.5,14,survey,ridge,fair,1,0
650.0,0.44,7.0,70.9,8.6,89.0,4.800000000000001,14,survey,plain,excellent,1,0
500.0,0.14,7.7,60.900000000000006,10.5,,2.9000000000000004,9,compact,plain,excellent,0,0
760.0,0.23,5.2,68.4,12.4,92.0,3.5,9,survey,plain,excellent,1,0
600.0,0.07,5.9,65.8,1.9,83.0,9.1,29,compact,plain,poor,1,0
1040.0,0.6,6.0,77.80000000000001,12.0,91.0,3.6,12,survey,ridge,excellent,1,0
5070.0,0.61,1.0,86.0,75.5,90.0,10.7,5,heavy,trench,excellent,0,1
3630.0,0.35,3.8,77.80000000000001,40.1,83.0,5.300000000000001,29,survey,vent,poor,1,1
760.0,0.5,,66.2,2.8000000000000003,94.0,5.9,13,survey,plain,excellent,1,0
1270.0,1.17,5.5,79.7,43.8,87.0,7.2,10,survey,ridge,good,1,1
1700.0,0.16,3.5,67.60000000000001,7.5,87.0,2.0,15,compact,ridge,fair,1,0
1060.0,0.64,4.0,72.8,29.1,88.0,4.5,14,compact,ridge,fair,0,0
4830.0,0.1,0.7000000000000001,75.10000000000001,27.8,89.0,5.800000000000001,21,survey,trench,fair,1,0
1480.0,0.11,1.9,68.10000000000001,19.1,84.0,5.7,12,compact,ridge,fair,0,0
4650.0,0.17,2.1,69.0,16.5,92.0,2.5,4,survey,trench,excellent,1,0
2490.0,0.41,4.3,80.9,28.200000000000003,70.0,36.7,29,heavy,vent,poor,1,1
1080.0,0.61,7.0,71.7,16.1,88.0,5.1000000000000005,10,compact,ridge,fair,1,1
2880.0,0.97,2.6,77.9,57.3,89.0,4.4,18,survey,vent,good,0,1
780.0,0.7000000000000001,6.6000000000000005,66.5,36.7,89.0,7.7,26,survey,plain,fair,0,0
650.0,0.64,5.300000000000001,66.60000000000001,23.3,86.0,1.7000000000000002,5,compact,plain,good,1,0
650.0,0.43,7.0,66.5,8.3,87.0,3.5,14,survey,plain,good,1,0
3250.0,0.22,0.5,77.5,26.0,84.0,6.800000000000001,3,heavy,trench,excellent,1,0
600.0,0.32,8.200000000000001,61.1,,91.0,2.2,7,compact,plain,excellent,1,0
2570.0,0.33,3.6,,35.800000000000004,89.0,7.4,18,survey,vent,poor,0,0
880.0,0.4,4.4,64.8,18.1,89.0,5.9,13,survey,plain,fair,1,0
1390.0,0.2,2.9000000000000004,73.2,29.700000000000003,94.0,4.0,4,compact,ridge,excellent,0,0
3420.0,0.27,1.5,70.10000000000001,,86.0,4.5,8,compact,trench,good,1,0
2020.0,0.88,2.2,80.7,54.2,91.0,6.800000000000001,2,heavy,ridge,excellent,1,1
1320.0,0.45,5.4,65.2,18.4,81.0,,20,compact,ridge,poor,1,0
1500.0,0.1,2.8000000000000003,71.3,11.4,89.0,1.0,6,survey,ridge,good,1,0
2060.0,0.39,2.9000000000000004,75.7,54.0,90.0,1.9,4,compact,vent,excellent,0,0
1920.0,0.68,1.2000000000000002,77.4,12.2,92.0,3.0,7,survey,ridge,excellent,1,0
4340.0,1.34,2.2,90.0,45.3,88.0,4.9,4,heavy,vent,,1,1
860.0,0.67,6.5,74.8,10.6,86.0,4.2,5,heavy,plain,good,1,0
630.0,0.11,9.1,63.2,10.9,85.0,2.8000000000000003,8,compact,plain,good,0,0
2090.0,0.5,3.2,74.3,6.7,89.0,12.4,19,survey,ridge,good,1,0
1280.0,0.56,3.0,72.60000000000001,9.3,91.0,5.800000000000001,9,survey,ridge,good,1,0
1940.0,0.2,2.4000000000000004,66.7,12.2,87.0,2.0,19,survey,ridge,good,1,0
500.0,0.18,7.5,62.7,6.0,94.0,4.9,14,survey,plain,good,1,0
5220.0,0.29,1.3,79.9,35.800000000000004,74.0,22.0,28,heavy,trench,poor,1,1
1630.0,1.18,3.0,77.2,67.10000000000001,92.0,3.7,15,survey,ridge,good,1,1
3980.0,0.67,0.8,72.9,72.3,89.0,2.7,20,survey,trench,good,0,1
1220.0,1.09,5.0,68.0,26.700000000000003,88.0,4.9,8,compact,ridge,excellent,1,1
3420.0,0.34,2.5,73.7,14.3,90.0,1.8,6,survey,trench,excellent,1,0
620.0,0.09,9.0,61.2,2.8000000000000003,79.0,8.1,30,compact,plain,poor,1,0
340.0,0.51,10.7,61.900000000000006,,85.0,2.1,16,compact,plain,good,0,0
1850.0,0.18,4.2,77.5,15.0,79.0,11.7,9,heavy,ridge,good,1,1
760.0,0.17,6.1000000000000005,71.5,16.400000000000002,89.0,7.300000000000001,18,survey,plain,excellent,1,1
550.0,0.32,6.300000000000001,72.3,14.1,88.0,5.1000000000000005,14,survey,plain,good,0,0
840.0,0.66,4.800000000000001,67.5,10.7,85.0,1.7000000000000002,13,compact,ridge,excellent,1,0
1490.0,1.05,2.6,73.5,26.700000000000003,89.0,2.2,6,compact,ridge,fair,1,0
770.0,0.4,7.300000000000001,68.0,13.7,83.0,2.2,11,compact,plain,good,1,0
720.0,0.04,5.5,62.7,4.0,90.0,3.3000000000000003,9,compact,plain,fair,1,0
820.0,0.15,5.6000000000000005,64.4,4.2,84.0,9.4,26,survey,plain,fair,1,0
2710.0,0.2,2.7,71.2,24.1,95.0,6.4,5,compact,trench,excellent,1,0
4850.0,0.55,3.5,79.80000000000001,10.4,91.0,,25,survey,trench,good,0,1
960.0,0.4,4.0,66.60000000000001,15.0,93.0,4.3,10,survey,plain,good,1,1
610.0,0.21,6.9,65.7,3.0,94.0,,10,survey,plain,good,1,1
740.0,0.18,6.4,68.5,33.800000000000004,88.0,8.200000000000001,16,survey,plain,good,0,1
2500.0,1.01,4.0,79.10000000000001,55.2,91.0,4.0,10,survey,vent,excellent,1,1
670.0,0.45,8.3,69.4,13.1,84.0,1.5,13,compact,plain,excellent,1,0
1440.0,0.33,3.7,67.2,20.200000000000003,87.0,2.6,8,compact,ridge,fair,1,0
360.0,0.05,9.4,66.10000000000001,5.2,90.0,2.1,2,compact,plain,excellent,1,0
810.0,0.52,7.0,67.0,22.700000000000003,91.0,,9,survey,plain,excellent,1,0
1570.0,1.05,3.7,76.7,24.5,89.0,4.1000000000000005,10,compact,ridge,excellent,1,1
2850.0,0.12,2.0,76.7,32.300000000000004,92.0,5.2,11,survey,vent,fair,1,0
2850.0,0.71,3.8,79.7,33.0,90.0,0.4,10,survey,vent,fair,1,0
660.0,0.47,7.1000000000000005,65.7,14.8,87.0,2.5,16,compact,plain,fair,0,0
4270.0,0.51,2.0,74.5,36.1,87.0,1.5,7,heavy,trench,good,1,0
4460.0,0.46,1.3,75.2,50.7,77.0,8.9,16,heavy,trench,poor,1,1
530.0,0.19,,67.7,17.5,83.0,0.8,26,survey,plain,fair,0,0
2500.0,0.5,0.5,,28.9,87.0,4.4,8,heavy,ridge,excellent,1,0
630.0,0.58,5.5,68.8,12.9,90.0,2.6,12,compact,plain,good,1,1
4530.0,0.24,4.2,74.4,38.2,97.0,3.4000000000000004,6,survey,trench,excellent,1,0
4660.0,0.43,1.7000000000000002,75.4,14.2,86.0,4.9,1,heavy,trench,excellent,1,1
440.0,0.29,5.6000000000000005,62.1,4.9,81.0,5.2,14,compact,plain,good,1,0
610.0,0.51,8.0,71.10000000000001,10.5,85.0,3.1,14,survey,plain,fair,1,1
1030.0,1.01,6.6000000000000005,76.5,12.2,91.0,4.5,10,survey,plain,excellent,1,0
710.0,0.13,5.7,62.5,3.3000000000000003,87.0,3.0,7,compact,plain,excellent,1,0
2810.0,0.14,0.6000000000000001,71.4,11.3,85.0,10.2,17,survey,trench,fair,1,0
900.0,0.17,4.5,60.0,9.4,80.0,3.4000000000000004,22,compact,plain,poor,0,0
1670.0,0.36,3.1,78.80000000000001,11.7,87.0,5.800000000000001,6,heavy,ridge,good,1,0
930.0,0.63,4.3,66.7,22.200000000000003,91.0,6.7,9,survey,plain,good,1,0
1820.0,0.52,3.4000000000000004,72.2,14.0,82.0,10.9,39,survey,ridge,poor,1,0
630.0,0.2,,,13.6,88.0,2.9000000000000004,7,compact,plain,good,0,0
4980.0,0.28,1.1,77.80000000000001,28.0,84.0,,9,heavy,trench,good,1,1
1890.0,1.07,3.9,80.7,48.5,86.0,1.7000000000000002,19,survey,vent,poor,1,1
2310.0,1.13,2.1,78.5,43.2,87.0,8.1,29,survey,ridge,poor,0,1
1680.0,0.87,4.5,80.80000000000001,27.5,73.0,3.9,45,survey,ridge,poor,1,1
1550.0,0.76,3.4000000000000004,76.60000000000001,14.6,92.0,4.0,11,survey,ridge,excellent,1,0
2250.0,0.33,2.3000000000000003,71.9,30.8,88.0,6.4,23,survey,ridge,fair,1,0
1000.0,0.51,3.3000000000000003,68.9,10.1,92.0,0.7000000000000001,8,survey,plain,excellent,1,0
770.0,0.55,6.5,66.60000000000001,8.9,86.0,5.800000000000001,15,survey,plain,fair,1,0
1650.0,0.8200000000000001,2.0,74.5,35.6,91.0,,8,survey,ridge,excellent,0,0
2750.0,0.3,1.9,74.0,29.3,93.0,1.6,14,survey,trench,excellent,1,0
950.0,0.29,3.6,64.5,5.5,84.0,2.3000000000000003,38,survey,plain,poor,1,0
3870.0,0.23,1.6,81.0,7.9,89.0,4.3,8,heavy,trench,excellent,1,0
3030.0,1.4,2.4000000000000004,91.7,56.7,91.0,4.7,5,heavy,vent,good,1,1
670.0,0.36,6.9,61.7,25.700000000000003,88.0,2.2,5,compact,plain,excellent,0,0
1170.0,0.7000000000000001,4.800000000000001,78.60000000000001,26.4,88.0,7.6,19,survey,ridge,good,0,0
2640.0,0.22,1.3,68.7,11.1,87.0,8.5,16,compact,trench,fair,1,1
4170.0,0.32,2.5,71.8,24.6,89.0,1.9,17,compact,trench,fair,1,1
620.0,0.22,6.300000000000001,61.8,4.9,83.0,,19,compact,plain,good,1,1
2770.0,0.48,1.8,73.0,36.6,,9.9,16,survey,ridge,good,0,0
4720.0,0.05,2.5,76.2,27.6,83.0,1.7000000000000002,17,heavy,trench,fair,1,0
3970.0,0.31,1.6,70.8,28.3,82.0,9.6,22,survey,trench,good,1,1
2870.0,0.25,3.8,82.2,23.200000000000003,81.0,12.2,17,heavy,vent,fair,1,1
1400.0,0.52,4.7,74.9,9.7,83.0,2.8000000000000003,28,survey,ridge,fair,1,0
2740.0,0.4,4.800000000000001,76.60000000000001,10.9,89.0,4.4,2,heavy,ridge,good,1,0
2600.0,0.25,2.2,74.10000000000001,38.2,89.0,4.5,16,survey,vent,good,0,0
1270.0,0.34,7.2,73.7,20.1,93.0,3.3000000000000003,17,survey,ridge,fair,1,0
3510.0,0.13,1.8,74.8,38.400000000000006,90.0,7.4,14,survey,trench,excellent,1,1
870.0,0.05,5.5,63.900000000000006,4.2,90.0,0.9,4,survey,plain,good,1,0
1380.0,0.19,4.2,64.8,17.3,85.0,3.9,14,survey,ridge,fair,0,0
640.0,0.74,6.4,67.9,22.200000000000003,87.0,5.9,7,compact,plain,good,1,0
1890.0,0.63,5.0,74.60000000000001,25.6,88.0,2.6,5,compact,ridge,,1,0
1150.0,0.78,3.5,71.5,39.900000000000006,94.0,1.9,5,survey,ridge,excellent,1,0
800.0,0.37,,73.9,6.2,87.0,9.7,2,heavy,plain,good,1,1
790.0,0.26,5.7,65.4,6.800000000000001,84.0,6.1000000000000005,13,survey,plain,good,1,0
770.0,0.15,6.7,68.60000000000001,9.5,87.0,8.9,22,survey,plain,fair,1,0
1880.0,0.42,1.7000000000000002,82.10000000000001,40.1,78.0,4.3,15,heavy,ridge,poor,1,0
1850.0,0.41,4.0,75.2,10.2,91.0,5.6000000000000005,11,survey,ridge,good,1,0
2640.0,0.37,2.1,,34.6,85.0,6.1000000000000005,10,heavy,vent,good,1,1
1710.0,1.21,2.3000000000000003,82.9,44.7,93.0,2.2,9,survey,ridge,excellent,1,0
4940.0,0.27,1.4,70.5,13.1,91.0,3.1,8,survey,trench,excellent,1,1
3260.0,0.16,0.9,76.5,34.1,83.0,7.4,5,heavy,trench,good,1,1
630.0,0.81,7.1000000000000005,61.1,19.4,89.0,2.9000000000000004,5,compact,plain,good,1,0
650.0,0.26,6.300000000000001,57.5,5.6000000000000005,86.0,0.5,10,compact,plain,good,1,0
670.0,0.71,5.2,70.0,24.8,91.0,3.1,7,survey,plain,good,1,0
750.0,0.44,4.800000000000001,64.10000000000001,4.0,87.0,2.5,10,compact,plain,fair,1,0
3440.0,0.77,1.8,85.60000000000001,33.1,81.0,9.4,16,heavy,trench,fair,1,1
3230.0,0.87,3.5,80.30000000000001,25.9,87.0,7.2,22,survey,vent,good,1,1
3900.0,0.29,2.4000000000000004,68.8,16.900000000000002,85.0,14.6,32,survey,trench,poor,1,1
710.0,0.25,6.300000000000001,66.9,16.3,,1.7000000000000002,23,survey,plain,fair,0,0
1030.0,0.14,3.4000000000000004,65.8,5.300000000000001,92.0,1.8,11,survey,plain,excellent,1,0
4010.0,0.13,2.4000000000000004,74.9,18.0,86.0,9.3,41,survey,trench,poor,1,0
1410.0,0.91,3.4000000000000004,72.8,31.9,87.0,3.5,10,compact,ridge,fair,1,1
1160.0,0.1,2.7,63.5,2.6,90.0,1.9,12,compact,ridge,fair,1,0
2240.0,0.37,4.2,76.7,31.1,91.0,6.9,6,heavy,ridge,excellent,1,0
1780.0,0.44,4.9,74.4,23.1,83.0,8.200000000000001,13,heavy,ridge,good,1,0
2500.0,0.99,1.4,79.60000000000001,30.3,80.0,2.6,12,heavy,ridge,good,1,1
1920.0,0.67,1.3,79.2,49.0,80.0,3.1,19,compact,ridge,fair,1,1
4810.0,0.09,1.4,76.0,,91.0,2.1,6,survey,trench,excellent,1,0
360.0,0.37,10.5,68.3,10.5,88.0,7.4,21,survey,plain,excellent,1,1
4840.0,0.72,3.4000000000000004,80.5,32.300000000000004,95.0,1.3,11,survey,trench,excellent,1,1
710.0,0.03,6.4,62.8,5.2,94.0,6.300000000000001,7,survey,plain,good,1,1
570.0,0.2,6.5,62.8,19.200000000000003,87.0,1.6,14,compact,plain,good,0,0
3950.0,0.36,,74.7,10.7,88.0,6.2,6,heavy,trench,good,1,0
480.0,0.32,7.5,59.400000000000006,3.3000000000000003,91.0,3.5,10,compact,plain,good,1,0
1800.0,0.77,1.6,76.0,27.5,89.0,8.700000000000001,7,heavy,ridge,excellent,1,0
890.0,0.48,5.6000000000000005,69.8,10.4,83.0,3.2,26,survey,plain,fair,1,0
700.0,0.11,6.300000000000001,61.7,3.6,88.0,1.4,5,compact,plain,,1,0
2180.0,0.34,2.1,75.4,19.6,94.0,1.8,10,survey,vent,good,1,0
2800.0,0.19,2.2,74.2,52.3,97.0,2.2,3,survey,vent,excellent,0,0
1940.0,,2.3000000000000003,68.7,13.2,79.0,4.6000000000000005,28,compact,ridge,fair,1,1
620.0,0.26,7.1000000000000005,66.2,5.1000000000000005,87.0,3.9,9,compact,plain,good,1,0
2420.0,0.72,4.7,85.10000000000001,23.6,86.0,7.300000000000001,3,heavy,vent,good,1,1
590.0,0.07,7.6,63.0,3.6,87.0,11.8,17,survey,plain,fair,1,1
2250.0,0.43,0.8,76.3,21.6,89.0,4.2,19,survey,ridge,good,1,0
3200.0,0.1,,77.0,41.8,80.0,3.6,20,heavy,ridge,poor,1,0
2770.0,0.23,2.7,85.60000000000001,20.9,90.0,6.2,1,heavy,vent,excellent,1,0
2850.0,0.37,0.6000000000000001,78.30000000000001,31.700000000000003,92.0,5.7,3,heavy,trench,excellent,1,0
630.0,0.14,7.4,58.8,7.4,88.0,3.6,17,compact,plain,good,1,0
1220.0,0.19,5.4,65.7,4.3,97.0,1.3,6,survey,plain,excellent,1,0
2790.0,0.53,3.1,77.2,49.6,95.0,7.0,7,survey,ridge,excellent,1,0
3400.0,0.19,3.5,74.8,17.6,89.0,7.4,20,survey,vent,good,1,0
2190.0,0.28,2.5,73.4,20.3,84.0,17.3,33,survey,vent,fair,1,0
3640.0,0.34,,78.80000000000001,38.400000000000006,82.0,7.800000000000001,15,heavy,trench,poor,1,1
910.0,0.08,5.1000000000000005,64.3,4.7,90.0,4.6000000000000005,6,survey,plain,good,1,0
520.0,0.17,5.0,60.5,2.9000000000000004,86.0,0.4,12,compact,plain,good,1,0
740.0,0.34,5.9,72.4,10.1,87.0,2.2,6,heavy,plain,,1,1
1090.0,0.17,3.4000000000000004,67.60000000000001,7.800000000000001,87.0,7.0,28,survey,plain,fair,1,0
1940.0,0.32,3.7,75.0,25.700000000000003,86.0,9.4,26,survey,vent,fair,1,0
1910.0,0.54,2.4000000000000004,72.0,5.0,86.0,5.2,5,heavy,ridge,fair,1,0
1750.0,0.37,,73.7,22.3,92.0,1.4,12,survey,ridge,good,1,0
2170.0,1.06,3.8,84.30000000000001,57.1,88.0,4.0,5,survey,vent,good,0,1
510.0,0.66,8.4,69.2,15.6,84.0,4.7,26,survey,plain,fair,1,0
690.0,0.46,6.2,68.9,17.6,90.0,3.9,5,compact,plain,excellent,1,0
4120.0,0.51,1.9,83.10000000000001,68.2,91.0,2.6,9,heavy,trench,excellent,0,1
610.0,0.05,10.1,60.0,1.7000000000000002,87.0,6.1000000000000005,13,survey,plain,excellent,1,0
2260.0,0.26,2.0,75.2,11.2,89.0,5.4,15,survey,ridge,excellent,1,0
860.0,0.32,3.2,66.10000000000001,3.7,95.0,1.5,6,survey,plain,excellent,1,0
1530.0,0.29,4.0,70.7,24.5,82.0,7.300000000000001,16,heavy,ridge,good,1,0
820.0,0.15,5.5,60.8,21.1,99.0,5.2,1,compact,plain,excellent,0,1
1330.0,0.64,2.7,,34.1,94.0,2.7,2,survey,ridge,excellent,1,0
1680.0,0.56,2.4000000000000004,73.2,30.4,92.0,2.4000000000000004,12,survey,ridge,good,0,0
3530.0,0.05,-0.2,70.8,17.6,95.0,4.800000000000001,6,survey,trench,excellent,1,0
4550.0,0.14,2.5,82.10000000000001,12.3,88.0,2.5,0,heavy,trench,excellent,1,1
900.0,0.2,3.9,64.5,2.3000000000000003,89.0,5.300000000000001,20,survey,plain,good,1,0
810.0,0.4,6.300000000000001,65.8,2.5,94.0,4.1000000000000005,8,survey,plain,excellent,1,0
2160.0,0.38,4.5,74.5,15.1,93.0,2.5,3,compact,vent,excellent,0,1
510.0,0.16,10.5,58.3,11.5,84.0,3.0,17,compact,plain,good,1,0
1170.0,0.99,3.6,,59.0,88.0,5.1000000000000005,10,compact,plain,good,0,0
1900.0,0.67,2.5,76.2,21.3,92.0,6.800000000000001,15,survey,ridge,excellent,1,0
4320.0,0.02,1.7000000000000002,72.5,26.0,86.0,3.6,8,heavy,vent,good,1,0
360.0,0.5,9.1,66.5,5.6000000000000005,81.0,3.2,16,compact,plain,good,1,0
4240.0,0.11,0.7000000000000001,71.5,19.0,77.0,4.3,40,survey,trench,poor,0,1
880.0,0.28,,63.3,8.5,94.0,7.6,4,compact,plain,excellent,1,0
3990.0,0.16,1.1,75.7,62.0,97.0,1.8,3,survey,trench,good,0,0
2650.0,0.64,3.8,82.2,52.8,83.0,15.7,17,heavy,vent,good,1,1
680.0,0.67,5.5,72.3,24.0,88.0,8.1,22,survey,plain,good,1,0
1200.0,0.24,5.2,68.9,37.4,84.0,10.3,31,survey,plain,poor,0,0
560.0,0.5700000000000001,3.0,63.3,8.8,91.0,4.2,11,compact,plain,good,1,0
400.0,0.29,6.4,60.900000000000006,10.0,88.0,4.4,6,compact,plain,excellent,1,0
3140.0,0.2,3.4000000000000004,80.0,15.9,84.0,1.4,18,survey,vent,good,1,0
2610.0,0.24,2.0,,9.0,88.0,2.0,6,heavy,vent,excellent,1,0
3540.0,0.41,1.0,75.4,37.7,92.0,2.3000000000000003,24,survey,trench,good,0,1
3330.0,0.72,1.3,81.80000000000001,52.5,84.0,3.7,4,heavy,vent,good,0,1
4160.0,0.3,2.1,79.0,35.7,79.0,17.7,23,heavy,trench,poor,1,1
4270.0,0.22,3.2,80.9,4.9,86.0,7.2,6,heavy,trench,fair,1,1
5000.0,0.45,0.2,,7.7,92.0,3.6,8,survey,trench,excellent,1,1
890.0,0.36,5.5,68.3,8.3,89.0,1.2000000000000002,8,compact,ridge,good,1,0
1870.0,0.88,2.0,78.60000000000001,32.2,93.0,1.7000000000000002,2,heavy,ridge,excellent,1,0
2210.0,0.36,1.5,75.5,33.2,90.0,8.200000000000001,15,survey,ridge,good,1,0
960.0,0.41,4.0,71.4,18.5,95.0,3.2,0,survey,plain,excellent,1,0
6200.0,0.11,,85.9,21.3,88.0,7.9,10,heavy,trench,good,1,1
1310.0,0.66,3.0,72.7,,91.0,2.6,4,survey,ridge,excellent,1,0
2070.0,0.41,2.9000000000000004,74.8,16.3,88.0,18.0,17,survey,ridge,fair,1,0
610.0,0.17,6.0,62.8,4.1000000000000005,84.0,0.8,6,compact,plain,good,1,0
680.0,0.14,4.9,64.3,28.4,82.0,5.5,20,compact,plain,poor,0,1
630.0,0.36,7.800000000000001,72.2,11.2,86.0,6.800000000000001,5,heavy,plain,excellent,1,1
530.0,0.14,7.800000000000001,58.900000000000006,7.6,86.0,7.0,10,compact,plain,excellent,1,1
610.0,0.34,7.2,63.2,9.0,87.0,7.4,18,compact,plain,good,0,0
440.0,0.43,7.9,63.2,8.3,90.0,1.2000000000000002,7,compact,plain,good,1,0
1090.0,0.36,3.5,67.8,28.8,93.0,,4,compact,ridge,excellent,0,0
2200.0,0.5700000000000001,4.1000000000000005,72.4,14.9,91.0,3.4000000000000004,10,survey,ridge,excellent,1,0
640.0,0.19,8.5,54.7,7.0,80.0,7.4,18,compact,plain,fair,1,0
1090.0,0.42,3.5,69.7,15.9,84.0,3.4000000000000004,18,survey,plain,good,1,0
4080.0,0.37,2.3000000000000003,73.8,12.7,86.0,5.1000000000000005,26,survey,trench,fair,0,1
3530.0,0.48,0.6000000000000001,76.9,25.9,84.0,3.7,17,heavy,trench,fair,1,1
2510.0,0.62,4.5,77.0,42.0,91.0,2.1,6,survey,vent,excellent,1,0
3450.0,0.23,1.5,75.10000000000001,20.200000000000003,91.0,2.3000000000000003,7,compact,trench,excellent,1,0
4600.0,0.46,2.7,78.5,17.400000000000002,89.0,2.4000000000000004,2,heavy,trench,excellent,1,0
1380.0,0.16,3.6,73.0,10.7,89.0,8.1,26,survey,ridge,fair,1,1
1430.0,1.49,3.3000000000000003,78.30000000000001,,84.0,4.5,14,survey,ridge,good,1,1
3750.0,0.24,1.1,79.60000000000001,32.0,87.0,1.9,1,heavy,trench,good,0,0
640.0,0.18,6.1000000000000005,59.900000000000006,3.7,84.0,1.5,13,compact,plain,excellent,1,0
750.0,0.41,7.0,65.0,15.1,93.0,2.1,3,survey,plain,good,1,1
3230.0,0.96,3.5,83.4,34.1,94.0,1.1,9,survey,vent,excellent,1,1
790.0,0.14,7.300000000000001,65.5,8.3,93.0,4.1000000000000005,6,survey,plain,excellent,1,0
760.0,0.35,7.2,68.7,7.2,80.0,0.9,15,compact,plain,fair,0,0
3680.0,0.37,0.3,79.9,16.5,90.0,3.0,4,heavy,trench,good,1,0
4180.0,0.54,0.4,78.80000000000001,12.6,82.0,9.8,21,heavy,trench,fair,1,1
1650.0,0.2,3.3000000000000003,66.60000000000001,7.4,84.0,6.1000000000000005,21,compact,ridge,poor,1,0
4040.0,0.37,1.1,82.10000000000001,10.5,78.0,4.3,11,heavy,trench,fair,1,1
700.0,0.39,6.9,63.0,,84.0,3.6,27,survey,plain,fair,1,0
2280.0,0.35,3.2,80.4,31.3,87.0,11.0,6,heavy,vent,excellent,1,1
700.0,0.07,8.4,64.2,2.8000000000000003,84.0,6.4,15,compact,plain,fair,1,0
4780.0,0.24,2.5,79.2,15.3,92.0,8.8,14,survey,trench,good,1,1
650.0,0.19,8.3,64.10000000000001,19.200000000000003,89.0,3.9,12,survey,plain,good,0,0
1540.0,0.9,4.0,78.60000000000001,50.6,91.0,4.7,5,survey,ridge,excellent,1,1
590.0,0.36,10.1,69.10000000000001,12.8,91.0,2.2,11,survey,plain,excellent,1,0
2730.0,0.31,2.6,75.5,8.1,95.0,10.6,6,survey,ridge,excellent,1,1
1380.0,0.56,3.5,74.8,23.4,83.0,3.6,8,heavy,ridge,good,1,0
2790.0,0.39,0.7000000000000001,79.2,11.3,83.0,1.2000000000000002,17,heavy,ridge,fair,1,1
630.0,0.24,5.5,65.5,17.6,72.0,6.800000000000001,33,compact,plain,poor,0,0
2260.0,0.74,1.3,,39.400000000000006,97.0,1.9,9,survey,vent,excellent,1,0
4290.0,0.21,3.0,76.9,34.6,91.0,5.0,13,survey,trench,good,1,0
3420.0,0.1,1.9,74.60000000000001,14.8,93.0,3.6,8,survey,trench,good,1,0
5300.0,0.1,1.4,75.2,18.5,88.0,2.3000000000000003,5,heavy,trench,good,1,0
2880.0,1.04,1.5,81.2,77.60000000000001,91.0,5.4,9,survey,ridge,excellent,1,1
610.0,0.55,7.4,66.3,9.3,81.0,2.6,18,compact,plain,fair,1,0
1300.0,0.92,3.4000000000000004,77.5,64.10000000000001,93.0,2.2,0,survey,ridge,excellent,1,1
1520.0,0.36,2.6,75.9,48.5,87.0,9.4,6,survey,ridge,excellent,0,0
2140.0,0.85,1.5,76.80000000000001,19.0,95.0,1.1,9,survey,ridge,excellent,1,0
1950.0,0.58,2.9000000000000004,75.9,65.8,84.0,3.9,29,survey,ridge,fair,0,1
790.0,0.16,6.9,65.7,11.4,89.0,6.4,5,compact,plain,good,1,0
900.0,0.07,4.7,65.10000000000001,1.7000000000000002,91.0,1.1,15,survey,plain,fair,1,1
570.0,0.08,9.4,59.5,7.1000000000000005,87.0,1.0,9,compact,plain,fair,0,1
2040.0,0.58,,67.9,33.0,87.0,5.0,23,survey,ridge,fair,1,0
860.0,0.51,5.0,69.8,9.7,83.0,3.6,14,survey,plain,good,1,0
3270.0,0.49,3.9,80.0,31.1,85.0,13.6,12,heavy,vent,fair,1,1
2390.0,0.99,3.8,78.7,48.1,88.0,3.8,16,survey,vent,good,1,1
430.0,0.49,10.4,60.900000000000006,6.5,84.0,6.2,17,compact,plain,fair,1,0
750.0,0.51,5.7,72.8,39.3,86.0,2.1,8,heavy,plain,excellent,0,1
700.0,0.23,7.0,67.8,5.2,97.0,2.3000000000000003,7,survey,plain,excellent,1,1
730.0,0.5,7.800000000000001,70.8,23.8,94.0,4.7,13,survey,plain,excellent,0,0
3520.0,0.27,2.3000000000000003,82.0,23.200000000000003,85.0,9.1,9,heavy,trench,good,1,0
4760.0,0.38,2.1,77.2,21.9,84.0,6.1000000000000005,28,survey,trench,fair,1,1
3400.0,1.05,1.4,77.9,50.400000000000006,85.0,2.8000000000000003,14,survey,ridge,good,1,1
530.0,0.28,11.2,61.7,12.9,86.0,2.6,4,compact,plain,good,0,0
2570.0,0.13,2.2,70.9,14.2,78.0,12.0,16,heavy,ridge,fair,1,0
550.0,0.05,10.1,62.2,21.0,85.0,2.6,32,survey,plain,fair,0,1
1800.0,0.34,1.6,71.7,32.9,88.0,3.8,19,survey,ridge,excellent,1,0
1660.0,0.35,2.5,74.9,10.1,82.0,9.8,15,heavy,ridge,good,1,1
2280.0,0.5,3.1,76.4,24.9,92.0,4.800000000000001,14,survey,ridge,good,1,0
5410.0,0.18,1.2000000000000002,82.10000000000001,45.5,86.0,8.8,7,heavy,trench,,1,1
1400.0,0.71,4.0,80.7,34.9,93.0,2.5,8,survey,ridge,excellent,1,0
690.0,0.54,6.2,67.3,6.1000000000000005,86.0,1.5,13,compact,plain,good,1,0
350.0,0.25,8.3,58.5,1.8,90.0,3.3000000000000003,11,compact,plain,excellent,1,0
840.0,0.18,6.300000000000001,73.2,6.2,84.0,4.2,28,survey,plain,,1,0
560.0,0.34,6.0,65.9,9.0,86.0,1.2000000000000002,15,compact,plain,fair,1,0
710.0,0.15,6.0,71.4,13.9,83.0,3.1,8,heavy,plain,fair,1,1
880.0,0.12,4.4,65.8,3.7,85.0,11.6,30,survey,plain,fair,1,0
1070.0,0.24,5.5,62.7,7.7,,2.5,13,compact,plain,excellent,0,0
3550.0,0.6900000000000001,3.1,82.10000000000001,66.0,92.0,1.6,13,survey,trench,fair,1,1
2130.0,0.27,3.4000000000000004,69.5,10.0,86.0,1.9,7,compact,ridge,fair,1,0
3340.0,0.26,2.3000000000000003,82.7,12.8,86.0,4.800000000000001,3,heavy,vent,excellent,1,0
930.0,0.49,4.7,69.7,9.6,87.0,2.2,26,survey,plain,good,1,0
580.0,0.38,7.1000000000000005,61.2,4.800000000000001,87.0,3.0,13,compact,plain,excellent,1,0
1570.0,0.33,5.300000000000001,71.4,18.4,88.0,1.5,15,survey,ridge,good,0,0
1960.0,0.89,3.8,84.9,45.7,89.0,5.2,7,heavy,vent,excellent,1,1
910.0,0.11,6.0,69.8,5.5,84.0,4.2,11,heavy,plain,fair,1,0
500.0,0.63,8.8,72.0,24.1,89.0,3.9,6,compact,plain,excellent,1,1
750.0,0.08,7.0,59.1,5.300000000000001,92.0,6.4,3,compact,plain,excellent,1,0
2170.0,0.51,4.1000000000000005,73.2,15.4,85.0,3.4000000000000004,23,compact,vent,fair,1,1
520.0,0.27,5.800000000000001,60.8,19.0,86.0,3.2,18,compact,plain,poor,0,0
3820.0,1.23,3.2,87.60000000000001,77.30000000000001,82.0,3.5,8,heavy,vent,good,0,1
460.0,0.31,7.4,63.8,5.9,88.0,2.0,8,compact,plain,good,1,0
1040.0,0.93,5.7,70.4,21.6,89.0,2.3000000000000003,29,survey,plain,fair,1,0
4600.0,0.16,0.8,79.0,17.1,84.0,9.8,11,heavy,trench,good,1,1
1810.0,0.56,3.3000000000000003,65.10000000000001,29.6,86.0,5.1000000000000005,21,compact,ridge,poor,0,0
2240.0,0.5700000000000001,5.4,73.3,44.2,93.0,3.9,11,survey,trench,good,1,0
2620.0,0.23,2.9000000000000004,75.60000000000001,71.3,91.0,2.0,10,survey,trench,good,0,1
590.0,0.4,7.800000000000001,66.0,5.2,90.0,6.4,9,survey,plain,fair,1,0
2730.0,0.06,0.2,77.5,18.1,84.0,4.1000000000000005,8,heavy,trench,good,1,0
680.0,0.12,6.7,55.7,11.7,93.0,4.9,7,compact,plain,good,0,0
680.0,0.21,7.0,66.5,10.6,85.0,3.5,16,survey,plain,excellent,1,0
1350.0,1.01,5.1000000000000005,69.60000000000001,6.7,81.0,4.5,15,compact,ridge,poor,1,1
1830.0,0.6,3.5,82.5,17.5,85.0,2.7,2,heavy,ridge,excellent,1,0
3040.0,0.6900000000000001,2.7,80.7,45.3,87.0,8.5,25,survey,vent,good,1,1
1300.0,0.35,3.9,68.60000000000001,21.5,83.0,2.0,29,survey,ridge,fair,1,0
810.0,0.7000000000000001,6.1000000000000005,72.4,12.2,91.0,2.6,5,survey,plain,fair,1,0
590.0,0.37,4.9,69.2,9.2,89.0,1.7000000000000002,9,survey,plain,good,1,0
3700.0,0.5700000000000001,0.8,78.5,27.0,85.0,6.2,7,heavy,trench,good,1,1
1460.0,0.09,2.1,70.4,16.5,,1.2000000000000002,11,survey,ridge,good,1,0
2940.0,0.48,3.0,81.9,44.900000000000006,90.0,4.9,20,survey,vent,good,1,0
3760.0,0.18,1.9,77.80000000000001,14.3,81.0,5.1000000000000005,11,heavy,trench,fair,1,0
1740.0,0.2,2.6,73.10000000000001,16.7,82.0,1.4,35,survey,ridge,fair,1,1
1630.0,0.67,2.8000000000000003,70.4,30.1,87.0,4.5,10,compact,ridge,excellent,1,0
2070.0,0.56,2.3000000000000003,70.4,25.8,92.0,6.1000000000000005,10,survey,ridge,excellent,1,0
1600.0,0.35,2.5,77.4,69.9,84.0,5.6000000000000005,4,heavy,ridge,good,0,1
3510.0,0.36,0.8,84.0,48.2,83.0,3.6,9,heavy,vent,good,1,1
2070.0,0.44,2.2,85.9,27.3,87.0,4.1000000000000005,4,heavy,vent,good,1,0
3280.0,0.11,3.1,81.30000000000001,23.8,85.0,8.8,9,heavy,trench,excellent,0,1
980.0,0.34,4.800000000000001,74.2,12.0,86.0,6.800000000000001,16,heavy,plain,fair,1,1
410.0,0.48,8.3,65.60000000000001,12.1,80.0,3.6,19,compact,plain,good,1,0
1180.0,0.95,4.1000000000000005,76.10000000000001,44.1,91.0,9.2,12,survey,ridge,good,1,1
1770.0,0.55,2.4000000000000004,78.80000000000001,36.2,82.0,4.0,30,survey,ridge,fair,0,0
780.0,0.33,4.4,68.8,5.5,90.0,3.6,11,survey,plain,excellent,1,0
1940.0,0.39,3.0,80.0,30.200000000000003,90.0,6.2,15,survey,ridge,good,1,0
530.0,0.03,5.5,62.400000000000006,3.7,87.0,6.0,7,compact,plain,good,1,0
3770.0,0.15,1.0,70.7,20.700000000000003,85.0,3.0,17,survey,trench,fair,1,0
770.0,0.31,5.7,69.60000000000001,10.1,88.0,4.2,22,survey,plain,fair,1,0
2890.0,0.35,1.5,77.7,17.6,83.0,2.3000000000000003,20,survey,trench,good,1,1
1320.0,0.35,2.5,71.0,13.3,84.0,0.5,13,survey,ridge,good,1,1
1730.0,0.43,2.7,70.0,15.6,90.0,7.2,19,survey,ridge,good,1,0
1850.0,0.94,4.5,74.3,21.700000000000003,74.0,12.0,44,survey,ridge,poor,0,1
2110.0,0.72,3.4000000000000004,75.0,8.8,89.0,4.7,16,survey,ridge,good,1,0
4410.0,0.54,1.8,80.0,25.3,96.0,1.7000000000000002,7,survey,trench,good,1,1
1880.0,1.02,2.6,80.4,51.6,87.0,6.2,13,survey,ridge,good,1,1
650.0,0.02,7.2,59.3,6.5,89.0,3.4000000000000004,12,compact,plain,excellent,1,0
4870.0,0.55,2.6,,25.6,87.0,3.8,6,heavy,trench,good,1,1
580.0,0.12,6.6000000000000005,61.6,20.5,86.0,2.9000000000000004,17,compact,plain,poor,0,0
4440.0,0.36,2.3000000000000003,83.7,20.0,86.0,8.5,10,heavy,vent,excellent,1,1
,0.03,2.7,72.5,14.8,92.0,1.2000000000000002,5,survey,trench,excellent,1,0
2990.0,0.11,2.8000000000000003,75.10000000000001,29.200000000000003,83.0,3.8,6,heavy,trench,good,0,0
2230.0,0.25,1.6,68.0,26.700000000000003,89.0,2.1,1,compact,ridge,good,1,0
5510.0,0.27,2.2,76.3,26.8,95.0,6.6000000000000005,5,survey,trench,excellent,1,1
6130.0,0.02,3.3000000000000003,83.7,25.6,87.0,1.8,6,heavy,trench,good,1,0
2250.0,0.21,,79.0,15.4,88.0,2.6,5,heavy,ridge,excellent,1,0
660.0,0.5,5.300000000000001,69.5,12.5,84.0,2.6,11,compact,plain,good,1,0
1150.0,0.5700000000000001,4.9,71.7,31.6,93.0,2.7,11,survey,ridge,good,1,0
980.0,0.27,3.4000000000000004,67.4,12.6,84.0,4.3,6,heavy,plain,good,1,0
480.0,0.42,8.700000000000001,65.9,1.6,89.0,10.4,16,survey,plain,excellent,1,1
1950.0,1.35,3.0,85.60000000000001,52.3,90.0,9.6,15,survey,ridge,good,1,1
2040.0,0.22,1.2000000000000002,70.8,28.0,84.0,0.7000000000000001,8,compact,ridge,excellent,1,0
2720.0,1.0,3.4000000000000004,79.30000000000001,59.7,88.0,3.0,13,compact,vent,good,1,1
1170.0,0.41,3.6,72.8,10.4,80.0,9.7,15,heavy,plain,fair,1,0
1720.0,0.79,3.4000000000000004,75.8,37.7,92.0,4.9,11,survey,ridge,excellent,1,0
3290.0,0.39,1.2000000000000002,77.7,23.700000000000003,89.0,4.1000000000000005,5,heavy,trench,excellent,1,0
650.0,0.2,6.300000000000001,64.0,10.7,96.0,3.4000000000000004,4,survey,plain,excellent,0,1
1720.0,0.85,2.2,73.9,6.300000000000001,92.0,4.2,5,compact,ridge,good,1,0
1750.0,0.8300000000000001,1.9,73.7,32.5,86.0,3.4000000000000004,14,compact,ridge,fair,1,0
980.0,0.52,6.6000000000000005,73.7,37.4,90.0,4.800000000000001,7,compact,vent,excellent,1,0
430.0,0.24,10.1,62.900000000000006,7.300000000000001,86.0,8.1,2,compact,plain,excellent,1,0
550.0,0.77,7.5,70.7,19.9,89.0,3.7,16,compact,plain,good,0,0
3460.0,0.65,1.6,73.60000000000001,24.4,86.0,3.9,16,survey,trench,good,1,1
510.0,0.3,8.0,63.0,5.1000000000000005,92.0,2.9000000000000004,9,compact,plain,excellent,1,0
500.0,0.31,9.3,62.2,5.9,99.0,3.5,11,survey,plain,excellent,1,0
1920.0,0.9,2.8000000000000003,72.0,18.0,83.0,5.6000000000000005,14,compact,ridge,good,1,1
2800.0,0.27,2.7,78.9,22.3,92.0,7.5,10,survey,vent,good,1,1
280.0,0.05,13.3,61.6,4.9,93.0,2.1,4,compact,plain,excellent,1,0
1220.0,0.46,3.2,69.8,14.0,93.0,2.8000000000000003,8,survey,plain,excellent,1,0
2370.0,0.48,2.5,70.60000000000001,16.1,92.0,2.6,10,survey,ridge,good,1,0
570.0,0.15,5.1000000000000005,63.400000000000006,5.5,91.0,4.6000000000000005,19,survey,plain,fair,1,1
2420.0,0.29,4.0,71.7,22.700000000000003,89.0,5.0,15,survey,vent,excellent,1,0
2710.0,0.92,3.2,81.9,39.400000000000006,91.0,3.7,20,survey,vent,fair,1,1
660.0,0.1,7.0,60.6,14.8,78.0,4.5,33,compact,plain,poor,0,0
1470.0,0.65,4.2,76.9,16.7,87.0,6.9,13,survey,ridge,good,1,0
3550.0,1.15,2.8000000000000003,82.80000000000001,64.4,92.0,6.300000000000001,10,survey,vent,excellent,1,1
590.0,0.47,7.5,74.8,11.1,,1.4,11,survey,plain,excellent,1,0
1180.0,0.77,4.800000000000001,71.10000000000001,24.200000000000003,92.0,1.3,7,compact,ridge,excellent,1,0
1280.0,0.14,4.7,66.8,11.4,93.0,2.7,14,survey,plain,good,1,0
650.0,0.11,5.7,56.6,32.0,87.0,4.2,5,compact,plain,excellent,0,0
810.0,0.31,6.1000000000000005,68.9,4.1000000000000005,92.0,1.6,8,survey,plain,excellent,1,0
840.0,0.21,4.1000000000000005,66.2,5.300000000000001,96.0,2.4000000000000004,2,survey,plain,excellent,1,0
1710.0,0.96,2.1,80.0,58.1,92.0,4.2,10,survey,ridge,good,1,0
1700.0,0.67,-0.1,68.4,5.4,92.0,5.5,2,compact,ridge,excellent,1,0
2470.0,0.29,1.4,73.3,27.700000000000003,90.0,8.4,17,survey,ridge,good,1,0
6010.0,0.27,-0.1,78.9,38.7,80.0,4.1000000000000005,11,heavy,trench,poor,1,1
880.0,0.73,5.7,72.0,34.300000000000004,88.0,5.2,8,compact,ridge,good,1,0
1620.0,0.47,4.4,74.4,6.6000000000000005,91.0,8.6,7,survey,ridge,good,1,0
970.0,0.36,5.6000000000000005,63.5,3.7,90.0,3.7,5,survey,plain,good,1,0
3590.0,0.52,1.7000000000000002,69.9,,88.0,2.2,4,compact,trench,good,1,1
650.0,0.16,6.7,63.0,7.9,89.0,2.5,5,compact,plain,good,1,0
1170.0,0.89,4.800000000000001,75.4,33.1,86.0,2.8000000000000003,36,survey,ridge,poor,0,0
1000.0,0.17,5.800000000000001,67.0,7.800000000000001,87.0,5.1000000000000005,19,survey,plain,good,1,0
2140.0,1.02,3.0,77.80000000000001,46.0,91.0,6.4,13,survey,ridge,good,1,1
410.0,0.2,8.1,61.400000000000006,3.7,90.0,1.8,3,compact,plain,excellent,1,0
370.0,0.09,6.800000000000001,59.6,2.6,88.0,3.4000000000000004,7,compact,plain,good,1,1
360.0,0.18,7.800000000000001,62.3,9.7,89.0,4.0,9,compact,plain,excellent,1,0
1370.0,1.04,3.3000000000000003,72.10000000000001,24.0,91.0,2.4000000000000004,7,compact,ridge,good,1,0
3030.0,0.16,2.2,,17.3,91.0,,17,survey,trench,excellent,1,0
1360.0,0.35,0.8,70.5,8.6,86.0,3.4000000000000004,20,survey,ridge,fair,1,0
4820.0,0.37,1.9,77.10000000000001,18.1,86.0,5.7,6,heavy,trench,good,1,1
2430.0,0.77,3.1,78.60000000000001,25.0,88.0,2.5,8,compact,vent,fair,1,1
2900.0,0.32,1.2000000000000002,78.2,30.0,83.0,3.1,7,heavy,trench,good,1,0
3210.0,0.41,3.7,77.10000000000001,25.8,87.0,9.8,18,survey,trench,good,1,0
740.0,0.64,6.0,63.8,8.1,87.0,4.0,13,compact,plain,excellent,1,0
840.0,0.6900000000000001,6.1000000000000005,72.10000000000001,12.5,88.0,9.0,4,heavy,plain,excellent,1,1
1180.0,0.46,3.7,72.2,18.4,92.0,10.7,4,survey,ridge,excellent,1,1
410.0,0.45,9.7,,14.4,91.0,1.4,12,compact,plain,fair,1,0
2910.0,0.54,3.9,71.3,16.2,89.0,2.1,10,compact,trench,excellent,1,0
2640.0,0.37,1.3,72.9,7.7,86.0,6.1000000000000005,4,compact,trench,excellent,1,0
1800.0,0.71,1.2000000000000002,72.10000000000001,27.3,93.0,4.1000000000000005,6,compact,ridge,excellent,1,0
1900.0,0.22,3.9,74.10000000000001,19.8,89.0,2.7,18,survey,ridge,poor,1,0
710.0,0.15,6.0,63.3,4.4,90.0,3.1,9,compact,plain,excellent,1,0
2720.0,0.14,1.5,73.0,26.9,87.0,3.4000000000000004,20,survey,trench,good,1,0
1540.0,0.21,2.7,75.0,12.5,92.0,5.9,7,survey,ridge,excellent,1,0
3450.0,0.79,3.2,79.2,43.3,87.0,4.5,13,survey,vent,excellent,1,1
5140.0,0.27,1.2000000000000002,82.80000000000001,46.3,84.0,1.5,7,heavy,trench,excellent,1,1
2070.0,0.3,3.1,66.4,,83.0,4.2,19,compact,ridge,good,1,0
620.0,0.35,8.0,69.60000000000001,,84.0,7.9,6,heavy,plain,good,1,1
1730.0,0.81,0.7000000000000001,77.9,,87.0,1.7000000000000002,13,compact,vent,excellent,0,1
630.0,0.28,4.9,64.0,12.5,85.0,2.7,12,compact,plain,good,0,0
4410.0,0.17,1.3,78.30000000000001,15.7,84.0,5.7,5,heavy,trench,excellent,1,0
780.0,0.09,6.0,68.5,4.5,89.0,3.9,19,survey,plain,good,1,0
450.0,0.56,8.8,65.10000000000001,4.1000000000000005,85.0,3.8,5,compact,plain,good,1,0
1210.0,0.29,3.9,68.8,12.6,86.0,1.4,30,survey,ridge,fair,0,0
1040.0,0.46,4.7,73.3,23.700000000000003,88.0,5.0,6,heavy,plain,excellent,0,0
1050.0,0.23,6.5,63.0,6.2,87.0,3.3000000000000003,14,compact,plain,fair,1,0
2290.0,0.4,4.3,81.10000000000001,17.8,83.0,2.9000000000000004,15,heavy,vent,fair,1,0
1890.0,0.25,1.2000000000000002,72.60000000000001,7.4,93.0,2.1,7,survey,ridge,excellent,1,0
2330.0,0.04,4.1000000000000005,73.8,17.2,97.0,1.1,4,survey,vent,excellent,1,0
2720.0,0.47,4.3,84.80000000000001,26.700000000000003,88.0,2.1,5,heavy,vent,excellent,1,0
4060.0,0.43,4.800000000000001,81.30000000000001,69.0,88.0,7.800000000000001,12,heavy,vent,good,0,1
2120.0,0.18,2.9000000000000004,70.7,21.1,91.0,5.7,10,survey,ridge,fair,1,0
990.0,0.25,5.0,62.400000000000006,20.5,80.0,2.6,10,compact,plain,good,0,0
1540.0,0.2,2.1,69.60000000000001,15.8,86.0,1.1,9,compact,ridge,good,1,0
1790.0,1.18,3.9,80.5,19.8,88.0,13.5,11,heavy,ridge,good,1,1
3930.0,0.31,0.6000000000000001,80.9,21.700000000000003,81.0,5.9,15,heavy,trench,fair,1,1
590.0,0.18,9.0,62.400000000000006,5.5,95.0,1.4,7,survey,plain,excellent,1,0
1900.0,0.08,3.1,66.2,5.9,88.0,11.8,16,survey,ridge,good,1,1
700.0,0.21,7.9,64.3,6.800000000000001,89.0,3.8,16,survey,plain,fair,1,0
730.0,0.6,5.9,67.8,11.7,89.0,2.9000000000000004,4,compact,plain,good,1,0
760.0,0.05,5.800000000000001,66.3,9.0,83.0,1.4,8,compact,ridge,excellent,1,0
320.0,0.42,4.1000000000000005,61.2,7.7,88.0,,10,compact,plain,good,0,0
1370.0,0.6900000000000001,3.2,70.2,26.9,92.0,1.7000000000000002,6,compact,ridge,excellent,1,0
1640.0,0.44,2.8000000000000003,,21.0,,1.9,11,survey,ridge,fair,1,0
1860.0,0.89,3.9,72.7,39.1,90.0,4.2,6,compact,ridge,excellent,1,0
5380.0,0.71,2.9000000000000004,81.4,26.700000000000003,80.0,14.0,17,heavy,trench,good,1,1
3210.0,0.85,1.5,85.30000000000001,61.0,95.0,2.6,8,survey,vent,excellent,1,1
780.0,0.28,6.6000000000000005,63.3,13.4,83.0,4.2,10,compact,plain,good,0,0
1530.0,0.73,3.6,75.2,49.0,88.0,1.8,11,survey,ridge,good,1,0
530.0,0.54,7.2,63.1,29.200000000000003,81.0,5.2,19,compact,plain,fair,0,0
2030.0,0.87,3.0,80.4,24.6,84.0,6.1000000000000005,9,heavy,ridge,good,1,1
880.0,0.09,5.1000000000000005,62.5,7.4,83.0,5.4,19,compact,plain,good,1,1
550.0,0.32,7.800000000000001,62.0,11.1,89.0,4.800000000000001,12,survey,plain,good,1,0
890.0,0.2,5.7,67.8,5.4,90.0,12.7,9,survey,plain,,1,1
2710.0,1.01,3.0,88.30000000000001,78.30000000000001,97.0,3.0,1,heavy,vent,excellent,1,0
3490.0,0.36,1.8,66.60000000000001,24.9,83.0,1.5,36,survey,trench,,1,1
2910.0,0.51,1.7000000000000002,75.7,28.8,94.0,5.7,8,survey,ridge,excellent,1,0
670.0,0.61,4.800000000000001,67.2,5.9,98.0,1.5,7,survey,plain,excellent,1,0
620.0,0.04,6.2,58.900000000000006,15.5,88.0,2.1,15,compact,plain,good,0,0
500.0,0.13,8.9,62.900000000000006,2.4000000000000004,90.0,3.5,5,compact,plain,good,1,0
1820.0,0.05,3.5,74.10000000000001,39.400000000000006,87.0,9.6,15,survey,vent,good,0,1
630.0,0.27,7.0,68.3,17.2,88.0,3.2,11,survey,plain,fair,1,1
670.0,0.46,5.800000000000001,71.3,15.7,90.0,4.800000000000001,3,survey,plain,excellent,1,0
930.0,0.38,5.9,69.4,16.7,84.0,3.1,6,heavy,plain,excellent,1,0
1460.0,0.41,4.6000000000000005,67.8,14.6,92.0,2.2,4,compact,ridge,excellent,1,0
890.0,0.11,6.4,62.6,6.4,90.0,2.6,6,survey,plain,good,1,1
950.0,0.12,2.4000000000000004,63.8,6.5,90.0,8.0,19,survey,plain,good,1,1
1190.0,0.78,4.1000000000000005,68.3,26.0,84.0,6.4,20,compact,ridge,good,1,0
4860.0,0.54,0.9,80.5,55.6,87.0,3.6,9,heavy,trench,fair,1,1
630.0,0.21,8.5,61.5,4.800000000000001,91.0,5.800000000000001,6,compact,plain,good,1,0
1290.0,0.78,4.6000000000000005,70.5,31.0,88.0,3.5,20,survey,plain,fair,1,0
1190.0,0.25,3.3000000000000003,66.3,15.7,86.0,3.7,21,survey,plain,fair,1,0
4160.0,0.1,,67.7,30.700000000000003,91.0,3.0,7,survey,trench,good,1,0
4360.0,0.11,1.6,71.4,26.6,82.0,7.300000000000001,31,survey,trench,good,0,1
2330.0,0.43,2.5,73.7,32.6,91.0,3.8,11,survey,ridge,excellent,1,0
2040.0,0.25,4.1000000000000005,69.0,16.3,90.0,2.3000000000000003,7,compact,vent,good,1,0
1500.0,0.64,4.5,72.60000000000001,35.4,89.0,6.800000000000001,12,survey,ridge,good,1,0
1600.0,0.37,2.6,73.2,14.4,82.0,3.3000000000000003,16,heavy,ridge,fair,1,0
870.0,0.03,5.300000000000001,65.2,3.9,86.0,3.6,26,survey,plain,good,1,0
2810.0,0.36,1.7000000000000002,70.2,6.4,92.0,4.2,9,survey,trench,excellent,1,0
2400.0,0.64,3.3000000000000003,76.9,12.2,93.0,1.5,2,survey,ridge,excellent,1,1
490.0,0.22,9.8,60.2,3.0,85.0,1.3,14,compact,plain,good,1,0
730.0,0.33,6.6000000000000005,65.8,7.800000000000001,96.0,4.2,2,compact,plain,excellent,1,1
2270.0,0.4,3.9,77.7,13.0,93.0,7.300000000000001,12,survey,vent,excellent,0,0
1730.0,1.22,1.1,78.80000000000001,56.400000000000006,90.0,,18,survey,ridge,good,1,1
2370.0,0.33,2.3000000000000003,78.4,34.1,89.0,9.7,4,heavy,vent,excellent,1,1
2430.0,0.62,3.6,83.7,60.1,79.0,9.3,18,heavy,vent,poor,1,1
2720.0,0.44,2.2,74.4,24.1,90.0,3.4000000000000004,6,compact,vent,excellent,1,0
1300.0,0.43,4.4,66.9,10.1,97.0,3.6,7,survey,plain,excellent,1,0
660.0,0.13,6.1000000000000005,62.8,3.1,87.0,2.5,9,compact,plain,fair,1,0
1250.0,0.13,2.5,70.9,8.9,90.0,3.3000000000000003,12,survey,ridge,good,1,0
2900.0,0.15,1.6,74.4,14.4,88.0,5.7,10,survey,ridge,excellent,1,0
700.0,0.39,5.800000000000001,68.2,8.700000000000001,86.0,2.6,9,compact,plain,excellent,1,0
760.0,0.27,5.5,64.5,13.0,92.0,7.300000000000001,10,survey,plain,good,1,1
1620.0,0.96,1.6,78.80000000000001,37.7,90.0,9.5,8,survey,ridge,fair,1,1
610.0,0.23,7.6,70.60000000000001,11.2,,12.6,15,heavy,plain,fair,1,1
1540.0,0.51,3.4000000000000004,73.3,32.7,88.0,8.6,14,compact,vent,fair,1,0
800.0,0.09,6.0,69.2,7.1000000000000005,88.0,3.1,2,heavy,plain,good,1,1
2290.0,0.56,4.3,79.60000000000001,38.3,90.0,2.4000000000000004,14,survey,vent,excellent,1,0
1210.0,0.37,4.2,71.60000000000001,15.3,93.0,5.300000000000001,0,heavy,plain,excellent,1,0
610.0,0.36,8.1,72.7,13.9,86.0,3.1,6,heavy,plain,good,1,0
1980.0,0.94,2.7,77.60000000000001,46.900000000000006,82.0,3.7,6,heavy,ridge,excellent,1,1
3960.0,0.21,2.5,78.5,21.9,86.0,8.5,12,heavy,trench,good,1,0
460.0,0.02,7.800000000000001,62.0,2.5,87.0,9.4,14,compact,plain,good,1,1
960.0,0.19,5.1000000000000005,67.60000000000001,17.1,90.0,4.7,21,survey,plain,fair,0,0
3000.0,0.24,2.0,82.0,45.400000000000006,84.0,5.300000000000001,8,heavy,trench,good,1,1
1650.0,0.5700000000000001,4.0,73.0,23.8,95.0,4.1000000000000005,5,survey,ridge,excellent,1,0
2710.0,0.8300000000000001,2.6,78.60000000000001,9.9,84.0,3.4000000000000004,15,compact,vent,good,1,1
610.0,0.19,6.4,66.10000000000001,3.4000000000000004,88.0,2.8000000000000003,12,compact,plain,good,1,0
630.0,0.44,5.7,61.3,2.0,87.0,3.7,14,compact,plain,excellent,1,0
2010.0,0.58,2.8000000000000003,71.3,24.9,83.0,24.9,35,survey,ridge,poor,1,0
1030.0,0.32,4.1000000000000005,72.3,15.6,86.0,1.7000000000000002,14,survey,ridge,good,1,0
930.0,0.29,5.0,66.3,9.9,84.0,7.9,29,survey,plain,poor,1,0
2840.0,0.75,1.4,80.0,23.8,90.0,4.3,10,survey,vent,good,1,1
2790.0,0.97,1.7000000000000002,84.10000000000001,35.800000000000004,87.0,2.3000000000000003,24,survey,vent,good,1,1
890.0,0.13,5.2,65.10000000000001,4.9,84.0,2.7,17,survey,plain,fair,1,0
3660.0,0.09,1.4,69.4,18.0,89.0,11.2,17,survey,trench,good,1,1
5680.0,0.26,0.9,79.5,39.2,82.0,5.9,5,heavy,trench,good,0,1
4880.0,0.28,1.8,81.5,35.0,83.0,7.0,17,heavy,trench,fair,1,1
2000.0,1.12,3.8,83.80000000000001,13.7,87.0,2.5,3,heavy,vent,excellent,1,1
390.0,0.56,9.6,68.5,46.6,89.0,2.2,4,compact,plain,,0,0
2240.0,0.88,2.7,72.3,18.8,83.0,3.1,18,compact,ridge,fair,1,1
640.0,0.25,5.7,58.1,3.3000000000000003,89.0,1.4,5,compact,plain,excellent,1,0
350.0,0.32,9.2,65.10000000000001,5.5,83.0,1.4,14,compact,plain,fair,1,0
810.0,0.1,7.7,66.0,1.8,92.0,2.9000000000000004,21,survey,plain,good,1,0
2360.0,0.6,0.6000000000000001,86.80000000000001,24.9,89.0,4.2,19,survey,vent,good,0,0
650.0,0.36,7.5,65.0,10.3,84.0,3.3000000000000003,9,compact,plain,excellent,0,0
480.0,0.1,6.800000000000001,60.5,2.1,90.0,2.9000000000000004,7,compact,plain,fair,1,1
2840.0,0.13,1.1,67.5,22.5,83.0,3.1,10,compact,trench,fair,1,0
510.0,0.37,7.0,59.5,6.2,85.0,3.9,12,compact,plain,good,1,0
1970.0,1.53,1.6,77.0,25.700000000000003,86.0,4.6000000000000005,14,compact,ridge,fair,1,1
5350.0,0.09,3.1,77.10000000000001,27.5,90.0,3.6,2,heavy,trench,excellent,1,0
3430.0,0.05,1.3,78.30000000000001,19.1,90.0,5.5,9,heavy,trench,good,1,0
1550.0,0.21,4.7,67.7,23.0,91.0,0.9,10,compact,ridge,good,1,0
2050.0,1.09,1.6,77.5,15.1,94.0,4.9,9,survey,ridge,excellent,1,0
1560.0,0.81,2.6,71.2,48.0,86.0,3.2,7,compact,ridge,good,1,0
3140.0,0.77,3.7,82.30000000000001,28.8,89.0,5.800000000000001,11,survey,vent,good,1,1
1950.0,0.71,2.4000000000000004,77.80000000000001,60.5,83.0,5.9,24,survey,ridge,poor,0,1
5280.0,0.31,3.4000000000000004,78.2,14.0,83.0,8.5,15,heavy,trench,fair,1,0
800.0,0.5700000000000001,,63.3,12.7,92.0,1.5,8,compact,plain,excellent,1,0
860.0,0.37,5.800000000000001,,7.300000000000001,93.0,3.1,8,heavy,plain,excellent,1,1
870.0,0.23,5.0,66.60000000000001,10.2,92.0,6.5,7,survey,plain,good,1,1
870.0,0.94,5.9,69.9,40.5,82.0,7.5,17,compact,ridge,good,0,1
850.0,0.16,5.4,62.0,12.6,91.0,3.4000000000000004,5,compact,plain,excellent,1,0
540.0,0.48,8.700000000000001,63.7,9.8,88.0,3.4000000000000004,13,survey,plain,excellent,1,0
1650.0,1.16,3.0,80.5,30.200000000000003,87.0,7.6,21,survey,ridge,fair,1,1
2300.0,0.85,3.7,78.9,67.9,94.0,3.1,5,survey,vent,excellent,1,0
1810.0,0.26,3.2,,16.7,86.0,4.3,14,survey,ridge,excellent,1,0
970.0,0.67,5.0,74.0,13.1,,1.2000000000000002,13,survey,plain,good,1,0
370.0,0.38,10.5,63.400000000000006,6.7,82.0,8.0,16,compact,plain,poor,1,0
490.0,0.46,8.4,64.60000000000001,25.700000000000003,82.0,1.5,22,compact,plain,poor,0,1
380.0,0.1,9.5,60.6,7.5,88.0,3.8,5,compact,plain,good,0,0
600.0,0.27,6.9,62.2,5.6000000000000005,87.0,4.3,7,compact,plain,good,1,0
2260.0,0.89,3.0,84.5,27.8,83.0,4.1000000000000005,5,heavy,vent,good,1,1
1540.0,0.66,3.9,84.60000000000001,17.3,86.0,5.0,10,heavy,vent,good,0,0
470.0,0.07,6.4,58.0,27.8,88.0,5.4,14,compact,plain,good,0,1
1970.0,0.32,3.5,70.4,9.4,85.0,6.7,18,survey,ridge,fair,1,0
4260.0,0.19,1.1,,19.6,92.0,5.6000000000000005,9,survey,trench,excellent,1,0
2920.0,0.24,3.2,74.4,7.5,91.0,2.5,9,survey,trench,good,1,0
820.0,0.41,5.6000000000000005,69.10000000000001,6.800000000000001,93.0,5.0,7,survey,plain,good,1,0
560.0,0.16,7.7,65.60000000000001,31.9,82.0,6.6000000000000005,20,compact,plain,fair,0,1
580.0,0.26,8.200000000000001,63.7,4.5,81.0,4.7,11,compact,plain,good,1,0
1740.0,1.05,3.1,71.0,27.9,74.0,6.800000000000001,24,compact,ridge,poor,1,1
3680.0,0.06,2.0,73.3,17.900000000000002,90.0,2.8000000000000003,12,survey,vent,good,1,0
530.0,0.78,8.5,66.5,20.1,88.0,2.7,7,compact,plain,good,1,0
2890.0,0.95,2.5,83.0,68.4,97.0,1.3,9,survey,vent,excellent,1,1
3070.0,0.63,5.0,88.4,52.0,85.0,9.1,7,heavy,vent,good,1,1
1930.0,0.21,3.6,68.7,18.4,89.0,6.5,18,survey,ridge,excellent,1,0
700.0,0.29,5.9,68.4,5.9,84.0,6.9,21,survey,plain,fair,1,0
1900.0,0.8200000000000001,5.300000000000001,,17.900000000000002,85.0,4.2,9,compact,vent,good,1,1
5210.0,0.21,2.4000000000000004,74.5,10.8,88.0,11.3,18,survey,trench,good,1,1
730.0,0.2,4.2,64.3,19.4,85.0,1.8,32,survey,plain,fair,0,1
720.0,0.18,7.300000000000001,62.5,5.2,82.0,5.5,19,compact,plain,fair,0,0
860.0,0.04,4.1000000000000005,67.7,4.4,94.0,8.0,13,survey,plain,good,1,0
2950.0,0.13,2.3000000000000003,72.2,19.1,96.0,2.2,6,survey,vent,good,1,0
650.0,0.7000000000000001,9.7,69.8,31.3,84.0,5.2,14,compact,plain,poor,1,0
590.0,0.24,8.9,60.1,8.9,86.0,2.4000000000000004,12,compact,plain,excellent,0,0
550.0,0.56,10.2,65.3,10.6,88.0,3.7,19,survey,plain,good,1,0
620.0,0.3,6.1000000000000005,74.5,10.0,86.0,7.300000000000001,7,heavy,plain,good,1,1
5310.0,0.55,2.4000000000000004,73.7,50.7,94.0,,7,survey,trench,excellent,1,1
3180.0,0.38,3.8,82.9,31.8,84.0,3.0,9,heavy,vent,excellent,1,0
2160.0,1.32,3.3000000000000003,81.5,81.60000000000001,95.0,3.9,6,survey,ridge,good,1,1
1740.0,0.81,1.8,72.0,48.400000000000006,85.0,,16,compact,ridge,fair,1,1
1060.0,0.13,4.3,68.4,5.7,95.0,1.9,1,survey,plain,excellent,1,0
1060.0,0.11,4.9,62.2,3.3000000000000003,92.0,3.3000000000000003,14,survey,plain,good,1,0
780.0,0.31,4.800000000000001,67.10000000000001,12.0,87.0,5.9,4,heavy,plain,good,1,1
470.0,0.3,4.800000000000001,64.10000000000001,5.2,91.0,4.9,3,compact,plain,excellent,1,0
1260.0,0.46,3.9,70.7,15.9,86.0,3.0,7,compact,ridge,good,1,0
4500.0,0.3,3.2,76.5,18.5,92.0,10.3,19,survey,trench,good,1,1
500.0,0.15,7.6,70.5,15.7,99.0,1.7000000000000002,5,survey,plain,excellent,1,1
760.0,0.5,5.6000000000000005,59.900000000000006,11.6,88.0,3.9,5,compact,plain,good,1,0
3740.0,0.31,1.1,75.5,23.700000000000003,93.0,2.4000000000000004,7,survey,trench,excellent,0,0
820.0,0.32,6.2,70.8,11.4,94.0,,8,survey,plain,excellent,1,1
2550.0,0.67,1.6,76.7,46.0,86.0,2.9000000000000004,14,survey,ridge,fair,0,1
1520.0,0.46,5.0,66.3,21.6,,5.4,29,compact,ridge,poor,0,0
2600.0,0.08,2.1,71.2,21.4,87.0,1.8,5,compact,trench,good,1,0
2470.0,0.59,3.8,80.30000000000001,21.200000000000003,88.0,6.4,21,survey,vent,good,1,0
1110.0,0.2,4.5,68.5,10.8,84.0,4.2,23,survey,plain,fair,0,0
510.0,0.37,7.6,63.0,3.8,94.0,1.6,14,survey,plain,good,1,0
2500.0,0.54,3.2,83.80000000000001,27.1,86.0,2.4000000000000004,2,heavy,ridge,good,1,0
1370.0,0.31,3.3000000000000003,65.5,10.3,82.0,3.3000000000000003,18,compact,ridge,good,1,0
830.0,0.38,4.9,65.0,8.3,98.0,0.9,8,survey,plain,excellent,0,0
660.0,0.16,6.1000000000000005,62.3,4.9,84.0,6.1000000000000005,20,survey,plain,fair,1,0
2090.0,0.22,1.6,66.8,9.0,94.0,5.800000000000001,10,survey,ridge,excellent,1,1
780.0,0.45,6.9,69.0,12.4,91.0,3.2,16,survey,plain,good,0,1
1460.0,0.14,1.2000000000000002,68.3,7.7,92.0,5.7,16,survey,ridge,good,1,1
640.0,0.17,7.800000000000001,60.6,4.3,85.0,5.1000000000000005,14,compact,plain,good,1,0
2940.0,0.19,0.7000000000000001,70.2,40.5,94.0,3.3000000000000003,4,survey,trench,excellent,0,0
540.0,0.43,10.1,70.10000000000001,14.9,92.0,2.3000000000000003,4,survey,plain,excellent,1,0
380.0,0.25,7.800000000000001,60.7,4.5,90.0,2.6,7,compact,plain,excellent,1,0
590.0,0.23,6.6000000000000005,68.5,5.9,91.0,9.9,12,survey,plain,good,1,1
1770.0,1.38,4.9,,64.0,79.0,8.6,33,survey,vent,poor,1,1
1780.0,0.99,2.4000000000000004,78.7,33.1,89.0,2.7,4,survey,ridge,good,1,1
3100.0,0.02,1.2000000000000002,72.60000000000001,21.6,90.0,2.4000000000000004,22,survey,trench,fair,0,0
2370.0,0.44,3.4000000000000004,82.2,19.1,88.0,5.2,10,heavy,vent,good,1,0
750.0,0.15,6.800000000000001,65.7,3.9,84.0,3.5,16,compact,plain,good,1,0
880.0,0.14,6.4,60.3,5.6000000000000005,88.0,5.6000000000000005,10,compact,plain,good,1,0
2120.0,0.13,1.2000000000000002,74.2,22.5,91.0,3.1,13,survey,vent,good,1,0
790.0,0.66,5.5,75.3,22.9,,10.4,24,survey,plain,fair,1,0
2420.0,0.27,,72.3,20.4,85.0,2.0,6,compact,vent,good,1,0
2130.0,0.21,2.9000000000000004,71.4,29.8,91.0,1.8,1,compact,vent,excellent,1,0
450.0,0.24,8.4,63.900000000000006,8.0,85.0,4.6000000000000005,15,compact,plain,good,1,0
5160.0,0.72,1.4,87.80000000000001,73.5,83.0,6.7,15,heavy,vent,good,1,1
3180.0,0.91,2.0,87.80000000000001,32.5,88.0,5.4,4,heavy,vent,good,1,1
4170.0,0.21,1.2000000000000002,83.7,,85.0,5.5,5,heavy,trench,excellent,1,1
1000.0,0.58,6.4,71.60000000000001,28.9,95.0,5.0,7,survey,ridge,excellent,1,0
430.0,0.46,9.2,65.0,6.0,91.0,4.9,3,compact,plain,excellent,1,0
700.0,0.29,,67.5,9.7,91.0,0.8,15,survey,plain,good,1,0
800.0,0.19,5.7,62.6,6.1000000000000005,90.0,2.6,6,compact,plain,good,1,0
630.0,0.11,8.700000000000001,56.6,4.0,87.0,5.5,8,compact,plain,good,1,1
1970.0,0.81,3.5,75.0,62.7,86.0,5.300000000000001,15,compact,vent,good,0,1
4980.0,0.47,3.6,77.2,48.900000000000006,89.0,3.2,15,survey,trench,good,1,1
730.0,0.61,6.1000000000000005,68.0,8.9,90.0,4.800000000000001,7,compact,plain,good,1,0
3420.0,0.34,4.1000000000000005,81.80000000000001,28.4,91.0,1.3,10,survey,vent,excellent,1,0
4920.0,0.15,0.2,74.3,34.9,87.0,5.300000000000001,20,survey,trench,fair,1,0
660.0,0.38,7.800000000000001,72.0,8.1,89.0,2.1,8,heavy,plain,good,1,1
3240.0,0.36,4.3,76.2,37.5,89.0,7.7,15,survey,vent,good,1,0
600.0,0.35,8.200000000000001,,5.1000000000000005,97.0,3.5,6,survey,plain,excellent,1,0
720.0,0.46,3.8,74.0,6.5,90.0,1.8,1,heavy,plain,excellent,1,1
2750.0,0.4,1.4,79.10000000000001,62.400000000000006,81.0,6.4,15,heavy,trench,good,0,1
660.0,0.24,4.9,68.10000000000001,9.8,87.0,5.9,22,survey,plain,good,1,1
2910.0,0.19,2.5,77.5,51.0,91.0,5.5,6,survey,vent,excellent,0,0
5490.0,0.23,2.2,74.9,19.9,,2.8000000000000003,10,survey,trench,good,1,1
2260.0,0.35,4.0,69.9,31.6,87.0,2.4000000000000004,15,compact,ridge,good,1,0
1910.0,0.29,,70.8,9.6,84.0,6.1000000000000005,25,survey,ridge,poor,1,0
4330.0,0.31,1.8,71.9,22.8,91.0,4.800000000000001,12,survey,trench,excellent,1,0
610.0,0.85,6.5,78.2,15.3,85.0,7.6,6,heavy,plain,good,1,1
1660.0,0.81,2.9000000000000004,80.4,45.3,88.0,12.2,7,heavy,ridge,good,1,1
1150.0,0.67,5.1000000000000005,74.9,20.1,84.0,5.7,25,survey,plain,fair,1,0
680.0,0.16,3.7,68.2,9.2,85.0,4.4,21,survey,plain,good,1,0
2190.0,0.48,2.4000000000000004,74.3,14.7,93.0,2.3000000000000003,6,survey,vent,excellent,1,0
2090.0,0.77,3.5,70.4,26.200000000000003,92.0,1.8,7,survey,ridge,excellent,1,1
2590.0,0.81,2.2,80.9,40.5,89.0,4.0,13,survey,vent,fair,1,1
770.0,0.11,7.2,65.4,4.2,86.0,0.4,26,survey,plain,fair,1,0
400.0,0.2,6.5,62.8,18.4,92.0,2.2,9,compact,plain,excellent,0,0
2110.0,1.16,1.2000000000000002,81.9,49.400000000000006,92.0,4.9,6,survey,ridge,excellent,1,1
3060.0,0.73,,,35.1,87.0,2.3000000000000003,2,heavy,vent,excellent,1,1
5790.0,0.28,2.4000000000000004,84.5,36.9,86.0,4.800000000000001,9,heavy,trench,excellent,0,1
530.0,0.05,8.9,64.5,5.1000000000000005,87.0,9.1,10,survey,plain,excellent,1,0
3890.0,0.14,2.9000000000000004,72.3,35.300000000000004,83.0,2.9000000000000004,13,compact,vent,fair,1,0
550.0,0.24,8.200000000000001,64.5,8.0,86.0,2.0,21,survey,plain,good,0,1
700.0,0.41,6.2,67.4,,90.0,4.1000000000000005,16,survey,plain,good,1,0
4880.0,0.08,0.7000000000000001,73.3,26.700000000000003,92.0,1.1,10,survey,trench,excellent,0,0
2410.0,0.12,1.1,77.60000000000001,18.3,84.0,7.0,2,heavy,ridge,excellent,1,0
1780.0,1.03,2.4000000000000004,84.9,25.4,91.0,2.7,8,survey,vent,excellent,1,1
470.0,0.55,7.0,68.10000000000001,10.2,94.0,4.800000000000001,6,survey,plain,excellent,1,0
690.0,0.44,4.9,72.0,7.6,87.0,1.5,21,survey,plain,fair,1,1
5880.0,0.6900000000000001,3.1,87.80000000000001,48.7,81.0,3.7,22,heavy,trench,poor,1,1
4240.0,0.8300000000000001,2.1,84.2,58.5,87.0,8.9,2,heavy,vent,good,1,1
2630.0,0.86,1.4,76.9,21.9,89.0,2.6,7,survey,ridge,good,1,1
4590.0,0.05,2.3000000000000003,77.7,23.9,90.0,1.8,3,heavy,trench,excellent,1,0
610.0,0.14,7.300000000000001,68.0,11.3,89.0,2.2,15,survey,plain,good,1,0
2790.0,0.35,2.2,74.5,61.400000000000006,89.0,10.8,20,survey,trench,good,0,0
540.0,0.39,5.5,63.8,5.1000000000000005,92.0,2.5,5,survey,plain,excellent,1,0
940.0,0.2,3.7,66.0,2.5,92.0,0.8,6,compact,plain,good,1,0
1390.0,0.27,3.0,65.7,18.5,87.0,1.2000000000000002,12,compact,ridge,excellent,1,0
550.0,0.36,5.5,66.10000000000001,5.300000000000001,91.0,4.0,13,survey,plain,fair,1,0
2870.0,0.31,2.4000000000000004,72.3,34.0,90.0,1.7000000000000002,10,compact,trench,excellent,1,0
1110.0,0.52,2.8000000000000003,66.7,10.2,85.0,3.8,8,compact,ridge,excellent,1,0
1120.0,0.53,5.4,73.4,31.9,92.0,10.6,6,heavy,plain,good,1,1
730.0,0.39,7.0,67.2,6.4,86.0,3.5,5,compact,plain,,1,1
5480.0,0.5,0.4,79.5,26.4,88.0,4.9,6,heavy,trench,excellent,1,1
1020.0,0.21,4.9,65.4,7.2,91.0,4.5,7,compact,plain,good,1,0
3040.0,0.22,1.3,69.9,24.6,89.0,6.7,13,survey,trench,excellent,1,0
1120.0,0.52,6.6000000000000005,63.3,13.9,91.0,2.7,11,survey,plain,fair,0,0
540.0,0.12,8.4,68.5,2.4000000000000004,90.0,4.0,12,survey,plain,good,1,0
770.0,0.1,4.3,63.8,2.2,89.0,1.7000000000000002,7,survey,plain,excellent,1,0
3140.0,0.25,2.6,74.4,25.9,84.0,14.8,22,survey,ridge,fair,0,0
1240.0,0.86,2.2,71.0,38.900000000000006,88.0,4.6000000000000005,11,compact,ridge,good,0,0
660.0,0.29,4.5,61.900000000000006,6.6000000000000005,89.0,1.9,9,survey,plain,good,1,0
2120.0,0.32,4.3,70.5,11.4,93.0,1.8,4,compact,ridge,excellent,1,0
540.0,0.28,,70.0,5.2,81.0,4.1000000000000005,20,compact,plain,good,1,0
3380.0,0.71,1.0,73.5,18.0,88.0,,9,compact,trench,good,1,1
3450.0,0.47,3.6,80.0,24.3,87.0,5.4,6,heavy,vent,good,1,1
2400.0,0.16,1.8,72.7,11.7,95.0,1.1,4,survey,vent,excellent,1,0
4910.0,0.32,2.1,74.60000000000001,51.900000000000006,91.0,8.8,17,survey,trench,good,1,1
1650.0,0.22,3.6,72.10000000000001,19.4,84.0,4.6000000000000005,8,compact,vent,good,1,0
1970.0,0.21,0.2,71.10000000000001,22.4,89.0,6.2,7,survey,ridge,good,1,0
550.0,0.48,6.2,65.9,8.6,89.0,1.9,6,compact,plain,excellent,1,0
2950.0,0.39,2.0,71.8,22.200000000000003,94.0,3.2,13,survey,vent,excellent,1,1
3900.0,0.3,3.6,80.0,22.700000000000003,88.0,5.2,2,heavy,trench,excellent,1,0
4900.0,0.38,0.7000000000000001,75.7,23.8,87.0,6.800000000000001,33,survey,trench,poor,1,1
5860.0,0.2,3.0,76.4,41.2,86.0,2.3000000000000003,7,survey,trench,excellent,0,1
1650.0,0.68,2.5,70.60000000000001,42.2,88.0,4.9,7,compact,ridge,good,1,0
2330.0,0.18,2.3000000000000003,64.9,22.200000000000003,92.0,4.800000000000001,15,compact,trench,good,1,0
1290.0,1.27,0.9,83.30000000000001,47.400000000000006,88.0,4.7,11,heavy,ridge,fair,0,1
650.0,0.53,5.7,66.5,14.8,91.0,2.0,11,survey,plain,excellent,1,0
2230.0,0.2,,80.9,25.700000000000003,82.0,10.3,18,heavy,ridge,poor,1,0
5110.0,0.48,0.7000000000000001,83.0,37.3,88.0,5.300000000000001,0,heavy,trench,excellent,1,1
620.0,0.21,6.9,56.3,9.0,84.0,2.3000000000000003,11,compact,plain,good,1,0
900.0,0.54,5.7,64.9,17.7,93.0,6.0,16,survey,plain,,1,0
1200.0,1.2,4.800000000000001,73.5,24.700000000000003,86.0,4.4,22,compact,ridge,good,1,1
1270.0,0.52,3.6,74.4,29.0,83.0,3.8,14,heavy,plain,poor,0,0
5410.0,0.15,1.7000000000000002,71.8,47.2,92.0,2.0,13,survey,trench,good,1,0
800.0,0.26,4.7,58.0,14.8,82.0,2.5,14,compact,plain,poor,1,0
540.0,0.56,,65.10000000000001,13.6,87.0,2.0,10,compact,plain,good,1,0
480.0,0.37,7.4,59.1,11.1,90.0,2.3000000000000003,5,compact,plain,good,1,0
2350.0,1.17,3.6,77.60000000000001,18.5,96.0,3.1,8,survey,ridge,excellent,1,0
2130.0,0.33,1.3,72.60000000000001,30.200000000000003,89.0,1.7000000000000002,7,compact,vent,excellent,0,0
490.0,0.33,8.200000000000001,69.8,16.400000000000002,88.0,3.6,11,survey,plain,poor,1,0
1040.0,0.52,4.1000000000000005,71.2,14.7,85.0,1.9,10,survey,plain,good,1,0
530.0,0.21,6.6000000000000005,59.0,7.1000000000000005,86.0,0.6000000000000001,12,compact,plain,good,1,0
2350.0,0.43,4.1000000000000005,81.10000000000001,38.3,77.0,2.2,20,heavy,vent,fair,0,1
1580.0,0.08,1.0,70.60000000000001,7.9,89.0,1.9,13,survey,ridge,fair,1,0
730.0,0.05,6.0,66.4,5.1000000000000005,94.0,3.5,15,survey,plain,,1,1
2670.0,0.36,1.0,79.5,17.900000000000002,,7.1000000000000005,4,heavy,ridge,good,1,1
3570.0,0.19,1.0,75.5,8.0,91.0,1.9,12,survey,trench,good,1,0
770.0,0.48,5.6000000000000005,64.2,8.700000000000001,81.0,2.5,13,compact,plain,good,1,0
3580.0,0.13,0.7000000000000001,72.5,,86.0,4.7,19,survey,trench,excellent,1,0
4840.0,0.39,1.4,76.2,34.5,86.0,5.6000000000000005,6,heavy,trench,excellent,1,1
2800.0,0.49,3.4000000000000004,78.4,16.2,86.0,3.8,21,survey,vent,fair,1,0
1560.0,0.07,4.6000000000000005,68.9,16.0,94.0,2.5,12,survey,ridge,excellent,1,0
390.0,0.21,6.4,61.0,2.0,88.0,3.6,8,compact,plain,good,1,1
600.0,0.41,6.9,69.9,15.0,91.0,4.1000000000000005,10,survey,plain,good,1,0
490.0,0.19,4.9,57.2,2.1,86.0,4.800000000000001,10,compact,plain,poor,1,0
1850.0,1.12,5.0,86.10000000000001,,79.0,3.3000000000000003,32,survey,vent,poor,1,1
3350.0,1.06,2.7,83.5,46.0,89.0,2.8000000000000003,21,survey,vent,excellent,1,0
590.0,0.72,4.2,62.7,5.1000000000000005,89.0,2.0,3,compact,plain,excellent,1,0
900.0,0.5700000000000001,,70.10000000000001,7.300000000000001,92.0,3.7,6,survey,plain,good,1,0
5310.0,0.44,2.1,81.30000000000001,40.8,89.0,3.3000000000000003,3,heavy,trench,excellent,1,1
470.0,0.29,6.5,59.6,4.5,85.0,4.5,11,compact,plain,fair,1,0
2310.0,0.81,1.1,80.9,42.2,88.0,1.1,10,heavy,ridge,good,1,0
1350.0,0.47,4.5,69.0,23.6,88.0,3.6,9,compact,ridge,excellent,0,0
4490.0,0.45,1.6,73.0,24.5,79.0,1.5,29,survey,trench,good,1,1
1710.0,0.35,1.9,71.0,6.4,89.0,6.5,8,compact,ridge,,1,0
3250.0,0.35,1.3,77.4,41.5,87.0,3.2,12,survey,trench,excellent,1,0
810.0,0.12,6.0,61.8,1.7000000000000002,90.0,4.4,12,compact,plain,good,1,0
1660.0,0.35,4.6000000000000005,78.0,31.1,92.0,4.2,14,survey,vent,good,0,0
1680.0,0.22,4.5,69.0,36.3,92.0,1.9,10,survey,ridge,excellent,1,0
810.0,0.19,5.0,64.7,4.0,88.0,3.0,11,compact,plain,excellent,1,1
4400.0,0.27,,75.8,47.8,90.0,8.200000000000001,14,survey,trench,excellent,0,0
620.0,0.28,6.1000000000000005,62.8,20.9,93.0,1.2000000000000002,8,compact,plain,good,0,1
3040.0,0.25,2.4000000000000004,75.60000000000001,24.9,91.0,2.8000000000000003,19,survey,vent,good,1,0
430.0,0.4,8.1,66.0,6.1000000000000005,88.0,1.8,13,compact,plain,good,1,0
800.0,0.36,4.2,69.4,6.4,88.0,8.700000000000001,5,heavy,plain,good,1,1
700.0,0.32,5.0,66.10000000000001,13.2,86.0,3.9,19,survey,plain,good,1,0
1560.0,0.41,3.4000000000000004,69.0,13.7,82.0,9.4,15,heavy,ridge,fair,1,0
470.0,0.22,10.9,60.6,26.8,83.0,4.2,14,compact,plain,good,0,0
2920.0,0.32,2.8000000000000003,71.8,,86.0,1.3,8,compact,vent,excellent,1,0
1380.0,0.11,3.4000000000000004,64.5,12.1,81.0,5.4,19,compact,ridge,poor,1,0
2370.0,1.02,3.0,79.2,60.0,88.0,6.2,21,survey,ridge,good,0,1
730.0,0.09,5.1000000000000005,64.5,3.6,,3.5,19,compact,plain,good,1,0
2900.0,0.75,0.9,80.5,42.8,94.0,5.5,16,survey,vent,good,1,0
570.0,0.43,5.800000000000001,66.2,7.800000000000001,89.0,2.8000000000000003,8,compact,plain,good,1,0
1950.0,0.7000000000000001,2.6,74.0,22.5,92.0,4.1000000000000005,19,survey,ridge,fair,1,0
4260.0,0.1,4.2,76.60000000000001,34.6,89.0,6.2,4,heavy,trench,good,1,0
2150.0,0.6900000000000001,4.0,84.5,57.0,86.0,10.1,14,heavy,ridge,good,1,0
2730.0,1.15,4.4,82.30000000000001,,,1.9,5,heavy,vent,excellent,1,1
1740.0,0.14,1.8,69.3,16.0,91.0,2.7,23,survey,ridge,good,0,0
4390.0,0.48,1.4,79.2,26.200000000000003,85.0,5.5,12,heavy,trench,,1,1
1440.0,0.5700000000000001,3.5,74.9,11.1,82.0,3.1,11,compact,vent,fair,1,0
1800.0,1.42,2.2,78.10000000000001,46.400000000000006,87.0,4.2,9,compact,ridge,excellent,1,1
1910.0,0.85,3.2,81.10000000000001,77.10000000000001,90.0,6.4,4,heavy,ridge,excellent,1,1
4260.0,0.1,0.8,79.60000000000001,16.8,91.0,2.6,0,heavy,vent,excellent,1,0
1590.0,0.74,,72.5,20.1,91.0,3.2,10,compact,ridge,good,1,0
460.0,0.37,6.800000000000001,68.5,11.3,92.0,2.2,10,survey,plain,excellent,1,0
580.0,0.12,8.3,61.2,2.3000000000000003,89.0,1.7000000000000002,4,compact,plain,good,1,1
2630.0,0.46,3.4000000000000004,,69.4,82.0,6.6000000000000005,9,heavy,vent,fair,1,0
680.0,0.16,5.7,64.8,3.5,89.0,0.5,13,survey,plain,excellent,1,0
1840.0,0.11,4.1000000000000005,68.9,13.5,91.0,1.1,10,compact,ridge,excellent,1,0
670.0,0.2,6.5,60.0,7.6,89.0,1.4,9,compact,plain,good,1,0
710.0,0.44,6.300000000000001,72.9,32.9,79.0,7.9,36,survey,plain,poor,0,0
500.0,0.03,7.0,61.2,2.4000000000000004,91.0,6.2,10,compact,plain,excellent,1,0
2440.0,0.56,1.9,77.80000000000001,23.3,93.0,3.8,10,survey,vent,good,1,0
730.0,0.13,7.300000000000001,64.5,7.800000000000001,93.0,1.3,5,survey,plain,excellent,0,0
3030.0,0.22,3.3000000000000003,74.7,20.700000000000003,85.0,3.5,13,survey,vent,fair,1,0
2580.0,0.09,2.1,76.4,24.4,83.0,7.1000000000000005,19,survey,vent,good,1,0
3320.0,0.98,2.3000000000000003,84.60000000000001,17.8,87.0,2.8000000000000003,10,compact,vent,good,1,1
1420.0,0.34,3.1,74.4,19.5,89.0,4.9,6,compact,ridge,good,1,0
1660.0,0.67,2.6,79.5,16.8,91.0,14.2,14,survey,ridge,fair,1,1
3590.0,0.52,0.0,79.5,34.7,93.0,3.8,10,survey,trench,excellent,0,0
2550.0,0.24,3.7,70.7,8.5,85.0,2.9000000000000004,25,survey,ridge,good,1,0
1400.0,0.26,3.4000000000000004,72.8,8.200000000000001,94.0,3.5,19,survey,ridge,excellent,1,0
820.0,0.12,4.3,61.900000000000006,6.4,85.0,5.300000000000001,14,compact,plain,poor,1,0
2490.0,0.37,2.6,80.0,47.2,90.0,7.0,18,survey,vent,fair,1,0
2470.0,0.76,2.2,81.4,,85.0,4.2,14,survey,vent,good,0,1
720.0,0.29,6.300000000000001,60.8,1.9,83.0,1.4,9,compact,plain,good,1,0
1050.0,0.09,4.6000000000000005,61.2,5.9,87.0,7.0,6,heavy,plain,excellent,1,1
1650.0,0.73,3.5,67.9,24.1,87.0,2.3000000000000003,19,compact,ridge,good,1,0
3630.0,0.04,1.1,72.4,5.7,87.0,5.7,15,survey,trench,good,1,0
750.0,0.35,5.7,64.0,10.4,83.0,3.6,17,compact,plain,fair,1,0
2820.0,0.27,3.6,83.80000000000001,14.3,88.0,2.8000000000000003,4,heavy,vent,excellent,1,0
4190.0,0.29,1.0,76.7,23.200000000000003,84.0,7.300000000000001,21,survey,trench,good,1,1
3840.0,0.23,2.0,75.9,13.8,89.0,7.4,13,survey,trench,excellent,1,1
2280.0,0.26,2.3000000000000003,77.2,16.0,94.0,4.1000000000000005,9,survey,vent,excellent,1,0
1540.0,0.42,3.5,74.2,6.4,86.0,1.4,18,survey,ridge,fair,1,0
660.0,0.2,5.5,58.5,4.800000000000001,87.0,1.3,4,compact,plain,excellent,1,0
1050.0,0.33,4.3,71.5,12.6,90.0,3.9,14,survey,plain,good,1,0
380.0,0.3,9.4,59.8,6.5,91.0,3.1,3,compact,plain,excellent,1,0
1760.0,0.3,3.4000000000000004,75.9,,98.0,3.7,13,survey,vent,excellent,1,0
5910.0,0.31,0.8,78.30000000000001,34.7,84.0,5.9,9,heavy,trench,good,1,1
4720.0,0.27,0.3,77.60000000000001,42.2,89.0,6.0,7,heavy,trench,excellent,1,1
510.0,0.21,7.4,60.2,6.6000000000000005,86.0,3.8,13,compact,plain,fair,1,0
2960.0,0.34,4.3,69.10000000000001,13.9,81.0,1.0,12,compact,trench,fair,1,1
760.0,0.8200000000000001,8.1,71.10000000000001,14.7,88.0,4.0,20,survey,plain,good,1,0
1060.0,0.25,4.4,70.4,7.300000000000001,84.0,3.1,5,heavy,plain,good,1,0
3510.0,0.5,0.5,76.0,9.5,83.0,2.2,29,survey,vent,fair,1,1
1790.0,0.31,1.2000000000000002,76.5,29.3,80.0,8.0,13,heavy,ridge,good,1,0
4040.0,0.4,2.0,84.4,26.4,,7.9,10,heavy,vent,excellent,0,1
3530.0,0.5,3.8,80.5,,84.0,5.4,5,heavy,vent,good,1,1
2640.0,0.77,2.4000000000000004,74.10000000000001,,87.0,6.300000000000001,10,survey,ridge,fair,1,0
1900.0,0.68,,67.4,40.400000000000006,85.0,3.5,15,compact,ridge,fair,1,0
3580.0,0.21,3.1,78.80000000000001,18.5,85.0,10.6,36,survey,trench,fair,0,0
4340.0,0.14,2.7,72.7,11.8,93.0,10.3,18,survey,trench,good,1,0
2160.0,0.66,2.1,74.10000000000001,24.4,90.0,3.8,8,survey,ridge,excellent,1,0
500.0,0.14,5.2,58.6,3.4000000000000004,85.0,0.6000000000000001,9,compact,plain,good,1,0
1690.0,0.23,2.6,72.2,18.8,87.0,4.5,14,survey,ridge,good,1,0
960.0,1.1,6.2,74.3,33.2,83.0,5.4,19,compact,ridge,,1,1
1230.0,0.3,3.4000000000000004,73.60000000000001,21.200000000000003,87.0,1.3,11,compact,ridge,good,1,0
3710.0,0.6,3.0,81.30000000000001,27.3,87.0,7.1000000000000005,3,heavy,trench,good,1,1
1030.0,0.32,4.4,66.8,8.200000000000001,88.0,4.2,18,survey,plain,good,1,0
3940.0,0.42,-0.2,75.2,34.300000000000004,94.0,3.8,9,survey,trench,good,1,0
1770.0,1.24,4.7,83.60000000000001,47.400000000000006,81.0,3.5,11,heavy,ridge,good,1,1
3400.0,0.49,,80.10000000000001,39.400000000000006,88.0,1.6,8,heavy,trench,good,1,0
760.0,0.15,3.1,60.7,13.0,80.0,1.7000000000000002,22,compact,plain,poor,0,0
460.0,0.29,9.2,59.1,6.5,90.0,1.5,7,compact,plain,excellent,1,1
2970.0,0.3,2.1,77.2,9.8,80.0,7.300000000000001,13,heavy,trench,good,1,1
2470.0,1.29,3.2,88.10000000000001,42.7,87.0,5.1000000000000005,2,heavy,ridge,excellent,1,1
970.0,0.15,2.5,62.7,12.1,86.0,20.700000000000003,27,survey,plain,poor,1,0
2380.0,0.38,,81.60000000000001,26.3,85.0,4.9,9,heavy,vent,good,1,0
4480.0,0.45,2.5,74.2,11.5,91.0,6.1000000000000005,23,survey,trench,fair,1,1
4520.0,0.29,1.5,80.80000000000001,50.1,84.0,3.0,11,heavy,trench,good,1,0
1880.0,0.41,3.5,73.3,7.4,83.0,6.5,29,survey,ridge,poor,1,0
1330.0,0.56,2.9000000000000004,72.60000000000001,28.6,83.0,5.2,10,survey,ridge,fair,1,0
2360.0,0.31,0.9,70.4,8.0,96.0,1.0,5,survey,ridge,excellent,1,0
1100.0,0.79,4.9,75.10000000000001,7.9,90.0,1.6,9,survey,plain,good,1,0
1450.0,0.63,4.5,72.0,21.4,88.0,4.3,16,survey,ridge,good,1,0
730.0,0.02,6.800000000000001,58.1,6.5,92.0,3.1,3,compact,plain,good,1,0
1600.0,0.09,3.2,69.9,5.7,86.0,2.1,9,compact,ridge,good,1,1
800.0,0.07,6.300000000000001,69.0,13.6,87.0,3.0,3,heavy,plain,excellent,1,1
3090.0,0.28,-1.1,74.2,69.8,81.0,4.1000000000000005,10,heavy,trench,fair,0,1
2920.0,0.88,3.3000000000000003,70.7,16.6,87.0,3.9,5,compact,ridge,excellent,1,1
1350.0,0.03,2.3000000000000003,71.9,8.1,90.0,4.4,19,survey,ridge,good,1,0
380.0,0.48,8.6,63.900000000000006,12.0,78.0,4.5,28,compact,plain,fair,1,0
670.0,0.22,7.300000000000001,61.900000000000006,3.9,93.0,5.300000000000001,9,survey,plain,excellent,1,0
770.0,0.5,3.7,74.8,31.0,82.0,3.4000000000000004,10,heavy,plain,good,1,1
950.0,0.03,5.7,58.1,4.6000000000000005,90.0,2.3000000000000003,2,compact,plain,excellent,1,0
2500.0,0.89,,80.60000000000001,35.0,81.0,5.800000000000001,28,survey,vent,poor,0,1
2300.0,0.9,0.5,72.7,21.5,88.0,8.5,11,survey,ridge,good,1,1
1720.0,0.12,1.9,,29.0,95.0,5.6000000000000005,3,survey,vent,good,0,0
2490.0,0.2,2.9000000000000004,77.60000000000001,36.3,89.0,6.6000000000000005,8,heavy,vent,fair,0,0
1100.0,1.03,,76.5,54.400000000000006,86.0,1.8,19,survey,ridge,good,0,1
3430.0,0.19,0.9,79.80000000000001,14.4,83.0,7.9,11,heavy,vent,fair,1,1
1550.0,0.56,,73.10000000000001,40.2,89.0,9.9,20,survey,ridge,good,1,0
2100.0,0.47,3.6,81.2,22.0,89.0,2.2,5,heavy,ridge,fair,1,0
3270.0,0.35,0.6000000000000001,71.9,51.0,84.0,3.0,7,compact,trench,good,1,1
1190.0,0.27,3.9,66.8,12.9,86.0,1.9,20,compact,ridge,fair,1,0
4950.0,0.12,1.8,77.10000000000001,29.0,89.0,2.6,3,heavy,trench,excellent,1,1
610.0,0.3,9.4,62.6,7.1000000000000005,86.0,2.2,22,compact,plain,fair,1,0
2160.0,0.8,3.1,76.80000000000001,25.700000000000003,85.0,2.7,16,survey,ridge,fair,1,0
1020.0,0.13,4.5,69.4,10.7,87.0,7.300000000000001,9,heavy,plain,excellent,1,1
2100.0,0.58,1.0,74.0,27.200000000000003,84.0,8.8,3,heavy,ridge,good,1,0
520.0,0.65,9.2,67.9,8.5,91.0,2.5,8,compact,plain,excellent,1,0
710.0,0.81,6.7,75.4,22.5,93.0,2.3000000000000003,3,survey,plain,good,1,1
1440.0,1.21,1.9,78.0,26.6,91.0,2.3000000000000003,14,compact,ridge,good,0,1
550.0,0.31,7.300000000000001,60.6,5.9,83.0,2.5,12,compact,plain,good,1,0
610.0,0.26,5.6000000000000005,62.900000000000006,,92.0,4.6000000000000005,10,survey,plain,excellent,1,0
430.0,0.15,8.6,56.900000000000006,2.1,90.0,2.9000000000000004,2,compact,plain,excellent,1,0
3880.0,0.14,2.7,74.3,16.6,81.0,3.2,14,heavy,trench,good,1,0
4150.0,0.17,2.6,73.60000000000001,20.4,92.0,1.7000000000000002,18,survey,trench,good,1,0
3710.0,0.34,2.2,75.9,19.4,91.0,1.1,6,survey,trench,excellent,1,0
3100.0,0.75,0.6000000000000001,70.10000000000001,21.3,87.0,7.5,23,survey,ridge,poor,1,1
3200.0,0.07,1.9,71.9,8.4,89.0,4.1000000000000005,14,survey,ridge,good,1,0
3050.0,0.56,2.5,,23.8,88.0,3.1,11,survey,vent,fair,1,1
1810.0,0.62,3.0,70.5,14.9,91.0,2.1,3,compact,ridge,excellent,1,0
3330.0,0.42,1.3,77.0,66.8,,4.1000000000000005,18,survey,trench,fair,0,1
690.0,0.29,5.9,72.8,8.3,80.0,15.4,9,heavy,plain,excellent,1,1
770.0,0.33,5.6000000000000005,63.3,9.4,88.0,4.0,11,compact,plain,good,1,0
2090.0,0.67,3.5,,48.8,92.0,2.9000000000000004,8,survey,vent,excellent,1,0
520.0,0.21,5.300000000000001,65.0,4.3,84.0,4.0,10,compact,plain,excellent,1,0
6280.0,0.61,1.7000000000000002,78.4,17.1,89.0,3.9,16,survey,trench,good,0,1
950.0,0.11,4.0,65.8,1.1,87.0,1.4,24,survey,plain,fair,1,0
810.0,0.45,6.0,69.2,9.8,89.0,7.300000000000001,22,survey,plain,excellent,1,1
1280.0,1.04,3.6,82.4,30.0,79.0,15.7,27,heavy,ridge,poor,0,1
1920.0,0.52,1.3,71.10000000000001,29.8,85.0,2.5,13,compact,ridge,good,1,0
1230.0,0.22,4.7,71.60000000000001,12.3,84.0,3.6,21,survey,ridge,fair,0,0
770.0,0.4,,63.7,13.6,89.0,1.0,11,compact,plain,excellent,1,0
4490.0,0.11,2.5,,28.200000000000003,84.0,7.6,26,survey,trench,fair,1,0
1510.0,0.56,2.2,73.2,21.3,89.0,2.0,18,survey,ridge,good,1,0
2330.0,0.93,2.8000000000000003,77.0,27.3,89.0,10.8,23,survey,vent,fair,0,1
710.0,0.37,6.4,67.2,15.8,89.0,5.6000000000000005,19,survey,plain,good,1,0
650.0,0.23,6.0,66.7,3.5,91.0,2.1,9,survey,plain,good,1,0
1260.0,0.35,4.1000000000000005,69.4,15.3,85.0,2.0,9,compact,ridge,good,1,0
1500.0,0.38,4.6000000000000005,79.60000000000001,16.1,82.0,12.6,11,heavy,ridge,good,1,1
4780.0,0.35,3.2,76.5,13.9,87.0,4.6000000000000005,16,survey,trench,fair,1,1
530.0,0.08,6.5,59.7,3.1,83.0,5.6000000000000005,20,compact,plain,poor,1,0
650.0,0.18,5.5,,10.9,84.0,6.2,11,compact,plain,fair,1,0
610.0,0.31,9.4,66.9,,88.0,1.6,7,compact,plain,excellent,1,0
550.0,0.79,9.1,66.0,59.1,86.0,6.2,18,compact,plain,good,0,1
3470.0,0.27,3.5,75.8,24.9,91.0,3.2,3,survey,vent,excellent,1,0
3880.0,0.09,2.7,71.10000000000001,24.700000000000003,80.0,14.2,35,survey,trench,fair,0,0
480.0,0.32,9.0,61.5,7.2,83.0,2.2,16,compact,plain,good,1,0
680.0,0.49,7.300000000000001,65.10000000000001,23.700000000000003,91.0,1.4,6,compact,plain,excellent,0,0
2320.0,0.52,4.3,73.0,18.7,88.0,3.9,11,compact,vent,excellent,1,0
2570.0,0.09,4.6000000000000005,75.8,15.2,91.0,3.1,23,survey,vent,fair,1,0
5300.0,0.35,3.3000000000000003,,27.3,87.0,4.0,4,heavy,trench,excellent,1,1
4940.0,0.34,1.2000000000000002,83.10000000000001,15.8,85.0,6.0,6,heavy,trench,good,1,1
600.0,0.22,7.300000000000001,69.7,27.9,78.0,2.9000000000000004,37,survey,plain,poor,0,0
1390.0,0.3,2.8000000000000003,,11.8,88.0,2.5,17,survey,plain,good,1,0
2770.0,0.38,3.4000000000000004,68.9,11.5,91.0,1.6,15,survey,ridge,good,1,0
680.0,0.32,4.1000000000000005,65.3,7.7,82.0,2.7,8,compact,plain,fair,1,0
540.0,0.09,8.700000000000001,65.9,6.5,82.0,5.1000000000000005,15,compact,plain,good,1,0
3340.0,0.26,1.8,73.5,25.1,90.0,1.8,15,survey,trench,fair,1,0
2100.0,0.59,3.6,79.80000000000001,19.9,88.0,4.0,6,survey,vent,fair,1,1
5140.0,0.39,0.3,77.4,21.9,85.0,9.6,15,heavy,trench,fair,1,1
3480.0,0.37,2.4000000000000004,77.7,48.0,90.0,3.0,11,survey,trench,excellent,1,0
2080.0,0.56,3.4000000000000004,72.2,28.9,93.0,2.8000000000000003,5,compact,vent,excellent,1,0
4900.0,0.18,3.9,78.4,20.200000000000003,,5.5,6,heavy,trench,good,1,0
2160.0,0.13,1.9,72.10000000000001,20.1,87.0,1.9,10,heavy,ridge,good,1,0
790.0,0.38,5.7,59.8,2.4000000000000004,82.0,7.9,5,compact,plain,excellent,1,1
2070.0,0.97,2.6,74.8,60.7,92.0,4.4,7,survey,ridge,excellent,0,0
3790.0,0.29,2.3000000000000003,76.0,11.9,92.0,3.3000000000000003,24,survey,trench,fair,1,0
2740.0,0.85,2.7,77.4,17.8,,6.6000000000000005,24,survey,ridge,fair,1,1
1510.0,0.29,2.6,71.4,31.0,89.0,1.3,8,compact,ridge,good,1,0
750.0,0.11,3.7,70.4,22.5,92.0,5.4,8,survey,plain,good,0,0
3040.0,0.65,3.7,83.4,45.6,88.0,5.4,4,heavy,vent,,1,0
2080.0,0.35,1.5,76.2,9.5,79.0,15.5,29,survey,ridge,poor,1,1
1620.0,0.08,4.3,64.3,6.2,92.0,2.6,0,compact,ridge,excellent,1,0
660.0,0.21,5.9,58.900000000000006,,92.0,4.6000000000000005,12,compact,plain,fair,1,0
2020.0,0.09,3.1,68.2,18.0,82.0,3.8,30,survey,ridge,poor,1,0
3630.0,0.26,0.5,76.2,34.0,89.0,2.4000000000000004,18,survey,trench,good,1,0
2120.0,0.87,3.9,75.2,29.9,90.0,2.2,4,compact,ridge,excellent,1,0
5020.0,0.26,1.9,77.60000000000001,10.8,87.0,4.9,6,heavy,trench,good,1,1
1870.0,2.06,2.7,88.4,,86.0,2.7,5,heavy,ridge,excellent,1,1
1730.0,0.62,,66.0,14.1,81.0,3.3000000000000003,18,compact,ridge,poor,1,0
510.0,0.2,7.9,70.8,10.4,78.0,10.6,25,heavy,plain,poor,1,1
1910.0,0.13,3.9,72.8,18.2,,3.5,18,survey,vent,good,1,0
6080.0,0.4,1.9,84.5,29.6,88.0,2.1,21,survey,trench,good,1,1
1910.0,0.25,4.0,75.4,10.8,88.0,2.4000000000000004,8,compact,vent,good,1,0
3670.0,0.28,,78.30000000000001,21.8,94.0,2.3000000000000003,10,survey,trench,excellent,1,0
1420.0,1.12,3.3000000000000003,74.0,13.9,92.0,1.9,12,survey,ridge,excellent,1,1
2730.0,0.5,3.3000000000000003,75.5,72.10000000000001,84.0,3.9,40,survey,vent,fair,0,0
570.0,0.72,6.9,73.7,8.9,95.0,2.5,5,survey,plain,excellent,1,0
2050.0,0.29,5.0,78.80000000000001,26.0,85.0,3.6,16,survey,vent,fair,1,0
3570.0,0.38,3.0,80.2,11.2,88.0,11.1,20,survey,vent,good,1,1
600.0,0.64,7.1000000000000005,66.7,14.9,90.0,1.3,7,compact,plain,good,1,0
2700.0,0.12,3.0,73.8,19.700000000000003,91.0,0.4,13,survey,trench,good,0,0
1950.0,0.35,2.3000000000000003,69.5,23.200000000000003,92.0,1.4,1,survey,ridge,good,1,0
530.0,0.84,7.5,70.60000000000001,18.2,90.0,1.4,3,compact,plain,good,1,0
1420.0,1.12,4.6000000000000005,73.9,52.1,82.0,5.0,12,compact,ridge,good,0,1
1930.0,0.74,2.0,70.10000000000001,46.8,96.0,1.0,3,survey,ridge,excellent,0,0
3270.0,0.4,3.1,85.10000000000001,40.900000000000006,85.0,2.8000000000000003,8,heavy,vent,good,1,1
1670.0,0.66,2.0,75.60000000000001,11.5,94.0,1.7000000000000002,7,survey,ridge,excellent,1,0
1600.0,0.26,4.6000000000000005,72.8,10.8,87.0,5.2,28,survey,vent,good,1,0
1740.0,0.43,4.1000000000000005,71.7,44.7,81.0,4.3,29,compact,ridge,fair,0,0
1680.0,0.49,4.800000000000001,76.2,40.7,87.0,3.7,29,survey,ridge,poor,1,1
580.0,0.07,9.6,60.2,7.0,85.0,6.5,16,compact,plain,fair,1,1
5110.0,0.55,1.7000000000000002,74.7,25.700000000000003,93.0,3.0,4,survey,trench,excellent,1,1
1980.0,0.96,2.3000000000000003,71.8,23.8,92.0,3.9,7,compact,ridge,excellent,1,0
710.0,0.17,,69.10000000000001,10.5,84.0,6.1000000000000005,27,survey,plain,fair,1,1
1720.0,0.68,1.9,72.3,33.800000000000004,90.0,3.6,9,survey,ridge,excellent,1,0
5990.0,0.04,2.3000000000000003,69.4,20.6,88.0,9.7,6,compact,trench,excellent,1,1
3650.0,0.3,,83.0,59.1,87.0,1.7000000000000002,5,heavy,trench,good,1,0
2990.0,0.58,3.0,85.0,14.3,93.0,3.5,15,survey,vent,good,1,0
4910.0,0.6,2.6,80.80000000000001,45.1,94.0,1.3,7,survey,trench,excellent,1,1
4910.0,0.3,2.4000000000000004,76.5,25.9,92.0,1.4,2,survey,trench,excellent,1,0
1370.0,0.4,3.2,73.2,19.5,97.0,9.8,1,survey,ridge,excellent,1,1
1030.0,0.91,4.0,76.0,51.400000000000006,90.0,5.1000000000000005,9,survey,plain,excellent,1,0
1410.0,0.14,4.1000000000000005,65.0,8.6,93.0,2.5,16,survey,plain,excellent,1,0
920.0,1.08,4.5,76.4,41.6,91.0,5.0,12,survey,plain,excellent,1,0
1840.0,0.54,3.8,62.6,16.900000000000002,87.0,2.3000000000000003,12,compact,ridge,good,1,0
690.0,0.22,6.6000000000000005,64.10000000000001,7.2,89.0,6.7,16,survey,plain,excellent,0,1
800.0,0.16,6.7,63.400000000000006,14.1,97.0,0.6000000000000001,3,survey,plain,excellent,0,1
2910.0,0.14,4.2,82.10000000000001,33.1,85.0,13.7,7,heavy,vent,good,1,1
4260.0,0.38,-0.8,75.60000000000001,25.5,92.0,11.2,25,survey,trench,good,1,1
2390.0,0.05,3.6,78.2,12.6,85.0,9.1,5,heavy,vent,fair,1,1
1790.0,0.5700000000000001,4.1000000000000005,74.0,6.7,89.0,6.4,11,survey,ridge,fair,1,0
410.0,0.3,7.2,68.9,41.5,88.0,5.1000000000000005,13,compact,plain,good,0,1
870.0,0.54,2.9000000000000004,71.9,18.8,83.0,5.800000000000001,18,heavy,plain,fair,1,0
1430.0,0.36,5.4,70.4,11.8,85.0,3.1,8,compact,ridge,excellent,1,0
920.0,0.4,6.1000000000000005,67.8,9.6,89.0,7.5,21,survey,plain,good,1,1
720.0,0.29,8.1,72.8,11.8,85.0,2.2,6,heavy,plain,good,1,1
1070.0,1.43,4.0,82.60000000000001,44.7,92.0,4.4,7,survey,ridge,good,1,1
2470.0,0.19,2.9000000000000004,75.0,24.5,80.0,24.3,13,heavy,ridge,fair,1,1
2300.0,1.08,,85.2,76.60000000000001,85.0,13.6,10,heavy,vent,excellent,1,1
1920.0,0.77,2.5,73.10000000000001,13.9,91.0,3.1,21,survey,ridge,fair,1,0
3560.0,0.09,2.3000000000000003,76.7,8.3,78.0,8.0,19,heavy,trench,good,0,0
4060.0,0.18,2.1,78.7,23.0,88.0,2.8000000000000003,15,survey,vent,good,1,0
630.0,0.19,7.7,68.4,4.5,81.0,5.1000000000000005,18,heavy,plain,fair,1,1
1030.0,0.06,4.800000000000001,61.900000000000006,3.2,89.0,2.5,1,compact,plain,excellent,1,0
2580.0,1.06,1.9,74.8,40.1,92.0,6.7,10,survey,ridge,excellent,1,1
730.0,0.07,4.5,63.7,4.5,92.0,3.7,12,survey,plain,excellent,1,0
2850.0,0.26,1.9,77.4,36.6,79.0,,28,survey,vent,poor,0,1
390.0,0.46,7.5,60.8,2.5,89.0,2.5,6,compact,plain,excellent,1,0
1410.0,0.08,3.6,71.60000000000001,19.9,85.0,4.4,8,compact,ridge,good,1,0
630.0,0.23,3.9,61.6,21.4,82.0,16.1,28,compact,plain,poor,0,1
1630.0,0.14,2.8000000000000003,69.9,29.8,92.0,3.1,4,compact,ridge,good,1,0
2280.0,0.75,3.0,,41.1,88.0,4.6000000000000005,32,survey,vent,fair,1,0
750.0,0.42,6.0,68.8,14.1,92.0,2.8000000000000003,12,survey,plain,good,1,0
750.0,0.18,5.5,61.0,3.2,91.0,4.9,13,compact,plain,excellent,1,0
690.0,0.15,8.700000000000001,66.3,25.5,,7.7,17,survey,plain,good,0,1
3050.0,0.47,1.0,80.5,34.7,86.0,5.9,9,heavy,vent,good,1,0
860.0,0.22,6.7,70.3,7.7,82.0,1.9,6,heavy,plain,good,1,1
670.0,0.31,,,11.0,90.0,3.2,1,compact,plain,excellent,1,0
2410.0,0.55,2.9000000000000004,72.8,23.6,94.0,6.9,5,survey,ridge,excellent,1,0
780.0,0.27,5.9,68.2,14.0,87.0,2.6,18,survey,plain,good,1,0
530.0,0.24,7.300000000000001,64.8,4.4,97.0,2.8000000000000003,9,survey,plain,good,1,1
1610.0,0.7000000000000001,2.7,80.80000000000001,52.2,77.0,10.6,41,survey,ridge,poor,0,1
680.0,0.23,6.6000000000000005,64.7,3.4000000000000004,88.0,7.1000000000000005,8,compact,plain,,1,0
680.0,0.15,,56.6,2.7,75.0,4.5,35,compact,plain,poor,1,1
4610.0,0.26,2.1,79.9,24.9,89.0,2.2,8,heavy,trench,excellent,1,0
3580.0,0.72,2.4000000000000004,86.10000000000001,26.1,83.0,12.8,15,heavy,vent,fair,0,1
3580.0,0.12,4.800000000000001,77.7,19.200000000000003,85.0,6.800000000000001,8,heavy,vent,excellent,1,0
1870.0,0.62,2.8000000000000003,81.10000000000001,,89.0,1.6,3,heavy,ridge,excellent,0,0
2490.0,0.62,4.0,83.10000000000001,46.3,80.0,2.7,15,heavy,vent,fair,0,1
1920.0,0.66,4.2,73.60000000000001,26.1,92.0,2.2,6,survey,ridge,excellent,1,0
2310.0,0.26,3.8,69.4,17.8,82.0,8.8,34,survey,ridge,poor,1,0
570.0,0.14,8.4,64.8,7.800000000000001,87.0,2.6,15,compact,plain,fair,0,0
6060.0,0.15,2.0,72.2,23.700000000000003,87.0,10.7,19,survey,trench,fair,1,1
2050.0,0.89,3.0,81.10000000000001,10.3,92.0,1.9,16,survey,ridge,good,1,1
4480.0,0.68,3.3000000000000003,82.30000000000001,17.7,85.0,6.300000000000001,8,heavy,trench,fair,1,0
530.0,0.47,7.1000000000000005,62.900000000000006,11.0,88.0,1.4,10,compact,plain,good,1,1
550.0,0.35,9.8,66.60000000000001,15.3,90.0,6.1000000000000005,12,compact,plain,good,0,0
1230.0,0.15,4.3,71.5,18.3,90.0,3.2,18,survey,ridge,good,1,0
840.0,0.33,4.4,71.2,13.1,83.0,6.1000000000000005,4,heavy,plain,good,1,1
3090.0,0.75,2.9000000000000004,77.2,22.4,88.0,16.3,20,survey,vent,good,1,1
3470.0,0.21,1.7000000000000002,82.10000000000001,60.5,86.0,6.800000000000001,6,heavy,trench,good,1,1
680.0,0.1,4.4,,25.9,94.0,2.4000000000000004,5,compact,plain,good,0,1
5240.0,0.52,2.2,78.80000000000001,18.1,86.0,4.0,4,heavy,trench,excellent,1,1
570.0,0.61,7.800000000000001,64.9,20.6,84.0,1.5,11,compact,plain,good,0,0
570.0,0.14,7.6,61.2,2.4000000000000004,84.0,1.5,15,compact,plain,fair,1,1
1680.0,0.28,4.0,61.8,13.3,85.0,1.8,21,compact,ridge,fair,0,0
3620.0,0.26,0.4,69.7,16.1,84.0,4.800000000000001,8,compact,trench,excellent,1,1
490.0,0.05,7.5,59.8,3.1,88.0,2.0,7,compact,plain,fair,1,1
5680.0,0.39,0.7000000000000001,72.0,35.9,91.0,1.2000000000000002,1,survey,trench,excellent,1,1
4870.0,0.44,1.4,77.10000000000001,14.6,93.0,2.0,8,survey,trench,excellent,1,1
3740.0,0.2,2.0,75.2,19.8,86.0,4.3,5,heavy,trench,fair,1,0
680.0,0.34,6.5,66.3,9.4,85.0,7.0,24,survey,plain,good,1,0
950.0,0.62,4.0,70.60000000000001,11.8,,6.0,21,survey,plain,excellent,1,0
1260.0,0.47,3.7,68.7,6.5,87.0,5.4,16,survey,ridge,good,1,0
3480.0,0.62,0.3,84.9,22.1,86.0,7.5,10,heavy,vent,good,0,1
4060.0,0.44,1.6,84.0,42.900000000000006,87.0,3.3000000000000003,6,heavy,vent,excellent,1,1
510.0,0.4,7.300000000000001,62.1,8.8,95.0,1.0,4,compact,plain,excellent,1,0
970.0,0.26,5.6000000000000005,65.0,11.4,88.0,5.9,8,compact,ridge,excellent,1,0
3560.0,1.13,2.3000000000000003,90.7,39.5,88.0,1.3,8,heavy,vent,,1,1
3160.0,0.23,-0.7000000000000001,64.9,15.3,86.0,5.6000000000000005,14,compact,trench,fair,0,0
2430.0,0.36,3.1,73.7,43.7,91.0,5.2,18,survey,vent,fair,0,0
1260.0,0.33,3.7,64.7,15.1,89.0,1.9,6,heavy,plain,good,1,0
600.0,0.46,6.9,65.4,9.9,93.0,2.0,2,compact,plain,good,1,0
5210.0,0.49,1.6,78.9,29.700000000000003,88.0,5.800000000000001,10,survey,trench,good,1,1
760.0,0.26,5.5,70.5,8.6,82.0,3.6,12,heavy,plain,fair,1,1
3460.0,0.26,3.0,74.5,16.5,87.0,5.2,24,survey,trench,fair,1,0
480.0,0.4,,68.0,37.9,81.0,2.3000000000000003,27,survey,plain,poor,0,0
910.0,0.25,6.5,67.3,2.9000000000000004,95.0,2.7,5,survey,plain,excellent,1,0
4530.0,0.32,2.4000000000000004,78.30000000000001,13.3,93.0,3.6,16,survey,trench,fair,1,1
2440.0,1.2,2.2,80.60000000000001,71.5,96.0,3.5,11,survey,ridge,excellent,1,1
3160.0,0.22,2.6,83.5,,82.0,10.1,18,heavy,vent,fair,1,1
1340.0,0.47,3.7,65.3,14.0,90.0,2.0,23,survey,plain,good,1,0
1220.0,0.49,3.1,71.3,22.5,83.0,0.2,2,compact,ridge,excellent,1,0
1540.0,0.17,5.0,66.10000000000001,29.6,78.0,8.700000000000001,26,compact,ridge,fair,0,0
600.0,0.24,7.2,64.60000000000001,2.8000000000000003,94.0,2.9000000000000004,6,survey,plain,excellent,1,0
530.0,0.19,,64.10000000000001,4.800000000000001,89.0,0.8,5,compact,plain,excellent,1,0
870.0,0.02,3.4000000000000004,68.2,4.1000000000000005,93.0,0.7000000000000001,6,survey,plain,excellent,1,0
760.0,0.38,,66.7,12.8,90.0,1.2000000000000002,8,survey,plain,excellent,1,0
1660.0,1.16,4.4,80.30000000000001,42.8,86.0,5.1000000000000005,7,survey,ridge,excellent,1,1
1510.0,0.74,3.9,69.4,23.9,91.0,2.1,3,compact,ridge,excellent,1,0
650.0,0.28,6.1000000000000005,64.3,11.8,89.0,1.7000000000000002,14,survey,plain,good,1,0
880.0,0.36,4.6000000000000005,66.8,9.1,93.0,2.1,14,survey,plain,excellent,1,0
1250.0,0.52,4.9,71.2,13.3,86.0,0.6000000000000001,5,compact,ridge,good,1,0
770.0,0.35,4.6000000000000005,65.2,7.5,87.0,3.3000000000000003,11,compact,plain,fair,1,0
750.0,0.31,6.1000000000000005,67.5,2.0,95.0,3.4000000000000004,2,survey,plain,excellent,1,1
600.0,0.25,9.9,63.2,3.2,89.0,1.1,5,compact,plain,excellent,1,0
790.0,0.24,5.0,63.400000000000006,6.5,93.0,0.8,11,survey,plain,excellent,1,0
3420.0,0.49,0.8,78.5,11.2,90.0,3.9,13,survey,trench,fair,1,1
3700.0,0.09,2.0,76.2,15.2,88.0,9.3,17,survey,trench,good,1,0
1220.0,0.96,4.4,77.80000000000001,,85.0,0.9,15,survey,ridge,excellent,1,0
440.0,0.58,9.4,70.0,12.1,95.0,4.2,4,survey,plain,excellent,1,0
1890.0,1.09,1.9,73.4,,82.0,2.4000000000000004,13,compact,ridge,good,1,1
4950.0,0.24,1.0,76.5,32.1,87.0,2.8000000000000003,4,heavy,trench,good,1,1
1570.0,0.18,5.0,70.7,13.0,89.0,4.6000000000000005,23,survey,ridge,poor,1,0
1160.0,0.31,4.6000000000000005,72.10000000000001,12.5,93.0,,10,compact,ridge,good,1,0
1430.0,0.89,2.5,74.4,27.6,96.0,7.7,7,survey,ridge,excellent,1,0
3870.0,0.08,2.0,71.10000000000001,11.7,86.0,6.0,26,survey,trench,poor,1,0
6010.0,0.16,4.9,75.9,21.0,88.0,11.1,8,heavy,trench,,1,1
520.0,0.46,7.300000000000001,70.9,14.7,88.0,5.2,8,compact,plain,good,1,0
2310.0,0.42,3.5,77.80000000000001,41.8,85.0,8.3,14,heavy,ridge,good,1,0
1520.0,1.03,2.5,82.9,19.5,85.0,16.5,10,heavy,ridge,good,1,1
730.0,0.33,6.6000000000000005,60.2,21.1,84.0,4.5,23,compact,plain,fair,0,0
1770.0,0.53,4.0,73.8,28.9,88.0,1.2000000000000002,20,survey,ridge,good,1,0
1660.0,0.34,4.800000000000001,65.7,12.9,86.0,3.0,14,compact,ridge,good,1,0
1190.0,0.77,4.1000000000000005,74.7,30.0,91.0,1.0,2,compact,ridge,excellent,1,0
2440.0,1.01,3.2,76.60000000000001,64.10000000000001,87.0,4.800000000000001,6,compact,vent,good,1,1
4240.0,0.68,3.0,86.4,32.800000000000004,91.0,0.7000000000000001,5,heavy,vent,excellent,1,1
3560.0,0.3,1.5,72.3,15.2,94.0,4.5,8,survey,trench,excellent,1,0
1190.0,0.3,4.1000000000000005,75.5,22.5,89.0,5.5,9,heavy,ridge,excellent,1,0
780.0,0.37,6.9,66.3,7.300000000000001,88.0,1.5,20,survey,plain,good,1,0
800.0,0.18,5.2,65.60000000000001,5.4,95.0,3.3000000000000003,12,survey,plain,good,0,1
1910.0,1.19,1.0,80.80000000000001,32.9,88.0,2.4000000000000004,7,heavy,ridge,,1,1
1490.0,0.85,5.0,74.4,15.9,86.0,1.0,7,compact,ridge,good,1,0
1870.0,0.46,4.4,,10.9,86.0,0.9,9,heavy,ridge,good,1,0
840.0,0.07,5.2,68.9,9.6,89.0,6.7,5,heavy,plain,,1,1
5420.0,0.32,1.0,81.4,22.6,83.0,5.1000000000000005,14,heavy,trench,good,1,1
630.0,0.09,6.0,65.60000000000001,6.7,76.0,9.0,19,heavy,plain,good,1,1
3040.0,0.46,1.9,76.5,40.0,91.0,2.1,16,survey,vent,excellent,1,0
3580.0,0.39,1.9,81.4,25.6,85.0,11.6,4,heavy,trench,excellent,1,1
6020.0,0.13,0.3,82.0,32.9,86.0,9.2,10,heavy,trench,excellent,1,1
800.0,0.16,3.5,62.2,11.3,87.0,7.4,7,compact,plain,good,0,0
4030.0,0.42,,80.7,39.5,89.0,4.9,19,survey,trench,good,1,0
1700.0,0.12,2.7,68.60000000000001,16.6,88.0,6.0,22,survey,ridge,good,1,0
2640.0,0.59,4.800000000000001,78.5,30.6,83.0,0.8,12,heavy,ridge,excellent,1,0
5460.0,0.18,-0.0,73.4,46.0,91.0,2.6,8,survey,trench,good,1,0
2900.0,0.24,3.3000000000000003,72.5,11.3,92.0,1.6,11,survey,trench,excellent,1,0
2940.0,0.21,4.4,73.2,39.0,92.0,15.9,17,survey,vent,fair,0,0
780.0,0.03,5.0,59.8,4.6000000000000005,87.0,2.3000000000000003,9,compact,plain,good,1,0
3130.0,0.39,4.0,81.80000000000001,48.900000000000006,87.0,6.2,25,survey,vent,good,1,0
490.0,0.52,8.5,63.1,19.700000000000003,,2.3000000000000003,7,compact,plain,excellent,0,0
570.0,0.2,9.1,67.3,7.6,88.0,2.6,12,survey,plain,excellent,0,0
3370.0,0.25,2.7,73.8,14.5,88.0,3.2,9,heavy,trench,good,1,0
2530.0,0.31,2.1,76.7,16.7,93.0,3.3000000000000003,9,survey,trench,excellent,1,0
1310.0,0.4,4.1000000000000005,70.10000000000001,10.0,89.0,5.0,21,survey,plain,excellent,1,0
2040.0,0.23,4.4,72.4,4.1000000000000005,88.0,1.6,6,survey,ridge,excellent,1,0
3830.0,0.05,1.5,75.9,8.1,91.0,4.9,7,survey,trench,good,1,0
850.0,0.36,6.2,75.60000000000001,5.1000000000000005,81.0,4.7,14,heavy,plain,good,1,0
2890.0,0.52,2.0,83.4,34.4,86.0,6.9,9,heavy,vent,good,1,1
2740.0,0.72,2.6,80.80000000000001,75.0,93.0,3.3000000000000003,6,survey,vent,good,1,0
2730.0,0.2,3.3000000000000003,77.10000000000001,23.1,84.0,15.2,32,survey,vent,poor,0,0
1840.0,0.8,4.7,74.2,40.6,,8.9,27,survey,ridge,good,0,0
2150.0,0.26,2.3000000000000003,81.30000000000001,27.700000000000003,92.0,2.4000000000000004,3,heavy,trench,excellent,1,0
3020.0,0.05,4.5,74.3,32.9,93.0,4.0,9,survey,vent,excellent,1,0
2330.0,0.43,-0.1,70.9,24.6,88.0,3.2,14,compact,trench,good,1,0
4860.0,0.6,2.5,82.9,20.0,82.0,2.2,16,heavy,trench,fair,1,1
2890.0,0.41,3.8,80.2,37.3,83.0,1.4,9,heavy,vent,good,1,0
5220.0,0.54,-0.5,83.0,34.4,84.0,7.1000000000000005,6,heavy,trench,good,1,1
470.0,0.47,8.5,63.7,15.1,86.0,2.2,14,compact,plain,fair,0,0
1660.0,0.62,2.5,72.9,41.6,95.0,2.4000000000000004,7,heavy,ridge,good,0,0
2930.0,0.53,3.5,79.30000000000001,24.5,89.0,10.4,20,survey,vent,poor,1,0
3170.0,0.6900000000000001,2.6,81.60000000000001,47.0,85.0,14.8,5,heavy,ridge,excellent,0,1
1290.0,0.72,3.2,64.3,7.1000000000000005,85.0,5.4,17,compact,plain,fair,1,0
4520.0,0.18,1.0,71.60000000000001,11.6,84.0,4.0,31,survey,trench,poor,1,1
1760.0,1.02,5.2,80.5,77.9,92.0,2.7,20,survey,ridge,fair,0,1
810.0,0.14,4.4,70.0,11.0,91.0,6.1000000000000005,19,survey,plain,excellent,0,0
660.0,0.59,4.1000000000000005,63.900000000000006,25.1,90.0,3.8,7,compact,plain,excellent,1,0
1000.0,0.36,3.7,68.7,29.9,78.0,7.1000000000000005,24,survey,plain,fair,0,0
1810.0,0.13,3.7,69.7,6.7,81.0,0.8,20,compact,ridge,good,1,0
4380.0,0.06,3.4000000000000004,77.10000000000001,37.7,86.0,9.5,5,heavy,trench,fair,0,0
1500.0,0.4,1.7000000000000002,75.8,4.2,82.0,3.1,22,survey,ridge,good,1,0
5170.0,0.58,2.2,80.7,33.9,83.0,5.0,30,survey,trench,good,1,1
4600.0,0.37,1.5,78.10000000000001,23.6,90.0,4.9,23,survey,trench,fair,1,1
720.0,0.37,6.2,62.2,5.6000000000000005,86.0,,12,compact,plain,excellent,1,0
2260.0,1.07,2.4000000000000004,68.5,37.2,85.0,3.1,21,compact,ridge,fair,1,1
810.0,0.34,4.4,68.2,11.4,87.0,17.1,25,survey,plain,fair,1,1
510.0,0.43,6.800000000000001,65.8,10.1,86.0,1.7000000000000002,10,compact,plain,good,1,0
550.0,0.16,7.7,62.400000000000006,3.7,96.0,2.0,3,compact,plain,excellent,1,0
890.0,0.44,5.300000000000001,63.900000000000006,14.9,92.0,8.1,22,survey,plain,fair,0,0
1090.0,0.61,4.5,70.5,22.6,92.0,2.5,8,survey,plain,good,1,0
1420.0,0.11,2.8000000000000003,66.5,16.400000000000002,90.0,6.300000000000001,9,survey,plain,good,0,0
4740.0,0.31,2.4000000000000004,76.10000000000001,22.200000000000003,86.0,4.9,11,heavy,trench,good,1,0
1080.0,0.19,3.0,66.2,7.1000000000000005,88.0,2.4000000000000004,19,survey,plain,fair,1,0
780.0,0.42,6.2,66.3,7.800000000000001,87.0,7.5,17,survey,plain,fair,1,0
3190.0,0.8300000000000001,2.5,80.60000000000001,41.900000000000006,89.0,1.8,16,survey,vent,good,0,1
800.0,0.32,4.5,70.9,39.6,88.0,7.4,23,survey,plain,fair,0,1
1990.0,0.17,2.0,68.9,10.7,86.0,4.5,15,compact,ridge,poor,1,0
770.0,0.22,,67.3,4.9,89.0,0.6000000000000001,9,compact,plain,,1,0
4560.0,0.27,3.0,78.60000000000001,20.200000000000003,87.0,6.2,17,survey,trench,fair,1,1
1640.0,1.16,2.8000000000000003,75.3,27.4,78.0,6.1000000000000005,25,compact,ridge,fair,0,1
580.0,0.75,7.7,60.7,19.3,90.0,2.2,7,compact,plain,excellent,1,0
540.0,0.15,7.4,61.2,2.2,91.0,3.8,7,compact,plain,excellent,1,0
1630.0,0.45,3.2,78.30000000000001,25.200000000000003,82.0,5.5,14,heavy,ridge,fair,1,0
620.0,0.04,9.2,60.400000000000006,17.0,82.0,1.8,22,survey,plain,poor,0,1
2080.0,0.53,-0.2,68.9,8.4,85.0,2.7,13,compact,ridge,fair,1,0
4290.0,0.27,1.0,75.5,22.6,75.0,6.6000000000000005,25,heavy,trench,poor,1,1
930.0,0.31,6.7,71.0,10.5,84.0,5.4,8,heavy,plain,good,1,0
2300.0,0.33,4.2,79.5,31.9,88.0,6.0,6,heavy,vent,excellent,1,0
4930.0,0.11,0.6000000000000001,71.3,28.700000000000003,93.0,2.8000000000000003,17,survey,trench,good,1,0
1020.0,0.11,2.8000000000000003,64.7,6.9,93.0,3.6,10,survey,plain,good,1,1
770.0,0.31,7.300000000000001,61.0,4.3,92.0,1.6,8,survey,plain,good,1,1
1690.0,0.24,3.3000000000000003,65.2,10.9,91.0,4.5,9,survey,ridge,excellent,1,0
740.0,0.8300000000000001,5.800000000000001,77.10000000000001,27.200000000000003,97.0,1.7000000000000002,10,survey,plain,excellent,1,0
2290.0,1.46,2.3000000000000003,90.7,68.60000000000001,90.0,5.9,8,heavy,ridge,excellent,1,1
1040.0,0.35,6.5,71.0,14.9,89.0,4.6000000000000005,4,heavy,plain,excellent,1,1
2810.0,0.16,4.1000000000000005,75.2,24.6,,5.300000000000001,8,heavy,vent,good,1,0
4360.0,0.21,2.3000000000000003,70.5,20.0,94.0,2.8000000000000003,15,survey,trench,excellent,1,1
3710.0,0.03,3.1,71.0,12.6,84.0,2.8000000000000003,21,survey,trench,fair,1,0
2320.0,0.15,3.5,68.5,12.3,83.0,3.5,15,compact,ridge,good,1,0
3670.0,0.98,3.2,80.30000000000001,49.5,88.0,1.6,8,compact,vent,excellent,1,1
930.0,0.09,4.9,67.3,6.7,84.0,8.4,13,heavy,plain,excellent,1,1
2530.0,0.35,3.7,79.5,16.1,88.0,1.1,5,heavy,vent,excellent,1,0
3830.0,0.71,3.3000000000000003,85.80000000000001,42.8,84.0,3.6,10,heavy,vent,fair,1,1
650.0,0.38,6.9,62.6,16.400000000000002,87.0,3.1,4,compact,plain,good,0,0
1190.0,0.24,5.5,61.6,8.4,92.0,2.9000000000000004,9,survey,plain,excellent,1,1
750.0,0.5,7.0,70.4,9.0,91.0,5.5,11,survey,plain,excellent,1,0
1560.0,0.7000000000000001,2.7,73.4,17.2,92.0,4.1000000000000005,16,survey,ridge,good,1,0
590.0,0.61,6.7,72.5,20.4,94.0,1.6,8,survey,plain,excellent,1,0
4610.0,0.07,1.1,70.9,6.6000000000000005,80.0,4.9,24,survey,trench,fair,1,1
1860.0,0.75,4.5,80.4,30.4,90.0,,20,survey,vent,good,1,0
680.0,0.32,6.7,60.7,4.3,85.0,1.9,17,compact,plain,good,1,0
590.0,0.31,7.2,65.8,6.5,88.0,5.2,15,survey,plain,excellent,1,0
2850.0,0.15,1.2000000000000002,71.2,31.9,90.0,3.9,12,survey,trench,excellent,1,0
1670.0,0.7000000000000001,4.5,77.5,36.4,91.0,6.7,9,survey,ridge,excellent,1,0
2160.0,0.45,2.9000000000000004,71.0,25.9,89.0,5.6000000000000005,6,compact,vent,excellent,1,0
1990.0,0.34,,72.3,54.7,90.0,3.9,8,survey,vent,excellent,0,0
840.0,0.25,5.5,63.8,8.1,,3.1,14,survey,plain,good,1,0
1310.0,0.43,3.6,69.3,18.2,82.0,2.5,14,compact,ridge,good,0,0
1100.0,0.2,5.300000000000001,66.7,11.8,90.0,4.1000000000000005,9,compact,ridge,good,1,0
1380.0,0.6,4.2,74.2,36.5,91.0,2.1,15,survey,ridge,good,0,0
4710.0,0.71,1.1,78.2,19.1,99.0,1.9,1,survey,trench,excellent,1,1
810.0,0.17,6.0,70.7,3.6,87.0,1.6,4,heavy,plain,excellent,1,1
720.0,0.03,5.9,65.4,6.2,92.0,3.8,4,survey,plain,excellent,1,0
630.0,0.34,,69.10000000000001,22.9,86.0,7.2,26,survey,plain,fair,0,0
1640.0,0.65,2.0,71.10000000000001,31.6,93.0,2.9000000000000004,10,survey,ridge,good,1,0
980.0,0.49,5.6000000000000005,72.8,16.6,98.0,3.4000000000000004,5,survey,ridge,excellent,1,0
3750.0,0.16,1.0,77.60000000000001,15.9,84.0,12.0,15,heavy,trench,fair,1,0
2900.0,0.39,3.0,73.4,27.200000000000003,86.0,7.5,13,survey,trench,good,1,0
1450.0,0.71,3.9,74.10000000000001,33.1,91.0,7.1000000000000005,15,compact,ridge,good,1,0
1360.0,0.95,3.9,80.5,63.900000000000006,88.0,4.800000000000001,18,survey,ridge,excellent,0,1
1360.0,0.77,4.1000000000000005,74.0,21.6,84.0,1.4,15,compact,ridge,,0,1
5360.0,0.14,,72.5,16.2,87.0,3.4000000000000004,16,survey,trench,excellent,1,0
1490.0,0.55,3.2,79.0,17.5,95.0,3.0,18,survey,ridge,good,1,0
750.0,0.68,6.0,67.8,13.9,89.0,3.0,9,compact,plain,excellent,0,0
550.0,0.24,8.0,66.2,8.0,97.0,4.3,10,survey,plain,good,1,1
4460.0,0.47,0.7000000000000001,73.0,27.9,98.0,2.1,1,survey,trench,excellent,0,1
1560.0,1.01,2.9000000000000004,74.4,23.9,94.0,3.6,7,survey,ridge,excellent,1,1
4600.0,0.12,2.3000000000000003,76.10000000000001,7.9,90.0,3.2,19,survey,trench,fair,1,0
1950.0,0.36,2.0,66.2,17.2,89.0,5.800000000000001,6,survey,ridge,good,1,1
710.0,0.38,7.0,67.4,11.0,89.0,5.2,9,survey,plain,excellent,1,0
4160.0,0.34,3.4000000000000004,81.30000000000001,8.9,90.0,4.7,4,heavy,vent,excellent,1,0
3540.0,0.46,1.8,79.10000000000001,35.0,85.0,6.5,23,survey,vent,fair,1,1
2170.0,1.11,3.2,71.9,60.5,85.0,4.2,32,compact,ridge,poor,0,1
1650.0,0.63,1.9,72.9,37.1,92.0,2.9000000000000004,8,survey,ridge,good,1,0
1480.0,0.49,3.5,77.7,19.200000000000003,83.0,7.0,15,heavy,ridge,fair,1,0
1770.0,0.4,2.4000000000000004,75.60000000000001,18.7,,6.9,10,heavy,ridge,excellent,1,0
2060.0,0.75,2.1,74.60000000000001,23.6,89.0,2.7,12,survey,vent,good,1,0
1490.0,0.18,1.6,68.5,4.800000000000001,87.0,6.7,15,heavy,plain,good,1,1
440.0,0.05,9.6,63.900000000000006,3.8,84.0,3.3000000000000003,16,compact,plain,good,1,0
2740.0,0.07,0.4,68.8,18.4,91.0,1.5,1,compact,trench,excellent,1,0
770.0,0.37,6.6000000000000005,63.5,22.3,87.0,4.0,9,compact,plain,excellent,1,0
700.0,0.48,7.0,70.10000000000001,16.7,95.0,3.0,11,survey,plain,good,1,0
1450.0,0.4,3.2,68.9,16.0,90.0,3.6,8,compact,ridge,excellent,1,0
770.0,0.11,5.6000000000000005,64.60000000000001,5.4,86.0,2.4000000000000004,15,compact,plain,fair,1,0
570.0,0.4,7.9,65.4,2.3000000000000003,92.0,2.8000000000000003,4,compact,plain,good,1,0
620.0,0.71,6.5,74.2,7.800000000000001,87.0,6.5,13,survey,plain,good,1,0
3670.0,0.52,2.5,68.2,14.8,88.0,3.4000000000000004,11,survey,trench,good,1,0
670.0,0.15,7.0,62.900000000000006,4.5,89.0,1.3,8,compact,plain,fair,1,1
2210.0,0.91,2.3000000000000003,75.5,18.2,95.0,1.1,2,survey,ridge,excellent,1,0
560.0,0.2,6.4,63.7,7.2,86.0,9.2,5,compact,plain,excellent,1,1
2870.0,0.37,2.6,79.60000000000001,34.1,87.0,3.4000000000000004,15,heavy,trench,fair,1,0
4210.0,0.12,1.7000000000000002,79.30000000000001,34.1,83.0,3.1,5,heavy,trench,good,1,0
590.0,0.43,,62.3,9.1,86.0,3.8,9,compact,plain,good,1,0
5810.0,0.17,5.1000000000000005,80.7,18.3,89.0,1.9,5,heavy,trench,excellent,1,1
3520.0,0.16,1.5,75.3,23.0,,4.1000000000000005,16,survey,trench,excellent,1,0
720.0,0.13,8.8,64.0,,82.0,6.800000000000001,36,survey,plain,poor,0,0
580.0,0.42,6.2,68.7,16.900000000000002,91.0,2.2,9,survey,plain,excellent,0,0
2480.0,0.59,1.7000000000000002,71.10000000000001,20.9,90.0,5.0,10,survey,ridge,excellent,1,0
1320.0,1.34,3.5,74.7,51.2,85.0,4.9,14,compact,ridge,good,0,1
1530.0,0.78,3.5,74.10000000000001,37.7,91.0,4.0,12,survey,ridge,good,1,0
1390.0,1.51,2.0,81.4,42.900000000000006,93.0,1.6,4,survey,ridge,excellent,1,1
590.0,0.23,4.2,67.5,5.7,91.0,6.1000000000000005,13,survey,plain,excellent,1,1
5050.0,0.35,2.8000000000000003,77.5,25.3,88.0,8.1,19,survey,trench,poor,0,1
2370.0,0.4,2.4000000000000004,68.7,16.400000000000002,90.0,3.5,10,compact,trench,good,1,0
1680.0,0.24,2.5,72.9,8.8,89.0,0.7000000000000001,9,survey,ridge,excellent,1,0
690.0,0.59,6.1000000000000005,72.7,15.7,89.0,5.4,11,survey,plain,excellent,1,0
640.0,0.77,7.1000000000000005,69.3,13.0,87.0,0.8,17,survey,plain,good,1,0
2660.0,0.66,3.4000000000000004,80.2,51.5,85.0,4.9,9,heavy,ridge,good,1,0
1520.0,0.5700000000000001,3.6,71.5,16.3,92.0,2.3000000000000003,9,survey,ridge,excellent,1,0
4930.0,0.33,2.4000000000000004,77.10000000000001,40.2,91.0,2.2,10,survey,trench,good,1,0
840.0,0.46,6.6000000000000005,62.7,14.5,86.0,1.6,6,compact,plain,good,1,0
2640.0,0.32,2.2,78.2,21.0,82.0,8.200000000000001,17,heavy,ridge,fair,1,0
1670.0,0.8,3.0,79.60000000000001,18.1,85.0,4.9,12,heavy,ridge,good,1,1
2240.0,0.37,3.7,84.2,29.4,90.0,1.4,2,heavy,vent,excellent,1,0
2330.0,0.93,3.7,82.80000000000001,55.0,91.0,5.7,23,survey,vent,good,1,1
5380.0,0.55,0.3,82.7,59.3,88.0,4.800000000000001,3,heavy,trench,good,1,1
1940.0,0.1,3.9,77.5,20.1,80.0,14.5,37,survey,vent,poor,0,1
1670.0,0.88,2.6,74.3,23.700000000000003,90.0,4.800000000000001,14,survey,ridge,good,1,0
,0.28,2.1,76.4,22.700000000000003,86.0,10.1,8,heavy,ridge,fair,1,0
540.0,0.21,7.2,60.0,1.8,85.0,3.2,18,compact,plain,fair,1,0
1450.0,0.6,2.8000000000000003,74.4,11.3,82.0,11.3,25,survey,ridge,fair,1,1
2590.0,0.66,3.3000000000000003,73.0,13.0,91.0,0.8,17,survey,ridge,good,1,0
4780.0,0.23,3.2,75.3,25.4,86.0,3.1,22,survey,trench,good,1,0
630.0,0.56,5.4,67.2,21.3,86.0,4.1000000000000005,25,survey,plain,poor,0,0
4120.0,0.54,0.9,82.5,17.3,90.0,3.0,3,survey,vent,excellent,1,0
1110.0,0.68,4.0,72.7,26.9,82.0,3.9,19,compact,ridge,poor,1,1
2840.0,0.13,1.8,78.7,36.9,87.0,2.6,21,survey,vent,fair,1,0
4110.0,0.8,2.7,81.10000000000001,16.8,94.0,1.9,7,survey,vent,excellent,0,1
570.0,0.31,9.1,66.10000000000001,7.4,89.0,,5,compact,plain,fair,1,0
5300.0,0.4,2.1,78.7,24.700000000000003,91.0,,7,heavy,trench,excellent,1,1
4030.0,0.23,2.5,70.10000000000001,23.5,99.0,2.3000000000000003,1,survey,trench,excellent,1,0
1890.0,0.38,0.8,70.9,14.0,91.0,1.4,15,survey,ridge,excellent,1,0
960.0,0.44,4.4,63.5,8.200000000000001,95.0,4.4,9,survey,plain,excellent,1,0
2930.0,0.06,2.2,74.2,15.2,92.0,6.5,14,survey,vent,good,1,0
3300.0,0.23,1.2000000000000002,72.10000000000001,29.200000000000003,94.0,4.3,5,survey,trench,excellent,1,0
3910.0,0.1,2.9000000000000004,73.7,22.1,92.0,3.4000000000000004,10,survey,trench,excellent,1,0
2370.0,0.45,2.0,69.8,13.9,83.0,9.7,37,survey,ridge,fair,1,0
4980.0,0.23,2.1,80.60000000000001,14.3,81.0,9.2,13,heavy,trench,fair,1,1
810.0,0.44,5.5,64.9,5.800000000000001,90.0,1.2000000000000002,18,survey,plain,good,1,0
4700.0,0.37,1.2000000000000002,78.10000000000001,18.8,88.0,9.2,5,heavy,trench,excellent,1,1
670.0,0.55,7.6,70.8,20.1,86.0,,17,survey,plain,good,1,0
4420.0,0.28,,75.60000000000001,29.0,86.0,7.300000000000001,6,heavy,trench,good,1,0
4350.0,0.32,2.0,76.7,,93.0,2.8000000000000003,12,survey,trench,good,1,0
1960.0,1.03,3.3000000000000003,70.4,23.4,93.0,4.7,6,survey,ridge,excellent,0,1
1510.0,0.07,4.6000000000000005,71.3,6.9,89.0,2.1,9,compact,ridge,good,1,1
5920.0,0.16,2.6,75.60000000000001,23.9,83.0,6.5,11,heavy,trench,fair,1,1
5130.0,0.07,2.7,72.5,21.3,93.0,4.2,7,survey,trench,excellent,1,1
1210.0,0.25,6.6000000000000005,65.9,10.3,83.0,7.4,6,heavy,plain,good,1,0
970.0,0.06,5.0,64.3,19.200000000000003,86.0,2.0,23,survey,plain,fair,0,0
1460.0,0.2,2.6,65.4,12.4,83.0,3.4000000000000004,15,compact,ridge,fair,1,0
4420.0,0.23,3.1,71.10000000000001,3.6,90.0,4.0,10,compact,trench,good,1,1
740.0,0.44,6.1000000000000005,66.0,4.9,91.0,4.6000000000000005,13,survey,plain,good,1,0
1370.0,0.43,3.5,70.8,34.9,96.0,4.6000000000000005,11,survey,ridge,good,1,0
560.0,0.6,4.9,66.0,19.9,91.0,3.9,6,compact,plain,excellent,1,0
1090.0,0.73,3.6,69.7,10.8,89.0,1.8,15,survey,plain,good,1,0
390.0,0.66,6.300000000000001,63.7,4.5,91.0,1.4,1,compact,plain,excellent,1,0
3610.0,0.58,3.5,81.30000000000001,50.3,84.0,6.0,8,heavy,vent,fair,0,1
4290.0,0.24,0.8,76.10000000000001,25.1,87.0,6.800000000000001,22,survey,trench,fair,1,0
2800.0,0.93,3.2,,43.3,88.0,1.2000000000000002,14,survey,vent,good,1,1
3200.0,0.34,2.2,74.2,25.0,82.0,12.4,34,survey,vent,poor,1,1
2310.0,0.4,4.4,77.60000000000001,33.7,93.0,1.9,2,compact,vent,excellent,1,0
1410.0,0.13,4.800000000000001,65.60000000000001,23.8,92.0,4.1000000000000005,8,compact,ridge,good,0,0
1180.0,0.18,4.5,64.8,3.7,84.0,5.300000000000001,17,compact,plain,fair,1,0
530.0,0.29,5.5,58.5,7.2,90.0,2.8000000000000003,7,compact,plain,good,1,0
1460.0,0.46,4.1000000000000005,73.7,26.4,93.0,2.8000000000000003,8,survey,vent,excellent,0,0
650.0,0.68,7.300000000000001,72.8,33.9,89.0,5.0,15,survey,plain,good,1,0
2770.0,0.23,2.5,83.2,9.6,87.0,1.0,8,heavy,vent,fair,1,0
620.0,0.45,7.7,61.400000000000006,6.7,91.0,3.0,0,compact,plain,excellent,1,0
930.0,0.06,8.1,65.10000000000001,1.2000000000000002,84.0,4.6000000000000005,14,survey,plain,good,1,0
4470.0,0.51,0.8,78.4,24.3,82.0,5.800000000000001,10,heavy,trench,good,1,1
1770.0,0.22,2.7,74.4,22.8,88.0,1.1,16,survey,ridge,fair,0,0
2000.0,0.55,4.1000000000000005,71.10000000000001,10.4,89.0,2.7,10,compact,vent,good,1,0
570.0,0.15,8.9,65.10000000000001,6.4,90.0,3.8,6,survey,plain,excellent,1,0
1310.0,0.4,2.6,67.60000000000001,13.9,92.0,1.1,2,compact,ridge,good,1,0
560.0,0.1,6.300000000000001,63.1,12.3,89.0,3.2,10,compact,plain,excellent,0,0
650.0,0.45,6.800000000000001,69.0,37.6,93.0,5.9,13,survey,plain,excellent,0,1
2160.0,0.58,1.4,71.3,16.0,94.0,3.5,9,survey,ridge,good,1,0
3060.0,0.26,1.5,77.10000000000001,29.9,83.0,2.8000000000000003,9,heavy,trench,good,1,0
1740.0,0.86,3.2,76.7,46.3,94.0,2.0,10,survey,ridge,good,1,0
850.0,0.3,5.0,67.60000000000001,20.6,96.0,1.5,0,survey,plain,excellent,0,1
550.0,0.36,8.5,63.3,5.2,87.0,6.4,9,compact,plain,fair,1,0
2040.0,0.49,3.8,77.30000000000001,13.6,87.0,12.0,21,survey,ridge,poor,1,0
690.0,0.12,5.9,66.60000000000001,4.5,89.0,7.4,17,survey,plain,excellent,1,1
1440.0,0.2,4.5,68.9,17.5,86.0,3.7,19,survey,ridge,good,1,0
2980.0,0.53,3.9,80.5,46.2,93.0,5.300000000000001,7,survey,vent,good,1,0
1180.0,0.5700000000000001,5.5,69.10000000000001,9.9,87.0,1.7000000000000002,27,compact,ridge,,1,0
770.0,0.34,5.800000000000001,67.60000000000001,19.4,93.0,2.8000000000000003,19,survey,plain,fair,1,0
1600.0,0.35,3.9,75.9,35.800000000000004,93.0,9.5,4,compact,vent,good,0,0
3620.0,0.28,2.8000000000000003,76.5,10.0,96.0,3.5,10,survey,trench,good,1,0
1760.0,1.15,1.3,77.7,25.6,92.0,4.4,10,survey,ridge,excellent,1,1
5430.0,0.05,1.8,,30.1,82.0,3.8,8,heavy,trench,good,1,1
1500.0,0.35,2.7,72.4,13.1,81.0,11.1,37,survey,ridge,poor,1,1
2120.0,0.29,1.3,74.7,51.0,86.0,4.5,7,heavy,ridge,excellent,0,0
1910.0,0.39,2.3000000000000003,81.7,18.9,85.0,12.5,18,heavy,ridge,good,1,1
2400.0,0.12,2.3000000000000003,68.5,13.5,87.0,5.800000000000001,10,compact,trench,excellent,1,0
2100.0,1.16,2.6,83.7,53.8,90.0,8.0,8,heavy,ridge,good,1,1
1650.0,0.63,3.8,79.2,21.3,88.0,5.9,7,heavy,ridge,excellent,1,0
560.0,0.22,7.800000000000001,62.2,6.800000000000001,85.0,4.4,11,compact,plain,good,1,0
580.0,0.03,7.4,59.900000000000006,4.5,89.0,2.1,5,compact,plain,excellent,1,0
370.0,0.24,7.4,60.7,20.3,88.0,5.0,11,compact,plain,excellent,0,0
2260.0,0.34,2.6,77.5,25.0,89.0,3.9,19,survey,vent,fair,0,0
770.0,0.34,5.800000000000001,,11.8,89.0,6.0,9,survey,plain,excellent,1,0
2080.0,0.8300000000000001,3.1,76.80000000000001,18.5,,8.6,10,survey,ridge,excellent,1,0
1670.0,1.3,2.6,76.4,44.3,86.0,3.2,22,survey,ridge,good,1,1
690.0,0.55,10.1,67.8,4.3,88.0,5.800000000000001,18,survey,plain,excellent,1,0
2510.0,0.14,1.0,74.5,24.200000000000003,91.0,,4,heavy,ridge,excellent,1,0
5020.0,0.46,2.9000000000000004,84.60000000000001,44.0,87.0,9.2,4,heavy,trench,good,1,1
2610.0,0.47,2.8000000000000003,70.2,9.4,85.0,3.7,24,survey,ridge,good,1,0
1940.0,0.24,2.7,71.4,24.1,90.0,4.4,13,survey,ridge,excellent,1,0
4760.0,0.07,1.4,77.60000000000001,22.700000000000003,82.0,11.7,15,heavy,trench,poor,1,1
580.0,0.14,8.3,61.0,17.0,86.0,4.800000000000001,17,compact,plain,good,0,0
830.0,0.06,4.6000000000000005,61.400000000000006,5.6000000000000005,90.0,4.4,5,survey,plain,good,1,0
1770.0,0.58,2.5,68.7,17.5,95.0,2.3000000000000003,5,survey,ridge,excellent,0,0
4200.0,0.72,2.0,84.5,54.7,92.0,0.9,10,survey,vent,good,1,1
1040.0,0.39,4.0,70.3,7.0,87.0,8.700000000000001,8,heavy,plain,good,1,1
2690.0,0.19,1.5,71.8,15.8,,6.6000000000000005,10,heavy,ridge,fair,1,0
3480.0,0.22,4.6000000000000005,75.3,26.1,82.0,11.1,33,survey,trench,poor,0,0
1810.0,0.39,4.3,70.4,9.3,89.0,0.7000000000000001,11,survey,ridge,good,1,0
2990.0,0.27,1.5,75.2,23.0,91.0,10.4,15,survey,vent,good,1,0
600.0,0.39,9.4,71.7,8.8,90.0,2.9000000000000004,15,survey,plain,fair,1,0
560.0,0.13,7.7,56.400000000000006,3.4000000000000004,88.0,3.0,9,compact,plain,good,1,0
560.0,0.3,6.4,60.8,5.800000000000001,90.0,3.9,12,compact,plain,excellent,1,0
5320.0,0.42,1.8,76.5,52.900000000000006,87.0,4.4,13,survey,trench,good,0,1
4040.0,0.55,0.7000000000000001,75.60000000000001,46.0,92.0,2.2,10,survey,trench,good,1,0
530.0,0.43,7.2,69.2,12.2,90.0,1.4,12,survey,plain,excellent,1,0
3930.0,0.48,3.4000000000000004,80.80000000000001,,93.0,1.7000000000000002,7,survey,trench,excellent,0,0
1810.0,0.24,3.0,77.7,24.4,88.0,2.4000000000000004,10,compact,vent,excellent,1,0
390.0,0.07,7.6,61.900000000000006,1.7000000000000002,89.0,8.5,17,survey,plain,good,1,1
3570.0,0.32,3.7,78.9,31.4,88.0,2.1,18,survey,vent,fair,1,0
2090.0,1.8,2.8000000000000003,81.0,24.700000000000003,90.0,2.7,5,compact,ridge,good,1,1
760.0,0.13,6.1000000000000005,69.7,6.7,82.0,3.2,9,heavy,plain,good,1,1
1950.0,0.86,2.9000000000000004,72.60000000000001,20.1,89.0,1.2000000000000002,16,survey,ridge,fair,1,0
4150.0,0.09,4.0,73.4,24.8,92.0,7.6,12,survey,vent,good,1,0
2110.0,0.52,2.9000000000000004,71.2,21.700000000000003,79.0,2.3000000000000003,28,compact,ridge,poor,0,0
660.0,0.33,4.5,63.0,20.8,92.0,0.3,3,compact,plain,good,0,1
1150.0,0.14,4.6000000000000005,64.9,4.4,90.0,2.1,11,survey,plain,good,1,1
1290.0,0.4,4.0,73.2,24.200000000000003,93.0,1.9,9,survey,ridge,fair,1,0
750.0,0.33,7.300000000000001,63.3,6.300000000000001,78.0,5.9,21,compact,plain,fair,1,0
1210.0,0.34,1.7000000000000002,70.3,13.9,94.0,6.2,4,survey,ridge,excellent,1,0
480.0,0.2,8.1,61.2,3.7,90.0,1.6,8,compact,plain,excellent,1,0
1020.0,0.28,3.8,,8.1,83.0,1.6,9,heavy,plain,good,1,1
610.0,0.35,5.6000000000000005,69.5,19.3,87.0,3.5,13,survey,plain,excellent,1,0
2030.0,0.31,4.7,74.3,15.8,90.0,2.0,7,compact,vent,excellent,1,0
1100.0,0.27,3.3000000000000003,68.9,14.7,85.0,2.8000000000000003,21,survey,ridge,fair,1,0
4610.0,0.58,2.0,81.30000000000001,40.7,91.0,8.200000000000001,16,survey,trench,good,1,1
1300.0,0.4,3.2,70.7,20.5,88.0,2.3000000000000003,13,survey,plain,good,1,0
5490.0,0.66,3.5,86.7,27.9,87.0,2.8000000000000003,9,heavy,trench,excellent,1,1
720.0,0.56,4.4,63.7,12.5,91.0,3.0,7,compact,plain,good,1,0
1190.0,0.5,5.2,71.8,15.0,91.0,2.4000000000000004,4,survey,plain,excellent,1,0
950.0,0.56,4.4,66.60000000000001,26.0,85.0,5.2,15,compact,plain,fair,0,0
1450.0,0.53,2.3000000000000003,68.9,22.8,92.0,2.8000000000000003,12,survey,ridge,excellent,1,0
750.0,0.09,5.4,62.0,6.5,91.0,2.4000000000000004,5,compact,plain,fair,1,0
710.0,0.23,4.800000000000001,69.0,4.4,86.0,5.0,13,heavy,plain,excellent,1,1
670.0,0.13,5.800000000000001,63.5,7.5,84.0,2.0,15,compact,plain,fair,0,0
800.0,0.26,5.2,64.2,7.4,82.0,4.2,23,survey,plain,,1,1
3910.0,0.24,2.7,69.5,20.3,84.0,2.8000000000000003,21,compact,trench,good,1,0
2210.0,1.3,4.1000000000000005,81.9,26.3,89.0,1.8,7,compact,vent,excellent,1,1
790.0,0.44,5.300000000000001,66.60000000000001,11.4,87.0,2.8000000000000003,16,compact,plain,good,1,0
2530.0,1.35,3.3000000000000003,80.9,47.6,92.0,,10,compact,vent,good,0,1
1330.0,0.75,3.7,74.7,51.3,82.0,6.300000000000001,25,survey,ridge,good,0,0
3970.0,0.29,1.3,75.9,40.8,91.0,2.3000000000000003,27,survey,trench,poor,1,0
810.0,0.56,4.7,62.6,11.9,84.0,4.7,12,compact,plain,good,1,0
460.0,0.26,7.4,63.3,5.5,88.0,1.8,5,compact,plain,excellent,1,0
890.0,0.48,4.4,68.10000000000001,10.9,88.0,3.9,4,compact,plain,excellent,1,0
410.0,0.42,8.200000000000001,60.8,5.0,,4.0,18,compact,plain,fair,1,0
3240.0,0.77,2.1,76.10000000000001,58.6,89.0,2.8000000000000003,5,compact,ridge,good,0,1
1720.0,0.38,2.5,71.2,35.6,94.0,1.6,10,survey,ridge,excellent,1,0
430.0,0.12,9.6,64.60000000000001,4.7,,3.3000000000000003,13,compact,plain,excellent,1,0
1550.0,0.9,3.5,76.0,35.7,89.0,2.1,13,survey,ridge,excellent,1,0
1230.0,0.81,4.6000000000000005,78.0,51.6,93.0,3.7,21,survey,ridge,fair,1,0
3770.0,0.77,1.7000000000000002,84.0,78.80000000000001,82.0,1.6,15,heavy,vent,fair,1,1
540.0,0.45,5.0,60.400000000000006,7.2,82.0,2.3000000000000003,16,compact,plain,fair,1,0
1300.0,0.65,4.800000000000001,74.4,45.400000000000006,85.0,4.1000000000000005,13,compact,vent,excellent,0,0
1560.0,0.26,4.4,73.4,10.7,90.0,8.4,11,survey,ridge,,1,1
710.0,0.07,7.4,62.1,2.3000000000000003,88.0,5.2,2,compact,plain,good,1,0
1800.0,0.29,1.4,70.3,19.700000000000003,87.0,1.8,16,compact,ridge,good,1,0
930.0,0.21,4.3,64.3,7.5,95.0,2.7,11,survey,plain,good,1,0
1350.0,0.15,2.6,70.2,12.0,87.0,4.1000000000000005,24,survey,ridge,fair,0,0
740.0,0.28,6.300000000000001,59.6,33.800000000000004,89.0,6.0,14,compact,plain,fair,0,0
2970.0,0.62,2.9000000000000004,87.7,33.4,83.0,5.1000000000000005,15,heavy,vent,fair,1,1
510.0,0.32,7.6,65.9,13.2,88.0,,20,survey,plain,good,1,1
3910.0,0.53,0.6000000000000001,76.9,12.2,88.0,4.0,21,survey,trench,fair,1,1
3990.0,0.06,3.9,70.3,21.200000000000003,82.0,4.9,26,survey,trench,fair,1,0
1270.0,0.77,4.6000000000000005,75.10000000000001,40.7,90.0,2.5,8,survey,ridge,excellent,1,0
2030.0,1.5,1.1,80.60000000000001,33.1,96.0,6.800000000000001,13,survey,ridge,good,1,1
800.0,0.46,,67.60000000000001,24.200000000000003,87.0,3.0,16,survey,plain,fair,0,0
760.0,0.54,7.2,68.3,14.2,90.0,3.3000000000000003,15,survey,plain,good,0,0
730.0,0.22,3.7,69.2,4.5,96.0,1.8,4,survey,plain,excellent,1,1
690.0,0.43,5.800000000000001,69.0,8.5,86.0,4.4,18,survey,plain,fair,1,0
830.0,0.61,5.0,66.4,13.1,92.0,1.6,2,compact,plain,excellent,1,1
540.0,0.13,10.1,55.900000000000006,4.800000000000001,88.0,2.2,5,compact,plain,excellent,1,0
750.0,0.09,6.4,60.0,8.6,91.0,3.4000000000000004,10,survey,plain,excellent,0,0
5040.0,0.33,0.3,78.0,22.1,86.0,3.7,18,survey,trench,good,1,1
1270.0,0.62,5.7,77.5,29.0,90.0,2.5,10,survey,ridge,excellent,1,0
2890.0,0.77,3.4000000000000004,81.7,26.6,83.0,3.2,5,heavy,ridge,good,1,1
3630.0,0.33,1.9,80.4,47.400000000000006,,12.3,8,heavy,trench,good,1,1
810.0,0.07,7.0,58.1,3.8,90.0,3.4000000000000004,8,compact,plain,excellent,1,0
2830.0,0.29,2.0,75.2,28.4,90.0,3.7,22,survey,trench,good,1,0
1650.0,0.19,4.1000000000000005,67.0,12.5,85.0,2.7,13,compact,ridge,good,1,0
2390.0,0.62,3.2,75.0,33.5,88.0,1.9,14,survey,ridge,excellent,1,0
3040.0,0.13,2.3000000000000003,72.8,29.4,85.0,2.7,21,survey,trench,poor,1,0
2100.0,0.63,3.1,76.3,27.9,95.0,6.5,6,survey,ridge,excellent,1,0
1750.0,0.63,3.9,77.60000000000001,21.700000000000003,93.0,1.5,4,survey,ridge,good,1,1
630.0,0.39,8.4,60.5,14.7,91.0,0.8,10,compact,plain,excellent,1,1
630.0,0.43,6.1000000000000005,64.7,7.2,90.0,4.4,2,compact,plain,excellent,1,0
1530.0,1.18,3.0,77.4,38.2,87.0,8.1,18,survey,ridge,fair,1,1
1190.0,0.36,3.4000000000000004,74.5,15.4,87.0,2.2,12,survey,ridge,good,1,0
490.0,0.18,7.9,58.8,4.7,87.0,0.8,5,compact,plain,fair,1,0
1800.0,0.26,0.2,72.10000000000001,17.400000000000002,88.0,3.2,4,compact,ridge,good,1,0
680.0,0.06,7.1000000000000005,65.2,13.0,87.0,5.5,7,heavy,plain,good,1,1
2040.0,0.11,1.7000000000000002,67.60000000000001,13.7,93.0,4.0,8,survey,ridge,good,1,0
1660.0,0.68,2.8000000000000003,78.0,30.6,87.0,11.4,4,heavy,ridge,excellent,1,0
6200.0,0.41,0.6000000000000001,78.10000000000001,32.6,92.0,12.6,8,heavy,trench,excellent,1,1
1420.0,0.8300000000000001,3.6,75.2,30.9,84.0,4.3,31,survey,ridge,,1,0
4720.0,0.44,1.0,77.10000000000001,30.8,84.0,3.6,10,heavy,trench,good,1,1
4160.0,0.06,0.2,80.0,65.0,77.0,4.800000000000001,20,heavy,trench,poor,0,0
1960.0,0.13,3.4000000000000004,64.9,11.5,91.0,3.9,4,compact,ridge,excellent,0,0
560.0,0.39,8.700000000000001,70.0,21.6,84.0,10.1,32,survey,plain,fair,0,0
720.0,0.21,7.300000000000001,66.9,39.0,85.0,5.2,10,compact,plain,fair,0,0
1390.0,0.23,4.4,65.3,10.3,86.0,10.2,15,survey,ridge,fair,0,0
570.0,0.4,7.5,64.5,20.1,87.0,3.7,5,compact,plain,good,0,0
750.0,0.07,5.1000000000000005,63.7,4.6000000000000005,87.0,2.7,11,compact,plain,good,1,0
530.0,0.28,6.5,63.1,5.300000000000001,89.0,2.3000000000000003,6,compact,plain,excellent,1,0
1760.0,0.29,3.1,72.5,21.3,92.0,4.0,20,survey,ridge,poor,1,0
720.0,0.62,5.0,73.2,25.200000000000003,85.0,4.3,12,survey,plain,good,1,1
1450.0,0.89,2.5,75.9,28.700000000000003,88.0,3.0,10,survey,ridge,excellent,1,0
2840.0,0.68,3.1,76.10000000000001,31.3,88.0,3.2,7,survey,vent,good,1,1
560.0,0.2,6.800000000000001,64.10000000000001,12.5,86.0,2.3000000000000003,16,survey,plain,excellent,0,1
4130.0,0.61,2.3000000000000003,76.60000000000001,34.0,93.0,2.0,6,survey,trench,excellent,1,0
2150.0,1.02,2.1,83.80000000000001,30.6,91.0,6.5,8,survey,vent,good,1,1
3760.0,0.23,3.6,76.9,59.5,87.0,4.1000000000000005,21,survey,vent,good,0,1
2960.0,0.15,1.2000000000000002,71.3,17.400000000000002,89.0,6.2,22,survey,trench,fair,1,0
1530.0,0.53,3.7,75.5,40.0,88.0,1.4,10,compact,ridge,good,0,0
4260.0,0.66,1.3,79.9,38.7,86.0,3.2,8,heavy,trench,good,1,1
4050.0,0.44,2.4000000000000004,79.10000000000001,27.3,84.0,4.0,7,heavy,trench,excellent,1,1
770.0,0.37,6.4,62.900000000000006,7.300000000000001,87.0,4.0,15,compact,plain,good,1,0
1230.0,0.07,4.6000000000000005,67.10000000000001,25.3,87.0,1.5,5,compact,ridge,excellent,0,1
500.0,0.16,8.5,66.10000000000001,10.6,86.0,5.7,24,survey,plain,fair,1,0
480.0,0.15,8.200000000000001,68.60000000000001,12.1,85.0,3.5,30,survey,plain,poor,0,0
1740.0,0.6,1.1,73.2,12.2,88.0,2.8000000000000003,13,survey,ridge,good,1,0
640.0,0.44,6.7,,5.9,89.0,8.4,17,survey,plain,good,1,0
2190.0,1.82,2.5,84.10000000000001,45.7,99.0,3.3000000000000003,1,survey,ridge,excellent,1,0
1720.0,0.87,4.1000000000000005,75.7,16.8,91.0,6.5,6,survey,ridge,good,0,0
3610.0,0.42,1.5,73.3,19.4,85.0,3.2,21,survey,trench,poor,1,0
2550.0,0.5,1.3,74.8,42.3,92.0,3.3000000000000003,12,survey,trench,good,0,0
620.0,0.16,9.2,64.4,4.3,90.0,3.9,3,compact,plain,excellent,1,0
1570.0,0.1,2.5,69.9,30.8,91.0,4.2,7,survey,ridge,excellent,1,0
2030.0,0.46,3.6,72.8,5.0,90.0,9.0,13,survey,ridge,good,1,0
640.0,0.23,6.800000000000001,62.0,7.5,90.0,4.3,12,compact,plain,excellent,1,0
2920.0,0.51,3.0,81.4,37.7,92.0,7.7,9,survey,vent,good,0,0
4380.0,0.23,0.6000000000000001,78.2,31.0,93.0,6.300000000000001,10,survey,trench,excellent,1,0
710.0,0.35,7.5,69.4,14.6,94.0,3.2,5,survey,plain,excellent,1,1
2370.0,0.34,1.8,77.7,14.4,90.0,8.3,10,heavy,ridge,excellent,1,1
1150.0,0.24,3.1,72.0,11.7,93.0,1.6,10,survey,plain,excellent,1,0
1740.0,0.97,2.3000000000000003,79.2,26.1,77.0,18.5,53,survey,ridge,poor,0,1
3980.0,0.41,1.7000000000000002,75.9,42.8,91.0,3.9,15,survey,trench,good,1,0
3430.0,0.68,,79.2,18.3,94.0,5.0,15,survey,vent,good,1,1
2060.0,1.03,4.2,82.80000000000001,53.400000000000006,88.0,8.0,5,heavy,vent,good,1,1
660.0,0.21,7.800000000000001,62.2,5.0,91.0,3.2,5,compact,plain,excellent,1,0
4570.0,0.09,1.2000000000000002,73.3,28.700000000000003,93.0,1.6,11,survey,trench,excellent,1,1
1630.0,0.81,3.7,76.9,44.7,88.0,1.7000000000000002,13,survey,ridge,good,1,0
680.0,0.15,4.5,67.0,5.4,95.0,3.3000000000000003,14,survey,plain,good,1,0
1010.0,0.04,4.800000000000001,61.1,12.0,,3.5,11,survey,plain,poor,0,1
4520.0,0.29,1.5,70.8,13.7,85.0,2.8000000000000003,18,survey,trench,good,1,1
1190.0,0.18,3.7,72.3,22.1,84.0,4.3,18,survey,ridge,fair,1,0
2290.0,0.35,,75.9,26.1,87.0,1.0,17,survey,ridge,good,1,0
650.0,0.26,7.300000000000001,65.3,5.300000000000001,,3.9,5,compact,plain,excellent,1,0
2260.0,0.7000000000000001,2.6,78.30000000000001,27.8,87.0,3.7,5,heavy,ridge,good,1,0
1470.0,0.12,4.2,74.5,19.9,86.0,14.9,12,heavy,ridge,good,1,1
880.0,0.27,3.8,70.5,17.6,83.0,6.9,7,heavy,plain,good,1,1
1150.0,1.49,4.2,80.5,42.8,87.0,1.3,15,compact,ridge,good,1,0
760.0,0.59,6.9,66.0,13.6,88.0,3.1,4,compact,plain,excellent,1,0
3220.0,0.63,3.2,77.60000000000001,38.5,87.0,4.2,29,survey,vent,good,0,0
1540.0,0.21,4.0,70.60000000000001,18.2,87.0,0.8,10,compact,vent,good,1,0
3610.0,0.34,1.5,79.60000000000001,19.200000000000003,92.0,4.5,10,survey,vent,excellent,1,0
2210.0,0.46,3.9,72.60000000000001,45.8,87.0,6.300000000000001,6,compact,vent,excellent,1,1
1820.0,0.33,3.2,68.4,46.5,94.0,3.9,11,survey,ridge,fair,0,1
2300.0,0.72,2.9000000000000004,79.9,85.2,91.0,2.4000000000000004,16,survey,vent,excellent,0,1
610.0,0.05,6.7,62.8,1.7000000000000002,91.0,4.9,12,survey,plain,good,1,1
800.0,0.3,5.4,60.400000000000006,3.5,87.0,1.3,8,compact,plain,good,1,0
2840.0,0.32,3.0,74.10000000000001,26.700000000000003,85.0,3.6,12,survey,trench,good,1,0
1520.0,0.59,3.3000000000000003,73.7,4.7,86.0,2.6,7,compact,ridge,excellent,1,1
3460.0,0.27,1.5,78.9,33.2,87.0,7.800000000000001,10,heavy,trench,excellent,1,0
3170.0,0.68,1.5,81.80000000000001,41.900000000000006,87.0,3.3000000000000003,3,heavy,vent,excellent,1,1
700.0,0.39,5.4,63.2,14.8,92.0,2.7,9,compact,plain,good,1,0
600.0,0.29,8.1,68.7,6.2,77.0,5.0,28,compact,plain,fair,1,0
680.0,0.26,5.2,61.3,21.0,83.0,1.7000000000000002,14,compact,plain,good,0,0
690.0,1.0,6.4,70.10000000000001,57.0,91.0,2.3000000000000003,19,survey,plain,excellent,0,1
3330.0,0.71,2.3000000000000003,85.7,23.5,84.0,6.2,7,heavy,trench,excellent,1,1
1740.0,0.79,2.3000000000000003,74.3,31.0,90.0,2.7,13,survey,ridge,good,1,0
850.0,0.24,6.6000000000000005,65.3,9.4,93.0,2.7,13,survey,plain,excellent,1,0
4720.0,0.1,3.2,71.9,56.5,88.0,6.6000000000000005,22,survey,trench,fair,0,0
1750.0,0.3,3.1,71.3,8.0,87.0,5.6000000000000005,14,survey,ridge,excellent,1,0
1240.0,0.49,4.2,75.2,19.5,89.0,5.1000000000000005,15,survey,ridge,excellent,1,0
2750.0,0.58,2.5,80.7,15.5,84.0,,8,heavy,vent,fair,1,1
2180.0,0.17,2.7,70.5,22.5,94.0,3.8,10,survey,ridge,good,1,1
3650.0,0.41,1.3,78.60000000000001,17.5,91.0,3.2,16,survey,trench,good,1,0
2710.0,0.74,3.0,80.7,58.900000000000006,89.0,1.6,18,survey,vent,good,1,0
4190.0,0.32,,78.7,28.4,95.0,2.8000000000000003,7,survey,trench,good,1,0
1670.0,0.38,4.1000000000000005,71.5,15.4,,3.5,7,survey,ridge,excellent,1,0
2490.0,0.58,3.3000000000000003,73.8,9.6,85.0,4.4,7,compact,vent,good,1,1
690.0,0.37,7.5,67.10000000000001,7.4,93.0,1.9,14,survey,plain,good,1,0
2640.0,0.28,2.3000000000000003,77.60000000000001,22.1,93.0,5.0,7,survey,vent,excellent,1,0
2550.0,0.35,3.1,82.30000000000001,33.0,84.0,5.5,1,heavy,vent,good,1,0
3990.0,0.29,1.5,76.5,14.8,83.0,7.300000000000001,19,survey,trench,fair,1,1
1350.0,1.39,4.3,81.9,46.400000000000006,87.0,1.4,15,compact,ridge,fair,1,1
840.0,0.18,6.300000000000001,71.8,7.800000000000001,89.0,5.9,0,heavy,plain,excellent,1,1
480.0,0.41,7.7,63.8,12.9,88.0,1.9,8,compact,plain,excellent,0,0
1750.0,0.74,3.3000000000000003,76.60000000000001,41.0,82.0,2.8000000000000003,4,heavy,ridge,fair,1,0
1540.0,0.41,4.800000000000001,74.4,59.2,,6.800000000000001,11,survey,ridge,excellent,0,1
1580.0,0.19,3.1,71.3,10.0,95.0,2.6,14,survey,ridge,good,1,0
2380.0,0.1,3.2,73.9,9.0,90.0,3.3000000000000003,16,survey,vent,good,1,0
720.0,0.63,6.7,61.400000000000006,18.2,92.0,2.2,7,compact,plain,excellent,1,0
790.0,0.1,7.2,64.0,3.3000000000000003,93.0,1.8,15,survey,plain,good,1,1
4740.0,0.59,2.8000000000000003,88.10000000000001,26.9,88.0,,5,heavy,vent,excellent,1,1
1020.0,0.42,3.6,66.60000000000001,9.4,82.0,7.800000000000001,24,heavy,plain,poor,1,0
2410.0,0.29,2.9000000000000004,70.9,25.5,90.0,6.4,8,survey,ridge,excellent,1,0
630.0,0.32,7.300000000000001,68.0,14.2,84.0,4.2,18,compact,plain,good,0,0
680.0,0.47,6.5,62.5,31.1,86.0,3.9,15,compact,plain,fair,0,0
1270.0,0.66,3.8,84.30000000000001,39.3,84.0,10.9,14,heavy,vent,good,1,1
2110.0,0.22,4.1000000000000005,71.2,12.5,90.0,7.2,4,compact,vent,good,1,0
2480.0,0.11,1.0,78.0,20.200000000000003,86.0,4.4,2,heavy,trench,excellent,0,0
1070.0,0.43,6.2,70.2,9.6,95.0,1.0,3,survey,plain,excellent,1,0
890.0,0.25,4.0,65.0,5.7,83.0,2.6,18,compact,plain,poor,1,0
5260.0,0.34,2.3000000000000003,79.2,12.6,87.0,7.800000000000001,4,heavy,trench,excellent,1,1
910.0,0.06,5.300000000000001,68.9,1.9,80.0,10.4,19,heavy,plain,fair,1,1
3070.0,0.64,1.3,78.2,43.1,89.0,4.800000000000001,11,survey,trench,good,0,0
3770.0,0.18,4.2,72.60000000000001,10.8,88.0,2.5,22,survey,trench,fair,1,0
2040.0,1.17,2.3000000000000003,81.30000000000001,23.200000000000003,84.0,5.6000000000000005,17,heavy,ridge,good,1,1
880.0,0.23,5.1000000000000005,67.3,11.7,95.0,2.5,12,survey,plain,excellent,1,0
3680.0,0.42,1.2000000000000002,86.4,41.3,91.0,2.6,4,heavy,trench,excellent,1,0
720.0,0.37,5.300000000000001,70.3,27.6,81.0,20.6,44,survey,plain,poor,0,1
2960.0,0.22,2.6,68.60000000000001,5.9,82.0,8.3,19,survey,trench,good,1,0
420.0,0.34,6.1000000000000005,62.1,6.6000000000000005,87.0,2.4000000000000004,3,compact,plain,good,1,0
2380.0,0.36,3.1,78.5,30.200000000000003,92.0,2.4000000000000004,7,survey,vent,good,1,0
740.0,0.06,6.0,60.1,4.800000000000001,92.0,1.2000000000000002,2,compact,plain,excellent,1,0
600.0,0.58,10.3,66.0,16.5,84.0,6.7,23,compact,plain,fair,1,0
2600.0,0.77,3.7,88.60000000000001,63.2,86.0,8.5,7,heavy,vent,good,1,1
2380.0,0.2,2.0,76.2,15.1,94.0,1.4,0,survey,vent,excellent,1,0
1400.0,0.34,4.0,64.7,16.0,88.0,2.9000000000000004,10,compact,ridge,good,1,0
750.0,0.11,6.9,68.60000000000001,6.0,95.0,2.6,3,survey,plain,excellent,1,1
1790.0,1.14,3.5,79.9,54.400000000000006,81.0,3.7,12,heavy,ridge,good,1,1
5580.0,0.52,2.2,,35.1,88.0,7.0,6,heavy,trench,good,1,1
4990.0,0.42,1.4,72.9,25.200000000000003,,7.0,18,survey,trench,fair,1,1
1310.0,0.18,3.6,,11.0,85.0,5.4,10,heavy,vent,excellent,1,1
3800.0,0.22,-1.5,76.10000000000001,7.6,91.0,8.5,21,survey,trench,good,1,0
1390.0,0.59,4.2,69.9,23.1,94.0,2.3000000000000003,5,compact,ridge,excellent,1,0
710.0,0.36,2.7,70.9,11.9,92.0,4.2,10,survey,plain,good,1,0
3910.0,0.22,2.3000000000000003,76.5,28.3,84.0,3.4000000000000004,30,survey,trench,fair,1,0
1680.0,0.67,1.8,74.2,31.200000000000003,89.0,13.3,21,survey,ridge,fair,1,0
3560.0,0.13,2.2,73.0,28.5,91.0,5.0,19,survey,trench,fair,0,0
810.0,0.21,3.7,66.8,9.7,89.0,2.1,10,survey,plain,good,1,0
690.0,0.15,5.6000000000000005,62.2,15.5,86.0,4.2,16,compact,plain,,0,0
590.0,0.18,6.300000000000001,61.1,24.1,90.0,5.800000000000001,9,compact,plain,good,0,1
1260.0,0.84,4.5,71.3,49.3,84.0,,24,compact,ridge,fair,1,0
1240.0,0.59,5.4,70.4,26.3,91.0,3.3000000000000003,4,compact,ridge,good,1,0
3660.0,0.38,2.7,84.7,14.9,77.0,6.6000000000000005,39,survey,vent,poor,1,1
620.0,0.36,7.2,68.4,19.0,85.0,2.2,26,survey,plain,fair,0,0
3370.0,1.35,2.1,89.60000000000001,66.2,90.0,9.0,10,survey,vent,excellent,1,1
460.0,0.68,8.700000000000001,65.5,4.800000000000001,,2.5,16,compact,plain,poor,0,0
830.0,0.06,4.800000000000001,65.10000000000001,5.9,88.0,4.6000000000000005,14,survey,plain,,1,0
5230.0,0.8300000000000001,1.8,82.0,23.8,86.0,4.5,20,survey,trench,fair,1,1
1730.0,0.6,3.1,75.8,39.400000000000006,93.0,2.9000000000000004,6,survey,ridge,excellent,0,0
620.0,0.43,4.800000000000001,61.3,22.700000000000003,90.0,1.5,3,compact,plain,excellent,0,0
1450.0,0.16,0.5,67.10000000000001,35.1,83.0,7.2,29,survey,ridge,fair,0,0
1160.0,0.3,5.0,73.2,22.700000000000003,86.0,6.7,14,heavy,plain,fair,0,0
690.0,0.15,6.0,65.60000000000001,4.2,79.0,4.2,27,survey,plain,poor,1,0
4530.0,0.23,2.5,81.0,40.1,80.0,5.7,11,heavy,trench,good,1,1
870.0,0.41,5.2,67.4,11.9,87.0,8.4,20,survey,plain,fair,1,0
2470.0,0.81,2.3000000000000003,76.0,14.4,89.0,1.6,17,survey,ridge,good,1,1
510.0,0.23,10.4,63.6,9.2,92.0,,2,survey,plain,excellent,1,0
4550.0,0.18,4.2,78.60000000000001,19.200000000000003,85.0,2.5,2,heavy,trench,excellent,1,0
2560.0,0.75,3.9,81.2,27.4,94.0,2.6,2,heavy,ridge,good,1,0
1830.0,0.21,2.2,73.4,43.7,88.0,4.6000000000000005,7,compact,vent,excellent,0,0
2850.0,0.51,3.1,77.5,33.2,82.0,7.9,18,survey,vent,,0,1
540.0,0.39,8.200000000000001,62.900000000000006,24.200000000000003,91.0,1.2000000000000002,4,compact,plain,,1,0
2080.0,0.55,4.3,81.60000000000001,25.700000000000003,90.0,9.0,15,survey,vent,good,1,0
700.0,0.4,5.2,66.8,9.3,91.0,1.0,8,survey,plain,good,1,0
1720.0,0.34,1.6,68.10000000000001,12.2,90.0,,12,survey,ridge,excellent,1,0
930.0,0.3,4.1000000000000005,68.7,4.5,89.0,3.1,12,survey,plain,good,1,0
4920.0,0.5,2.1,82.2,20.6,85.0,7.800000000000001,9,heavy,trench,good,0,1
1710.0,0.47,,78.10000000000001,13.4,87.0,1.4,8,heavy,ridge,good,1,0
4570.0,0.2,0.7000000000000001,74.0,61.5,,17.400000000000002,41,survey,trench,poor,0,1
670.0,0.42,7.5,62.8,20.8,89.0,3.2,11,compact,plain,good,0,0
570.0,0.15,6.800000000000001,61.900000000000006,20.4,86.0,2.4000000000000004,5,compact,plain,excellent,0,0
1310.0,0.71,3.2,72.9,10.0,89.0,3.2,9,compact,ridge,good,1,0
1660.0,0.12,2.5,71.60000000000001,18.4,90.0,1.3,19,survey,ridge,good,1,0
1000.0,0.56,5.300000000000001,69.4,15.8,89.0,3.2,10,compact,ridge,good,1,0
4010.0,0.32,1.5,79.2,23.9,89.0,2.4000000000000004,3,heavy,trench,excellent,1,0
1170.0,0.51,2.7,75.4,8.8,84.0,1.6,22,survey,ridge,good,1,0
4460.0,0.26,3.8,78.7,20.0,85.0,1.9,1,heavy,trench,good,1,1
3950.0,0.07,1.8,71.7,27.700000000000003,93.0,1.5,5,survey,trench,excellent,1,0
1320.0,0.02,5.800000000000001,64.60000000000001,11.3,81.0,1.0,24,compact,ridge,poor,1,0
630.0,0.23,7.1000000000000005,57.1,5.2,80.0,1.7000000000000002,11,compact,plain,good,0,0
4850.0,0.02,2.4000000000000004,71.5,15.3,86.0,6.5,20,survey,trench,fair,1,0
2150.0,0.39,5.2,76.0,20.1,81.0,2.4000000000000004,22,survey,vent,good,0,0
1840.0,0.37,3.1,68.9,20.3,97.0,8.4,9,survey,ridge,excellent,1,0
2560.0,1.03,3.4000000000000004,84.9,61.5,90.0,8.6,4,heavy,ridge,good,1,1
870.0,0.5,6.2,69.5,21.200000000000003,86.0,5.0,21,survey,plain,good,1,0
380.0,0.25,8.8,69.2,7.7,91.0,2.3000000000000003,15,survey,plain,good,1,0
680.0,0.02,5.800000000000001,61.5,8.1,83.0,3.5,16,compact,plain,fair,1,0
4340.0,0.2,2.6,70.60000000000001,24.700000000000003,93.0,3.0,10,survey,trench,good,1,0
960.0,0.59,4.1000000000000005,69.3,13.3,91.0,2.3000000000000003,3,survey,plain,excellent,1,0
820.0,0.54,5.5,64.2,13.1,84.0,5.5,22,survey,plain,good,1,0
2450.0,0.21,1.9,,19.0,91.0,2.9000000000000004,11,survey,trench,good,1,0
1930.0,0.25,3.0,67.3,11.2,83.0,2.9000000000000004,11,compact,ridge,fair,1,0
2020.0,0.64,3.6,80.5,24.0,76.0,5.6000000000000005,18,heavy,vent,poor,1,1
1250.0,0.16,3.7,69.10000000000001,12.5,94.0,2.1,7,survey,ridge,excellent,1,1
2420.0,0.5700000000000001,2.0,73.60000000000001,34.800000000000004,88.0,4.7,26,survey,trench,good,0,0
5450.0,0.1,1.4,71.4,20.4,91.0,2.7,11,survey,trench,good,1,0
2260.0,0.39,2.3000000000000003,72.7,14.9,88.0,9.8,19,survey,ridge,good,1,0
460.0,0.32,5.6000000000000005,66.9,8.700000000000001,88.0,,8,compact,plain,good,1,0
2050.0,0.86,2.1,67.8,10.9,89.0,2.0,4,compact,ridge,good,1,0
4040.0,0.46,3.6,78.4,20.1,86.0,2.2,8,heavy,trench,good,1,0
1940.0,0.62,1.3,74.3,33.300000000000004,91.0,3.7,13,compact,vent,excellent,1,0
1810.0,0.23,2.7,66.9,8.0,94.0,5.6000000000000005,9,survey,ridge,good,1,0
620.0,0.29,5.4,65.2,4.9,87.0,4.800000000000001,9,compact,plain,good,1,0
1310.0,0.68,4.5,70.3,12.8,90.0,4.7,12,survey,ridge,good,1,0
1190.0,0.8200000000000001,5.1000000000000005,75.7,24.0,86.0,2.2,7,compact,ridge,excellent,1,0
590.0,0.09,7.0,63.1,4.4,94.0,8.9,9,compact,plain,excellent,1,1
3870.0,0.13,2.1,82.4,27.4,89.0,3.0,5,heavy,vent,excellent,1,1
1830.0,0.49,3.1,78.10000000000001,19.1,80.0,3.7,20,heavy,ridge,fair,1,0
1910.0,0.27,0.2,69.5,12.2,89.0,3.3000000000000003,18,survey,ridge,excellent,1,0
1840.0,0.89,4.2,77.80000000000001,27.6,92.0,7.1000000000000005,13,survey,ridge,excellent,0,1
1950.0,0.59,2.7,82.2,24.8,93.0,2.6,6,survey,vent,excellent,1,0
2430.0,0.53,1.8,85.2,30.9,82.0,7.300000000000001,12,heavy,vent,poor,1,1
910.0,0.65,7.300000000000001,64.0,3.7,89.0,2.7,4,compact,plain,excellent,1,1
4520.0,0.39,,83.10000000000001,21.5,83.0,8.200000000000001,17,heavy,trench,,1,1
1760.0,0.63,2.8000000000000003,74.3,34.800000000000004,93.0,1.8,2,survey,ridge,,0,0
3240.0,0.41,3.6,82.30000000000001,26.8,87.0,,17,survey,vent,excellent,1,0
550.0,0.18,8.3,72.7,5.9,81.0,4.9,9,heavy,plain,good,1,1
590.0,0.16,8.0,62.900000000000006,3.5,92.0,2.0,2,compact,plain,excellent,1,1
2340.0,0.8200000000000001,1.9,76.5,45.3,90.0,,7,heavy,ridge,excellent,1,0
760.0,0.32,7.1000000000000005,66.60000000000001,29.1,,5.800000000000001,3,compact,plain,excellent,0,0
1060.0,0.08,6.300000000000001,65.9,6.4,83.0,4.2,22,compact,ridge,fair,1,0
3060.0,0.86,3.5,84.5,,93.0,4.2,4,survey,vent,good,1,1
610.0,0.28,7.300000000000001,70.0,9.6,93.0,3.1,11,survey,plain,good,1,1
1400.0,0.54,2.8000000000000003,72.60000000000001,8.8,82.0,4.7,24,compact,ridge,good,1,0
1630.0,0.48,4.4,66.8,22.9,94.0,2.6,4,survey,ridge,,1,0
920.0,0.22,4.800000000000001,65.8,10.2,85.0,1.8,30,survey,plain,poor,1,0
2280.0,0.59,2.7,73.9,17.7,94.0,1.0,10,survey,ridge,excellent,1,0
770.0,0.47,5.6000000000000005,70.4,10.5,87.0,1.8,21,survey,plain,good,0,0
5870.0,0.65,2.1,82.2,38.3,89.0,3.3000000000000003,0,heavy,trench,good,1,1
2120.0,0.47,1.2000000000000002,74.10000000000001,12.7,87.0,3.0,19,survey,ridge,good,1,0
2180.0,0.74,4.6000000000000005,79.60000000000001,29.0,87.0,4.1000000000000005,14,compact,vent,good,0,0
880.0,0.44,5.7,71.0,13.3,84.0,13.9,11,heavy,plain,poor,1,0
1980.0,0.42,1.8,80.80000000000001,19.700000000000003,90.0,3.2,5,heavy,ridge,excellent,1,0
3540.0,0.39,1.6,73.3,15.0,92.0,2.6,10,survey,trench,good,1,0
1390.0,0.27,3.5,72.3,15.0,81.0,12.0,17,heavy,plain,fair,1,1
1830.0,0.53,2.8000000000000003,78.2,21.200000000000003,89.0,3.1,12,survey,ridge,good,1,0
3450.0,0.41,2.3000000000000003,83.30000000000001,26.5,89.0,5.2,2,heavy,vent,excellent,1,0
870.0,0.08,,64.3,6.0,86.0,9.5,9,heavy,plain,fair,1,1
1640.0,1.05,4.1000000000000005,82.80000000000001,28.6,90.0,5.6000000000000005,14,survey,vent,excellent,1,1
1010.0,0.39,5.9,72.8,20.5,88.0,13.1,10,heavy,plain,fair,0,1
2400.0,0.02,3.5,61.6,11.7,92.0,1.2000000000000002,2,compact,trench,excellent,1,0
2760.0,0.61,2.9000000000000004,84.2,60.400000000000006,81.0,10.1,12,heavy,vent,fair,0,1
1460.0,0.43,4.2,71.4,16.6,94.0,0.9,1,compact,ridge,excellent,1,0
2560.0,0.22,1.5,,25.3,92.0,7.5,5,survey,vent,excellent,1,0
4190.0,0.46,2.1,86.80000000000001,52.2,84.0,21.1,29,heavy,vent,fair,1,1
4380.0,0.35,2.4000000000000004,78.80000000000001,26.3,87.0,1.0,7,heavy,trench,good,1,0
620.0,0.11,6.7,69.2,8.3,85.0,7.5,22,survey,plain,good,1,1
2290.0,0.94,3.5,78.4,35.7,88.0,9.3,13,survey,ridge,good,1,1
650.0,0.14,6.6000000000000005,,4.3,87.0,3.3000000000000003,7,compact,plain,,1,0
3600.0,0.21,2.9000000000000004,72.7,26.3,79.0,7.300000000000001,36,survey,trench,poor,1,1
1930.0,0.5,2.8000000000000003,76.2,29.5,92.0,2.6,8,survey,ridge,excellent,0,0
540.0,0.22,8.6,,4.3,89.0,3.4000000000000004,14,compact,plain,fair,1,0
2950.0,0.24,2.8000000000000003,67.10000000000001,11.1,92.0,2.3000000000000003,1,compact,trench,excellent,1,0
2270.0,0.37,2.4000000000000004,78.2,30.8,90.0,5.5,6,heavy,ridge,excellent,1,0
2030.0,0.46,3.3000000000000003,74.0,17.1,95.0,2.1,9,survey,ridge,excellent,1,0
1590.0,0.21,3.3000000000000003,72.5,10.6,,4.5,36,survey,ridge,poor,0,0
510.0,0.13,9.6,56.2,25.9,83.0,7.2,18,compact,plain,fair,0,0
5930.0,0.36,1.6,80.2,53.2,83.0,16.0,38,survey,trench,fair,0,1
2110.0,0.66,3.7,73.10000000000001,9.5,94.0,,11,survey,ridge,excellent,1,0
3150.0,0.56,3.3000000000000003,81.5,26.8,86.0,2.0,9,heavy,trench,good,1,0
820.0,0.31,5.7,68.8,10.3,81.0,2.9000000000000004,22,heavy,plain,good,1,0
560.0,0.07,6.300000000000001,64.4,5.1000000000000005,88.0,5.9,15,survey,plain,good,1,0
1940.0,0.5700000000000001,2.6,72.4,17.1,86.0,2.7,1,survey,ridge,excellent,1,0
1750.0,0.33,2.9000000000000004,72.7,15.2,87.0,4.0,17,survey,ridge,good,1,0
610.0,0.42,7.5,63.8,4.2,89.0,0.5,11,compact,plain,good,1,0
4430.0,0.12,2.5,82.5,22.6,87.0,5.4,3,heavy,trench,good,1,0
450.0,0.17,7.6,59.0,6.300000000000001,88.0,3.0,10,compact,plain,excellent,1,0
3870.0,0.31,2.2,72.2,21.8,97.0,2.8000000000000003,9,survey,trench,excellent,1,0
4260.0,0.08,1.6,73.8,51.7,88.0,4.4,6,heavy,trench,excellent,1,0
520.0,0.24,6.4,63.3,5.800000000000001,89.0,4.800000000000001,5,compact,plain,fair,1,0
4770.0,0.29,1.7000000000000002,74.4,36.2,91.0,5.2,10,survey,trench,good,1,1
880.0,0.21,4.3,68.0,9.6,78.0,15.0,45,survey,plain,poor,1,0
2240.0,1.17,4.1000000000000005,87.9,21.8,84.0,10.0,15,heavy,vent,fair,1,1
2270.0,1.38,2.2,80.80000000000001,98.3,88.0,2.2,18,survey,ridge,good,0,1
4230.0,0.37,2.7,78.5,38.3,84.0,14.2,8,heavy,vent,good,1,0
3990.0,0.08,2.8000000000000003,69.7,18.3,87.0,7.300000000000001,24,survey,trench,poor,0,0
1960.0,0.98,1.8,80.60000000000001,46.7,84.0,14.2,31,survey,ridge,poor,0,1
500.0,0.24,7.4,63.6,6.1000000000000005,89.0,5.300000000000001,9,compact,plain,fair,1,0
740.0,0.63,7.0,69.7,11.4,88.0,,10,survey,plain,good,1,0
4130.0,0.49,2.0,76.3,46.7,88.0,6.6000000000000005,21,survey,trench,good,1,0
510.0,0.36,5.6000000000000005,64.7,7.2,95.0,3.1,2,survey,plain,excellent,1,0
760.0,0.61,5.800000000000001,73.4,8.3,96.0,6.7,10,survey,plain,excellent,1,1
720.0,0.52,5.4,63.7,17.400000000000002,92.0,5.5,2,compact,plain,excellent,1,0
2070.0,0.92,1.5,78.9,56.7,84.0,2.7,29,survey,ridge,good,0,1
4960.0,0.41,,75.60000000000001,29.3,92.0,2.3000000000000003,5,survey,trench,excellent,1,1
1730.0,1.22,2.7,82.60000000000001,3.7,92.0,2.1,14,survey,ridge,fair,1,1
1020.0,0.15,4.3,67.4,24.700000000000003,88.0,2.4000000000000004,13,compact,plain,good,0,0
570.0,0.41,8.200000000000001,59.8,5.6000000000000005,83.0,2.0,18,compact,plain,good,1,0
2620.0,0.55,2.9000000000000004,76.4,50.2,,6.800000000000001,26,survey,vent,good,0,0
1740.0,0.53,3.0,78.2,8.4,89.0,1.6,4,heavy,ridge,excellent,1,0
1700.0,0.96,3.0,84.4,79.7,90.0,1.5,3,survey,vent,excellent,1,1
3650.0,0.56,2.8000000000000003,76.80000000000001,27.5,85.0,4.4,6,heavy,trench,good,1,0
830.0,0.46,6.0,70.5,10.8,91.0,5.9,0,survey,plain,good,1,0
1590.0,0.47,4.3,75.4,28.0,85.0,5.1000000000000005,13,heavy,ridge,fair,1,0
3330.0,0.29,3.1,76.7,21.4,87.0,13.5,7,heavy,vent,good,1,1
2510.0,0.68,2.1,76.4,20.5,88.0,4.4,16,survey,ridge,good,1,0
3890.0,0.33,-0.1,77.9,28.200000000000003,86.0,4.3,22,survey,vent,fair,0,1
2520.0,0.56,2.4000000000000004,72.8,26.8,,2.4000000000000004,17,compact,vent,good,0,1
5350.0,0.02,2.3000000000000003,77.80000000000001,23.4,88.0,10.3,6,heavy,trench,good,1,0
1250.0,0.44,2.5,68.4,4.4,88.0,1.5,13,compact,ridge,good,1,0
680.0,0.53,8.1,,36.9,87.0,2.8000000000000003,1,compact,ridge,good,1,0
1840.0,0.92,3.2,83.10000000000001,19.0,87.0,6.6000000000000005,10,heavy,ridge,good,1,1
680.0,0.64,5.5,72.5,28.200000000000003,91.0,4.800000000000001,5,survey,plain,excellent,0,0
1680.0,0.76,3.7,78.9,8.1,95.0,4.1000000000000005,2,survey,ridge,excellent,1,0
4730.0,0.6900000000000001,1.6,85.10000000000001,39.5,81.0,6.4,16,heavy,trench,fair,1,1
630.0,0.37,6.300000000000001,65.4,6.5,90.0,4.6000000000000005,8,compact,plain,fair,1,0
600.0,0.08,5.9,62.7,,,2.9000000000000004,11,compact,plain,good,0,0
2020.0,0.88,1.6,78.80000000000001,17.3,93.0,3.2,5,heavy,ridge,excellent,1,0
1480.0,0.58,3.0,73.2,8.1,89.0,1.9,19,survey,ridge,good,1,0
990.0,0.32,3.7,67.7,12.3,86.0,1.7000000000000002,34,survey,plain,poor,0,0
4250.0,0.18,2.6,73.4,24.4,95.0,2.2,14,survey,trench,good,1,0
3400.0,0.9,2.7,81.0,34.800000000000004,87.0,7.0,26,survey,vent,good,0,1
2990.0,0.88,1.9,82.30000000000001,29.4,,2.6,5,heavy,ridge,good,1,1
2600.0,0.81,1.9,79.7,106.0,85.0,6.4,12,heavy,ridge,good,0,1
800.0,0.04,,66.3,22.1,82.0,6.5,25,survey,plain,good,0,0
690.0,0.41,7.800000000000001,66.9,10.8,86.0,8.3,27,survey,plain,fair,1,0
1930.0,1.14,2.8000000000000003,79.9,67.2,88.0,3.6,20,survey,ridge,excellent,1,1
1180.0,1.18,4.3,76.7,27.5,84.0,4.2,8,compact,ridge,excellent,1,1
4020.0,0.13,2.7,75.2,26.3,85.0,10.6,28,survey,trench,good,0,0
1010.0,0.3,3.0,62.5,11.0,79.0,5.4,27,compact,plain,poor,0,0
1080.0,0.43,4.2,70.9,14.1,90.0,7.7,16,survey,plain,fair,1,0
480.0,0.55,4.6000000000000005,61.6,5.4,88.0,3.1,4,compact,plain,good,1,0
760.0,0.28,5.4,,7.1000000000000005,80.0,5.0,16,compact,plain,good,1,0
3200.0,0.26,2.7,80.80000000000001,37.7,87.0,5.9,2,heavy,vent,good,1,0
2550.0,0.29,2.1,70.60000000000001,15.8,80.0,8.200000000000001,34,compact,trench,poor,0,0
850.0,0.11,6.300000000000001,68.0,15.4,88.0,1.6,13,survey,plain,excellent,0,1
1460.0,0.31,3.6,68.0,5.6000000000000005,86.0,1.5,7,compact,ridge,excellent,1,0
540.0,0.27,8.4,63.900000000000006,7.4,88.0,2.3000000000000003,11,compact,plain,fair,1,0
1910.0,0.48,3.2,71.5,33.800000000000004,83.0,7.2,11,compact,vent,good,1,0
1140.0,0.8300000000000001,3.3000000000000003,75.2,9.7,82.0,1.4,11,compact,ridge,good,0,1
1730.0,0.74,4.5,73.4,17.400000000000002,91.0,5.0,19,survey,ridge,good,0,1
1940.0,0.08,3.0,69.0,16.0,92.0,7.300000000000001,15,survey,ridge,excellent,1,1
4230.0,0.53,0.9,80.10000000000001,17.5,84.0,7.4,15,heavy,trench,fair,1,1
1680.0,0.17,2.1,67.9,5.300000000000001,84.0,,15,compact,ridge,fair,1,0
1720.0,0.8,3.5,69.9,45.400000000000006,76.0,13.1,43,survey,ridge,poor,0,1
680.0,0.15,5.800000000000001,61.7,5.7,90.0,10.9,29,survey,plain,good,1,1
6230.0,0.03,1.3,83.30000000000001,44.7,81.0,7.0,17,heavy,trench,fair,1,1
4120.0,0.31,4.0,75.7,18.8,89.0,9.8,22,survey,trench,,1,1
1220.0,0.77,3.0,79.7,28.0,84.0,5.4,12,heavy,ridge,good,1,0
360.0,0.17,11.0,65.4,5.6000000000000005,90.0,0.8,7,compact,plain,good,1,0
580.0,0.42,7.5,72.4,12.4,90.0,2.8000000000000003,12,survey,plain,good,1,0
1510.0,0.12,2.6,62.6,6.7,81.0,3.6,21,compact,ridge,poor,1,0
620.0,0.37,3.3000000000000003,66.9,20.200000000000003,86.0,3.7,11,compact,plain,fair,0,0
560.0,0.1,9.7,61.7,6.9,90.0,8.3,4,compact,plain,excellent,1,1
1870.0,1.06,1.7000000000000002,78.7,41.1,89.0,6.2,27,survey,ridge,fair,1,1
860.0,0.29,5.1000000000000005,59.400000000000006,8.0,85.0,1.1,11,compact,plain,,1,0
3610.0,0.27,2.3000000000000003,74.3,30.6,85.0,7.300000000000001,19,survey,trench,good,1,1
2250.0,0.8200000000000001,1.8,73.7,24.6,,3.9,8,survey,ridge,excellent,1,0
520.0,0.4,8.9,71.7,13.7,89.0,4.6000000000000005,9,survey,plain,excellent,1,0
2130.0,0.67,3.5,77.60000000000001,31.4,89.0,5.5,18,survey,vent,good,1,1
740.0,0.54,6.1000000000000005,65.3,27.5,94.0,0.8,6,compact,plain,excellent,0,0
1640.0,0.4,3.5,63.8,16.400000000000002,89.0,6.7,6,compact,ridge,good,1,0
3050.0,0.23,1.5,76.3,17.1,85.0,12.7,6,heavy,trench,,1,0
1000.0,0.13,6.1000000000000005,63.900000000000006,5.800000000000001,83.0,6.4,28,survey,plain,poor,1,1
850.0,0.35,6.800000000000001,66.60000000000001,6.300000000000001,83.0,6.4,21,survey,plain,fair,1,1
1650.0,0.64,3.0,78.30000000000001,27.6,92.0,6.800000000000001,11,survey,vent,fair,1,0
4680.0,0.4,1.2000000000000002,76.3,19.200000000000003,87.0,5.0,13,heavy,trench,good,1,1
850.0,0.23,5.1000000000000005,61.900000000000006,2.8000000000000003,92.0,4.9,4,compact,plain,excellent,1,0
2730.0,1.07,2.5,80.7,,83.0,5.4,8,heavy,ridge,good,1,1
710.0,0.19,7.0,61.8,14.9,90.0,6.5,11,survey,plain,excellent,0,0
1330.0,0.38,,72.3,6.2,81.0,4.3,10,heavy,plain,good,1,0
770.0,0.68,5.800000000000001,72.60000000000001,7.5,96.0,9.1,3,survey,plain,excellent,1,1
1920.0,1.11,4.800000000000001,77.9,45.1,89.0,7.1000000000000005,17,survey,ridge,fair,0,1
2740.0,0.07,3.4000000000000004,65.10000000000001,11.8,86.0,1.5,7,compact,trench,good,1,0
600.0,0.22,7.7,65.7,30.700000000000003,88.0,3.6,25,survey,plain,fair,0,1
760.0,0.39,7.9,67.0,12.0,89.0,3.4000000000000004,6,survey,plain,good,1,0
2900.0,0.42,3.6,79.2,23.1,90.0,5.1000000000000005,17,survey,vent,good,1,0
3390.0,1.01,2.7,88.30000000000001,64.5,85.0,3.9,10,heavy,vent,fair,1,1
5860.0,0.6,0.9,82.4,34.0,78.0,12.8,21,heavy,trench,poor,1,1
4550.0,0.41,1.2000000000000002,76.2,37.3,88.0,5.4,24,survey,trench,fair,1,1
2700.0,0.53,2.2,74.4,29.700000000000003,95.0,2.3000000000000003,4,survey,trench,excellent,1,0
620.0,0.09,6.2,65.4,11.5,87.0,9.3,16,survey,plain,good,1,1
1990.0,0.16,1.2000000000000002,72.5,13.7,94.0,4.7,4,survey,ridge,excellent,1,0
360.0,0.13,7.4,63.2,4.6000000000000005,94.0,1.7000000000000002,4,compact,plain,excellent,1,0
3160.0,0.66,4.9,84.4,37.5,88.0,4.0,7,heavy,vent,good,1,1
1780.0,0.37,4.6000000000000005,68.5,30.5,84.0,2.0,14,compact,ridge,good,0,0
400.0,0.33,11.0,61.3,5.0,84.0,5.0,20,compact,plain,poor,1,0
1220.0,0.46,4.6000000000000005,59.0,11.6,95.0,3.2,0,compact,plain,excellent,1,1
1790.0,0.8,2.6,71.7,22.8,92.0,2.6,8,survey,ridge,good,1,0
500.0,0.27,6.4,65.7,4.1000000000000005,96.0,2.4000000000000004,5,survey,plain,excellent,1,0
2090.0,0.49,1.1,70.7,3.4000000000000004,90.0,4.7,25,survey,ridge,fair,1,0
1880.0,0.62,2.5,80.80000000000001,11.3,83.0,4.5,12,heavy,ridge,fair,1,1
1030.0,0.12,5.2,64.2,3.7,84.0,1.6,18,compact,plain,good,1,0
610.0,0.15,7.7,59.400000000000006,5.7,90.0,2.4000000000000004,8,compact,plain,excellent,1,0
1170.0,1.09,3.7,76.5,41.400000000000006,81.0,,20,compact,ridge,fair,0,1
680.0,0.36,7.5,68.0,6.7,91.0,2.3000000000000003,7,survey,plain,excellent,1,0
2110.0,1.23,1.2000000000000002,77.5,29.700000000000003,84.0,6.0,17,compact,ridge,poor,1,1
1310.0,1.18,4.2,74.7,43.1,89.0,10.4,31,survey,ridge,fair,1,1
1290.0,0.28,5.1000000000000005,71.0,21.1,88.0,4.6000000000000005,15,survey,ridge,good,1,0
4490.0,0.25,1.8,76.2,12.4,89.0,1.8,6,heavy,trench,excellent,1,0
730.0,0.31,5.800000000000001,68.8,25.200000000000003,91.0,2.7,11,survey,plain,excellent,0,1
480.0,0.52,5.2,61.900000000000006,13.6,83.0,3.5,19,compact,plain,good,0,0
2460.0,0.43,2.3000000000000003,69.8,33.9,83.0,1.7000000000000002,16,compact,ridge,good,0,1
840.0,0.51,5.7,66.9,14.8,88.0,2.7,11,compact,plain,good,0,0
3280.0,0.49,1.9,77.9,14.9,87.0,4.4,20,survey,trench,excellent,1,1
1680.0,0.17,2.1,70.7,25.700000000000003,88.0,11.9,7,heavy,plain,good,0,1
900.0,0.39,4.9,65.3,10.7,92.0,3.3000000000000003,17,survey,plain,excellent,1,0
1560.0,0.58,4.2,72.8,23.200000000000003,86.0,2.1,14,compact,ridge,good,1,0
5610.0,0.32,2.3000000000000003,80.60000000000001,19.3,84.0,1.4,9,heavy,trench,good,1,1
640.0,0.34,7.5,67.60000000000001,15.5,88.0,8.0,22,survey,plain,fair,1,0
570.0,0.3,8.5,64.10000000000001,6.7,96.0,2.9000000000000004,2,compact,plain,good,1,1
830.0,0.34,4.800000000000001,68.60000000000001,6.6000000000000005,92.0,3.5,3,survey,plain,excellent,1,0
590.0,0.03,7.1000000000000005,63.3,3.0,89.0,7.800000000000001,9,compact,plain,good,1,1
720.0,0.46,3.1,66.9,18.4,88.0,1.7000000000000002,17,survey,plain,fair,0,0
2860.0,0.53,3.9,84.5,85.30000000000001,87.0,1.8,7,heavy,vent,excellent,1,1
1720.0,0.87,3.4000000000000004,79.0,31.8,89.0,5.300000000000001,15,survey,ridge,excellent,1,1
1140.0,0.45,2.3000000000000003,69.9,12.7,89.0,1.3,0,compact,ridge,excellent,1,0
5170.0,0.02,1.8,76.4,58.6,91.0,5.5,3,heavy,trench,excellent,1,0
2290.0,0.73,3.5,81.10000000000001,25.200000000000003,84.0,4.0,11,heavy,ridge,good,0,1
4190.0,0.08,4.5,75.5,21.3,85.0,2.9000000000000004,8,heavy,trench,good,1,0
1020.0,0.02,4.5,62.5,16.7,,8.4,15,compact,ridge,fair,0,0
1300.0,0.3,3.8,71.8,15.2,89.0,9.7,27,survey,ridge,poor,1,0
550.0,0.61,10.3,69.4,25.8,83.0,4.1000000000000005,27,survey,plain,fair,0,0
1760.0,0.78,4.0,72.7,33.5,86.0,3.7,11,survey,ridge,good,0,0
760.0,0.25,4.1000000000000005,66.60000000000001,17.400000000000002,90.0,6.2,12,survey,plain,good,0,0
1610.0,0.79,2.3000000000000003,74.3,74.8,86.0,5.0,28,survey,ridge,fair,0,1
2000.0,0.7000000000000001,2.5,72.0,10.1,86.0,6.2,31,survey,ridge,poor,1,0
1440.0,0.8200000000000001,,77.5,27.1,89.0,5.5,17,survey,ridge,good,1,0
640.0,0.66,5.4,66.9,11.1,94.0,1.6,5,survey,plain,excellent,1,0
2460.0,0.88,1.9,75.10000000000001,13.2,87.0,3.2,17,survey,ridge,good,1,0
1960.0,0.5,3.5,77.60000000000001,17.5,94.0,1.3,8,survey,vent,good,1,0
4300.0,0.07,-0.4,69.60000000000001,27.9,86.0,5.300000000000001,20,survey,trench,,1,0
2330.0,0.2,1.7000000000000002,72.3,20.700000000000003,93.0,4.0,15,survey,ridge,good,1,0
1420.0,0.42,3.5,69.2,26.3,85.0,5.7,12,compact,ridge,fair,1,0
4700.0,0.25,2.3000000000000003,73.5,22.1,82.0,3.4000000000000004,14,compact,trench,excellent,1,1
1370.0,0.29,1.1,71.5,20.0,88.0,2.2,6,compact,ridge,excellent,1,0
690.0,0.41,7.7,70.0,17.3,92.0,2.0,4,survey,plain,excellent,1,0
2540.0,0.91,3.7,83.10000000000001,108.3,92.0,12.2,8,survey,vent,excellent,1,1
510.0,0.18,6.300000000000001,64.9,6.1000000000000005,94.0,3.5,13,survey,plain,good,1,1
1320.0,0.3,3.2,71.10000000000001,11.7,80.0,6.1000000000000005,24,compact,ridge,poor,1,0
1600.0,0.95,2.1,75.60000000000001,34.300000000000004,94.0,3.3000000000000003,8,survey,ridge,excellent,0,0
3320.0,0.05,1.2000000000000002,74.3,25.5,92.0,5.2,9,survey,vent,good,1,0
1410.0,0.9,3.1,76.5,45.1,90.0,2.8000000000000003,9,survey,ridge,good,1,0
3210.0,0.5,2.4000000000000004,79.80000000000001,41.3,85.0,2.0,6,heavy,ridge,excellent,0,0
600.0,0.17,6.800000000000001,65.2,8.6,88.0,2.6,7,survey,plain,excellent,1,0
930.0,0.17,6.5,67.7,5.1000000000000005,88.0,5.0,22,survey,plain,fair,1,0
1980.0,0.38,0.1,76.60000000000001,38.2,88.0,4.6000000000000005,16,compact,vent,fair,1,0
470.0,0.34,7.9,,11.7,92.0,0.3,0,heavy,plain,excellent,1,1
2900.0,0.45,3.3000000000000003,84.10000000000001,31.6,84.0,6.4,13,heavy,vent,good,1,1
630.0,0.19,6.0,59.2,7.2,89.0,5.2,8,compact,plain,good,1,0
1470.0,0.23,2.2,72.60000000000001,19.8,89.0,1.9,11,survey,ridge,good,1,0
780.0,0.24,5.2,59.1,18.0,88.0,4.2,12,compact,plain,good,0,0
1560.0,1.17,3.5,73.3,17.7,91.0,3.5,11,compact,ridge,,1,1
3800.0,0.15,0.4,73.60000000000001,28.4,87.0,1.1,6,heavy,trench,excellent,1,0
3730.0,0.7000000000000001,2.6,79.4,37.8,95.0,2.3000000000000003,4,survey,vent,excellent,1,0
5220.0,0.48,1.6,80.4,17.900000000000002,88.0,9.9,4,heavy,trench,excellent,1,1
570.0,0.46,5.800000000000001,64.5,8.3,85.0,3.5,11,survey,plain,fair,1,0
510.0,0.31,7.300000000000001,63.7,16.5,78.0,9.3,38,compact,plain,poor,0,0
1450.0,0.62,3.1,73.10000000000001,24.4,90.0,4.1000000000000005,9,survey,ridge,good,1,0
2210.0,0.95,2.5,84.2,64.0,92.0,4.1000000000000005,8,survey,vent,good,1,1
2430.0,0.22,1.8,,36.4,84.0,7.800000000000001,10,heavy,vent,good,1,0
910.0,0.37,5.9,63.7,7.0,93.0,3.5,15,survey,plain,fair,1,0
1630.0,0.42,3.3000000000000003,75.5,19.3,91.0,6.5,8,survey,ridge,excellent,1,1
530.0,0.36,9.6,60.7,10.2,92.0,3.9,4,compact,plain,good,1,0
790.0,0.5700000000000001,5.2,64.2,8.6,88.0,5.7,18,compact,plain,good,1,0
2650.0,0.86,3.2,80.30000000000001,45.900000000000006,87.0,8.4,29,survey,vent,good,1,1
4800.0,0.11,1.1,75.10000000000001,10.8,90.0,1.0,10,survey,trench,excellent,1,0
1130.0,0.58,3.8,73.8,7.2,88.0,2.8000000000000003,8,compact,ridge,good,1,1
1840.0,0.8300000000000001,3.3000000000000003,75.9,34.6,88.0,6.7,17,survey,ridge,good,1,0
3250.0,0.28,2.7,77.5,17.6,86.0,2.5,5,heavy,vent,excellent,1,0
4440.0,0.79,1.2000000000000002,86.4,26.5,85.0,1.3,4,heavy,vent,excellent,1,1
1240.0,0.3,5.9,70.2,22.6,93.0,1.6,6,compact,ridge,excellent,0,0
510.0,0.24,8.5,68.7,7.2,81.0,10.9,37,survey,plain,poor,1,1
400.0,0.13,8.4,60.5,7.300000000000001,86.0,3.3000000000000003,11,compact,plain,good,1,0
450.0,0.56,6.5,67.5,21.700000000000003,84.0,8.4,14,compact,plain,good,1,0
3350.0,0.43,2.3000000000000003,87.7,49.5,83.0,4.4,7,heavy,vent,good,1,0
1060.0,0.47,,70.9,8.1,89.0,2.5,15,survey,plain,excellent,1,0
810.0,0.02,6.5,59.3,6.0,94.0,2.0,3,compact,plain,excellent,1,0
1980.0,0.27,2.4000000000000004,76.2,13.3,94.0,1.2000000000000002,10,survey,vent,good,1,0
790.0,0.42,7.4,75.0,18.2,85.0,3.9,13,heavy,plain,fair,1,0
4090.0,0.35,3.3000000000000003,74.5,18.8,89.0,,16,survey,trench,good,1,1
840.0,0.52,7.4,68.0,13.3,89.0,1.7000000000000002,8,compact,plain,excellent,1,0
600.0,0.85,7.9,70.4,7.9,83.0,3.1,12,compact,plain,excellent,1,0
2060.0,0.23,2.9000000000000004,79.0,28.8,94.0,2.1,9,survey,vent,excellent,1,0
4160.0,0.11,0.8,74.60000000000001,22.0,93.0,3.3000000000000003,9,survey,trench,excellent,1,0
450.0,0.37,8.0,59.0,8.8,89.0,5.6000000000000005,13,compact,plain,good,1,0
2450.0,0.41,3.1,68.4,10.5,85.0,4.800000000000001,21,survey,ridge,excellent,1,0
1210.0,0.19,3.8,65.10000000000001,24.6,86.0,4.6000000000000005,25,survey,plain,good,0,0
720.0,0.28,7.1000000000000005,63.400000000000006,11.5,91.0,2.5,6,compact,plain,excellent,1,0
4070.0,0.39,2.7,85.60000000000001,27.3,93.0,1.5,4,heavy,trench,excellent,1,0
490.0,0.18,6.7,64.5,5.9,92.0,1.4,3,compact,plain,excellent,1,0
1300.0,0.48,3.9,71.7,26.9,85.0,4.5,8,compact,ridge,fair,1,0
1640.0,0.22,1.4,67.4,16.400000000000002,93.0,6.1000000000000005,11,survey,ridge,good,0,0
4180.0,0.47,1.2000000000000002,75.10000000000001,21.700000000000003,92.0,0.9,6,survey,trench,good,1,0
410.0,0.25,6.5,65.0,10.2,,2.7,22,compact,plain,fair,0,0
2260.0,1.0,2.8000000000000003,78.80000000000001,102.9,80.0,4.5,38,survey,ridge,poor,0,1
710.0,0.24,4.800000000000001,62.400000000000006,16.400000000000002,86.0,3.8,17,compact,plain,fair,0,0
1440.0,0.84,2.4000000000000004,78.2,31.3,,6.2,16,survey,ridge,excellent,1,1
490.0,0.18,7.5,63.3,15.7,,1.8,9,compact,plain,good,0,0
3170.0,0.15,2.2,73.4,43.1,89.0,4.4,9,survey,trench,excellent,1,0
1380.0,0.75,3.9,75.10000000000001,23.1,94.0,0.8,6,survey,ridge,excellent,1,0
1480.0,0.24,3.6,64.9,25.1,84.0,1.9,11,compact,ridge,fair,0,0
1220.0,0.93,2.6,79.5,13.0,84.0,13.4,4,heavy,ridge,excellent,1,1
690.0,0.44,6.800000000000001,66.8,4.5,95.0,3.9,7,survey,plain,excellent,1,0
1350.0,0.26,3.6,71.5,5.4,88.0,6.2,14,survey,ridge,excellent,1,1
900.0,0.68,3.2,64.9,12.1,92.0,3.2,4,compact,plain,excellent,1,0
5280.0,0.19,2.3000000000000003,78.7,38.400000000000006,93.0,5.9,15,survey,trench,good,1,0
2660.0,0.1,4.2,75.60000000000001,25.8,90.0,4.4,8,heavy,vent,good,1,0
2910.0,0.43,1.4,,30.700000000000003,90.0,3.0,10,survey,vent,good,1,0
810.0,0.19,7.300000000000001,63.6,3.4000000000000004,87.0,8.200000000000001,24,survey,plain,good,1,0
2760.0,0.31,,76.10000000000001,45.3,99.0,5.300000000000001,6,survey,vent,excellent,1,0
690.0,0.29,5.800000000000001,64.5,21.6,89.0,3.6,19,survey,plain,excellent,0,0
3270.0,0.08,2.8000000000000003,75.5,26.8,85.0,3.1,21,survey,vent,fair,1,0
1680.0,0.48,2.9000000000000004,70.7,27.8,88.0,13.6,26,survey,ridge,fair,0,0
1990.0,0.96,2.0,80.0,17.900000000000002,79.0,2.3000000000000003,6,heavy,ridge,fair,1,1
2610.0,0.44,3.0,74.9,10.6,86.0,1.6,29,survey,trench,fair,1,0
780.0,0.25,7.4,61.5,5.9,87.0,4.7,11,compact,plain,good,1,0
720.0,0.05,7.6,68.4,7.4,,15.4,32,survey,plain,good,1,1
2670.0,0.84,2.6,86.80000000000001,63.8,83.0,1.9,12,heavy,vent,good,1,1
920.0,0.5,4.3,70.60000000000001,16.900000000000002,88.0,2.7,10,compact,plain,excellent,1,0
1480.0,0.96,4.0,78.5,34.9,89.0,10.1,18,survey,ridge,,1,1
2440.0,0.2,4.3,73.10000000000001,16.2,87.0,3.0,5,compact,vent,good,1,0
620.0,0.21,7.300000000000001,61.1,2.7,86.0,3.2,10,compact,plain,good,1,0
1870.0,0.31,3.7,76.80000000000001,17.5,88.0,4.800000000000001,1,heavy,ridge,excellent,1,0
5190.0,0.09,2.0,73.10000000000001,29.0,75.0,6.6000000000000005,32,survey,trench,poor,0,1
1410.0,0.49,3.5,71.3,24.1,96.0,5.1000000000000005,10,survey,ridge,excellent,1,0
750.0,0.27,6.800000000000001,62.400000000000006,18.3,91.0,4.3,5,compact,plain,excellent,0,0
670.0,0.48,7.5,68.5,16.1,80.0,16.1,39,survey,plain,poor,0,1
2330.0,0.21,1.1,68.8,7.800000000000001,89.0,1.8,14,heavy,ridge,good,1,0
4510.0,0.06,2.1,74.2,19.8,91.0,3.7,7,survey,trench,excellent,1,0
620.0,0.4,8.6,69.9,37.4,,2.3000000000000003,11,survey,plain,good,0,1
940.0,0.27,6.7,72.8,19.4,88.0,9.9,7,heavy,plain,excellent,1,1
2020.0,1.04,2.3000000000000003,76.2,33.6,92.0,,8,survey,ridge,excellent,1,0
4770.0,0.18,1.7000000000000002,79.0,18.7,93.0,5.5,7,survey,trench,good,0,0
1520.0,0.59,2.3000000000000003,75.2,38.7,92.0,2.8000000000000003,9,survey,ridge,excellent,1,0
1030.0,0.15,2.9000000000000004,74.8,7.5,87.0,8.6,10,heavy,plain,fair,1,1
580.0,0.37,8.200000000000001,62.3,4.800000000000001,85.0,3.8,14,compact,plain,fair,1,0
1520.0,0.93,1.9,75.2,21.200000000000003,92.0,1.0,3,survey,ridge,excellent,1,0
4490.0,0.32,4.1000000000000005,67.3,22.3,88.0,8.200000000000001,9,compact,trench,good,0,1
5570.0,0.29,1.2000000000000002,81.7,18.4,82.0,2.5,6,heavy,trench,fair,1,1
460.0,0.11,7.0,66.2,2.6,93.0,3.7,4,survey,plain,good,1,0
670.0,0.24,7.0,60.6,10.6,94.0,4.1000000000000005,6,survey,plain,excellent,1,0
5590.0,0.39,1.9,81.7,13.6,79.0,6.7,9,heavy,trench,good,1,1
610.0,0.36,7.5,62.6,16.3,79.0,6.0,34,compact,plain,poor,0,0
3290.0,0.72,2.1,82.5,,90.0,5.4,2,heavy,vent,excellent,1,1
540.0,0.33,6.300000000000001,71.10000000000001,8.700000000000001,86.0,8.3,33,survey,plain,fair,1,0
680.0,0.09,6.5,62.0,3.6,89.0,2.1,13,compact,plain,good,1,0
6230.0,0.58,1.6,78.30000000000001,33.4,94.0,2.0,8,survey,trench,good,1,1
1810.0,1.04,2.8000000000000003,78.10000000000001,,83.0,6.4,10,heavy,ridge,good,1,1
1230.0,0.02,5.300000000000001,64.4,4.2,90.0,2.1,1,compact,ridge,excellent,1,0
800.0,0.53,7.800000000000001,70.8,17.2,93.0,1.7000000000000002,16,survey,plain,good,1,0
3250.0,0.44,3.7,75.8,38.900000000000006,84.0,4.9,26,survey,vent,fair,0,0
1870.0,0.66,3.9,78.7,17.3,86.0,1.5,2,heavy,ridge,good,1,0
1680.0,0.44,4.7,72.3,9.8,93.0,2.3000000000000003,11,survey,vent,excellent,1,0
900.0,0.03,4.0,66.10000000000001,10.8,94.0,2.7,1,compact,plain,excellent,1,0
880.0,0.44,5.7,71.0,30.200000000000003,92.0,1.8,6,compact,ridge,excellent,1,0
4420.0,0.25,3.2,79.5,19.9,85.0,,10,heavy,trench,excellent,1,0
620.0,0.19,5.9,63.0,17.8,86.0,,16,compact,plain,good,0,0
3210.0,0.59,2.3000000000000003,84.0,18.8,87.0,4.6000000000000005,9,heavy,vent,good,1,0
870.0,0.24,4.7,64.8,3.6,92.0,5.2,3,compact,plain,good,1,0
4630.0,0.41,1.3,79.2,24.4,86.0,3.4000000000000004,9,heavy,trench,good,1,1
2630.0,0.54,1.2000000000000002,70.8,52.5,79.0,8.5,18,compact,ridge,fair,0,1
5630.0,0.07,2.5,79.10000000000001,29.4,80.0,6.5,12,heavy,trench,poor,1,1
2400.0,0.72,1.8,76.7,57.0,89.0,3.8,11,survey,ridge,excellent,1,1
5670.0,0.4,1.8,76.60000000000001,22.9,93.0,2.6,8,survey,trench,excellent,1,1
2540.0,0.39,3.1,72.8,10.5,93.0,6.6000000000000005,8,survey,ridge,excellent,1,1
4580.0,0.59,3.6,80.30000000000001,93.7,84.0,4.1000000000000005,6,heavy,vent,excellent,0,1
2090.0,0.86,2.0,77.2,20.6,83.0,9.6,16,survey,ridge,good,1,1
5920.0,0.29,2.7,82.9,20.200000000000003,87.0,7.0,8,heavy,trench,excellent,1,1
950.0,0.25,3.0,69.4,11.4,84.0,8.0,5,heavy,plain,excellent,1,1
4890.0,0.75,0.2,79.5,15.2,82.0,7.2,33,survey,trench,poor,1,1
4660.0,0.11,2.4000000000000004,75.5,23.1,86.0,4.1000000000000005,9,heavy,trench,good,1,0
570.0,0.28,7.300000000000001,67.9,11.5,91.0,2.8000000000000003,5,survey,plain,excellent,1,0
2880.0,0.87,,76.0,61.400000000000006,84.0,4.2,17,compact,vent,poor,0,1
790.0,0.9,6.9,70.8,28.200000000000003,86.0,2.0,11,compact,ridge,excellent,0,0
800.0,0.09,5.2,67.10000000000001,7.1000000000000005,90.0,1.3,7,survey,plain,good,1,0
760.0,0.3,4.9,62.0,7.2,85.0,4.800000000000001,12,compact,plain,good,1,0
570.0,0.22,5.800000000000001,61.900000000000006,9.8,86.0,4.2,18,compact,plain,fair,0,0
4330.0,1.05,,84.60000000000001,100.2,90.0,1.3,6,heavy,vent,good,1,0
4560.0,0.51,3.3000000000000003,82.5,32.7,86.0,7.1000000000000005,8,heavy,trench,good,1,1
3410.0,0.42,0.6000000000000001,77.0,16.1,91.0,5.4,3,survey,trench,good,1,0
2060.0,0.9,4.9,79.2,49.5,81.0,6.4,16,heavy,ridge,,1,1
3500.0,0.29,2.8000000000000003,71.3,19.9,93.0,8.1,4,survey,trench,excellent,1,0
1070.0,1.07,6.1000000000000005,73.10000000000001,29.6,83.0,2.7,11,compact,ridge,fair,1,0
3720.0,0.14,2.6,77.10000000000001,20.1,88.0,8.0,9,heavy,trench,good,1,0
3280.0,0.15,2.7,76.7,27.6,94.0,1.5,9,survey,vent,excellent,0,0
5660.0,0.58,3.9,83.2,64.2,93.0,2.8000000000000003,0,heavy,trench,good,1,1
800.0,0.85,6.800000000000001,69.2,17.0,95.0,4.7,8,compact,plain,good,1,0
880.0,0.1,5.1000000000000005,62.8,4.800000000000001,87.0,2.0,12,survey,plain,good,1,0
520.0,0.4,7.300000000000001,67.60000000000001,14.2,92.0,2.3000000000000003,9,survey,plain,good,1,0
730.0,0.31,6.0,63.5,10.7,93.0,1.4,14,survey,plain,excellent,1,0
960.0,0.5,4.4,70.2,14.0,91.0,0.6000000000000001,7,survey,plain,good,1,1
3200.0,0.79,3.4000000000000004,80.7,59.1,93.0,3.0,16,survey,vent,good,1,0
4450.0,0.56,2.8000000000000003,79.7,17.5,78.0,6.9,12,heavy,trench,good,1,1
2710.0,0.13,1.5,69.10000000000001,10.5,87.0,2.0,16,survey,trench,fair,1,0
1890.0,0.44,4.0,72.10000000000001,16.6,93.0,10.7,11,survey,ridge,excellent,1,1
1670.0,0.55,2.5,66.5,10.9,80.0,4.9,22,compact,ridge,fair,1,1
1600.0,1.06,2.2,81.30000000000001,73.3,87.0,2.0,6,heavy,ridge,excellent,0,1
670.0,0.37,6.300000000000001,66.3,10.6,79.0,7.800000000000001,31,survey,plain,poor,1,1
2160.0,1.04,2.9000000000000004,,24.4,88.0,5.7,13,survey,vent,excellent,1,1
4180.0,0.18,1.3,78.2,23.700000000000003,79.0,11.6,17,heavy,trench,,1,1
440.0,0.11,6.5,57.8,6.1000000000000005,82.0,3.5,13,compact,plain,fair,1,0
3730.0,0.8,3.3000000000000003,82.5,35.800000000000004,82.0,15.2,34,survey,vent,poor,1,1
1710.0,0.65,2.1,73.10000000000001,15.8,92.0,9.8,6,survey,ridge,excellent,1,0
500.0,0.53,10.7,63.2,15.4,88.0,4.1000000000000005,8,compact,plain,excellent,0,0
4890.0,0.22,3.9,71.4,5.800000000000001,92.0,1.4,1,survey,trench,excellent,1,0
580.0,0.02,7.2,63.1,7.800000000000001,86.0,9.1,26,survey,plain,good,1,1
1670.0,0.2,4.6000000000000005,62.3,2.0,86.0,2.1,8,compact,ridge,excellent,1,0
1440.0,0.46,4.7,81.80000000000001,12.4,89.0,5.5,16,survey,vent,good,1,0
4330.0,0.58,0.9,72.8,26.6,82.0,4.800000000000001,25,survey,trench,good,1,1
580.0,0.04,5.9,60.0,3.4000000000000004,76.0,5.6000000000000005,29,compact,plain,poor,1,0
4460.0,0.52,0.9,81.2,29.0,91.0,4.0,11,survey,trench,excellent,1,1
980.0,0.19,5.300000000000001,65.8,2.5,91.0,2.7,9,survey,plain,excellent,1,0
2130.0,0.6900000000000001,2.4000000000000004,77.0,18.4,93.0,3.4000000000000004,2,survey,ridge,excellent,1,0
860.0,0.19,6.300000000000001,60.900000000000006,11.9,87.0,3.8,19,survey,plain,poor,0,1
690.0,0.13,8.6,62.0,5.9,94.0,2.2,17,compact,plain,good,1,0
830.0,0.28,,62.5,12.0,93.0,1.4,6,survey,plain,excellent,1,0
3850.0,0.02,1.4,77.60000000000001,27.0,83.0,2.7,9,heavy,trench,good,0,0
650.0,0.23,5.2,62.8,10.6,95.0,2.7,6,survey,plain,excellent,1,0
5340.0,0.56,0.1,84.60000000000001,37.7,88.0,3.1,8,heavy,trench,excellent,1,1
1770.0,0.79,3.9,76.2,21.700000000000003,83.0,9.9,33,survey,ridge,fair,1,1
5200.0,0.34,1.2000000000000002,78.10000000000001,27.5,84.0,7.6,10,heavy,trench,good,1,1
3290.0,0.43,1.7000000000000002,79.30000000000001,28.3,90.0,2.3000000000000003,2,survey,vent,good,1,0
3540.0,0.05,3.9,71.4,12.5,,7.1000000000000005,8,survey,trench,good,1,0
2500.0,0.09,2.5,73.7,10.8,90.0,2.5,5,survey,trench,good,1,0
1450.0,0.54,5.800000000000001,64.7,34.9,86.0,1.7000000000000002,7,compact,ridge,excellent,1,0
2100.0,0.34,3.5,68.9,16.1,94.0,1.7000000000000002,5,compact,vent,,0,0
2880.0,0.73,3.5,77.4,29.5,90.0,5.800000000000001,17,survey,vent,good,1,0
1530.0,0.61,3.2,75.5,18.9,96.0,5.0,7,survey,ridge,excellent,1,0
4890.0,0.14,3.1,77.80000000000001,54.400000000000006,85.0,11.2,14,heavy,trench,fair,1,0
2910.0,0.18,4.4,75.0,14.0,87.0,4.0,14,survey,vent,good,1,0
2300.0,0.24,0.1,,8.0,87.0,5.0,8,survey,ridge,good,1,0
1080.0,0.28,4.7,67.2,3.9,87.0,1.3,23,survey,plain,good,1,0
760.0,0.11,6.1000000000000005,65.4,16.3,89.0,2.0,15,survey,plain,good,0,0
2070.0,0.53,4.0,72.60000000000001,29.4,90.0,1.9,9,compact,ridge,good,0,0
2560.0,0.14,1.7000000000000002,73.2,9.3,82.0,4.6000000000000005,19,survey,ridge,good,1,0
4170.0,0.33,2.2,78.80000000000001,24.8,84.0,3.6,14,heavy,trench,good,1,1
1020.0,0.58,4.6000000000000005,62.900000000000006,6.5,,4.0,7,survey,plain,excellent,1,0
570.0,0.1,8.4,63.2,2.6,89.0,1.6,6,compact,plain,excellent,1,0
1410.0,1.3,3.3000000000000003,82.5,48.2,92.0,4.0,8,survey,ridge,good,1,1
1720.0,0.37,4.0,71.3,26.700000000000003,85.0,3.7,22,survey,ridge,good,1,0
1970.0,0.36,2.6,74.7,14.2,94.0,2.2,3,survey,ridge,excellent,1,0
710.0,0.11,7.4,65.4,6.4,89.0,8.0,22,survey,plain,fair,0,1
2640.0,0.71,0.9,78.80000000000001,20.700000000000003,86.0,2.3000000000000003,5,heavy,ridge,good,1,0
530.0,0.46,8.6,59.7,21.3,87.0,4.3,12,compact,plain,excellent,1,0
2740.0,0.11,3.2,76.5,41.400000000000006,91.0,2.9000000000000004,15,survey,vent,good,1,0
4910.0,0.22,2.1,77.2,30.1,92.0,1.9,8,survey,trench,good,1,0
1500.0,0.5,3.5,69.60000000000001,18.3,82.0,1.2000000000000002,13,compact,ridge,good,1,0
2590.0,1.08,2.0,79.0,55.2,88.0,8.700000000000001,12,survey,ridge,good,0,0
5390.0,0.09,2.5,79.80000000000001,18.9,92.0,1.5,0,heavy,trench,excellent,1,1
2940.0,0.13,-0.4,69.7,24.9,88.0,3.5,24,survey,ridge,good,1,0
2490.0,0.59,2.7,77.30000000000001,20.200000000000003,78.0,4.2,18,heavy,ridge,fair,1,1
820.0,0.48,7.5,66.9,10.7,83.0,4.9,23,survey,plain,poor,1,0
1360.0,0.33,4.7,76.0,25.200000000000003,83.0,7.5,14,compact,vent,excellent,1,0
680.0,0.45,5.9,73.5,21.700000000000003,88.0,2.7,5,heavy,plain,excellent,0,1
1970.0,0.3,3.5,72.7,21.4,83.0,7.2,28,survey,ridge,fair,1,0
860.0,0.62,4.9,71.3,26.0,86.0,7.5,27,survey,plain,good,1,0
470.0,0.12,8.200000000000001,62.5,22.9,83.0,6.7,24,compact,plain,poor,0,0
3600.0,0.25,1.8,74.3,38.7,87.0,5.1000000000000005,15,survey,trench,good,1,1
2090.0,0.67,4.9,76.2,36.6,90.0,2.0,7,compact,vent,excellent,1,0
2030.0,0.06,4.0,71.2,17.6,90.0,3.8,13,survey,ridge,fair,1,0
1440.0,0.58,3.7,72.3,35.4,91.0,1.3,4,compact,ridge,excellent,0,0
4350.0,0.13,,75.9,34.5,92.0,3.2,13,survey,trench,good,1,0
2150.0,0.02,4.4,77.60000000000001,10.1,86.0,3.8,10,heavy,vent,good,1,1
1800.0,1.06,3.6,77.2,10.6,90.0,6.4,23,survey,ridge,good,1,1
3390.0,0.92,4.4,81.2,38.6,85.0,2.3000000000000003,8,heavy,ridge,good,1,1
1190.0,1.42,5.1000000000000005,78.7,36.2,97.0,2.0,1,survey,ridge,excellent,1,0
3610.0,0.05,1.0,75.60000000000001,46.8,82.0,3.8,19,heavy,trench,poor,1,1
1530.0,0.65,4.9,70.4,40.2,88.0,2.8000000000000003,8,compact,ridge,good,1,0
590.0,0.23,7.9,64.0,12.0,88.0,1.8,17,survey,plain,good,0,1
560.0,0.28,9.3,65.0,16.6,88.0,2.0,8,compact,plain,good,0,1
560.0,0.12,,67.0,3.8,85.0,11.7,25,survey,plain,good,1,1
600.0,0.3,6.9,66.0,7.0,88.0,8.9,3,compact,plain,good,1,0
1570.0,0.64,3.9,79.4,52.8,86.0,,13,heavy,ridge,good,1,0
540.0,0.08,7.5,60.3,2.6,86.0,10.0,20,compact,plain,good,1,1
2060.0,0.63,2.7,68.7,20.200000000000003,88.0,1.0,7,compact,ridge,excellent,1,0
750.0,0.14,4.800000000000001,66.8,4.0,89.0,4.7,15,survey,plain,excellent,1,1
630.0,0.18,6.9,64.5,7.1000000000000005,89.0,2.1,5,compact,plain,excellent,1,0
1150.0,1.51,3.1,74.3,38.5,89.0,3.0,5,compact,ridge,excellent,1,1
3840.0,0.06,2.8000000000000003,77.10000000000001,28.200000000000003,85.0,3.2,1,heavy,trench,good,0,0
1530.0,0.51,2.3000000000000003,76.7,17.0,82.0,9.1,9,heavy,ridge,good,1,1
1570.0,1.98,1.9,87.0,75.3,85.0,4.4,17,compact,ridge,fair,1,1
1060.0,0.51,3.6,71.7,10.0,91.0,3.1,22,survey,ridge,fair,1,0
430.0,0.25,8.200000000000001,63.1,6.4,93.0,3.6,16,compact,plain,excellent,1,0
5130.0,0.64,1.6,80.60000000000001,17.6,91.0,7.300000000000001,8,survey,trench,excellent,1,1
830.0,0.58,5.9,64.10000000000001,17.1,87.0,1.3,7,compact,plain,good,1,0
2610.0,1.59,2.5,79.30000000000001,55.0,85.0,2.8000000000000003,7,compact,ridge,good,1,1
370.0,0.87,7.300000000000001,65.3,9.2,85.0,6.9,20,compact,plain,excellent,1,0
480.0,0.95,8.6,71.0,14.2,88.0,7.800000000000001,15,survey,plain,good,1,1
5500.0,0.66,0.9,78.4,53.400000000000006,83.0,3.1,19,survey,trench,fair,1,1
3680.0,0.16,2.3000000000000003,79.10000000000001,38.2,92.0,1.9,10,survey,vent,excellent,1,0
1420.0,0.39,3.0,77.60000000000001,23.9,92.0,3.3000000000000003,8,survey,ridge,excellent,1,0
3280.0,0.71,2.3000000000000003,82.4,16.5,89.0,3.1,3,heavy,vent,good,1,1
2760.0,0.53,1.7000000000000002,80.80000000000001,16.0,89.0,5.800000000000001,18,survey,vent,good,1,1
1400.0,0.49,1.5,69.0,12.7,93.0,0.9,16,survey,ridge,good,1,0
1870.0,1.06,,75.9,19.9,87.0,5.800000000000001,14,survey,ridge,excellent,1,1
420.0,0.07,8.4,62.3,3.2,84.0,1.3,13,compact,plain,good,1,0
1930.0,0.46,4.1000000000000005,78.2,32.9,86.0,8.0,17,survey,vent,good,1,0
500.0,0.38,8.3,63.1,9.1,83.0,3.0,22,compact,plain,fair,1,0
3420.0,0.04,3.2,73.2,15.0,93.0,4.6000000000000005,13,survey,trench,excellent,1,0
970.0,0.34,3.8,67.3,15.7,97.0,3.2,6,survey,plain,excellent,0,0
3360.0,0.09,3.2,77.60000000000001,56.6,86.0,6.2,28,survey,vent,fair,0,1
1040.0,0.27,4.2,63.1,5.0,83.0,6.2,13,compact,plain,good,1,0
330.0,0.15,8.8,57.8,3.3000000000000003,89.0,4.6000000000000005,8,compact,plain,excellent,1,1
510.0,0.21,,61.8,8.4,86.0,1.5,14,compact,plain,good,1,1
4940.0,0.08,4.6000000000000005,76.60000000000001,30.5,93.0,1.9,9,survey,trench,good,1,0
1500.0,0.56,,79.7,43.1,82.0,4.4,27,survey,vent,fair,1,0
920.0,0.44,5.2,71.5,30.4,90.0,1.5,18,survey,plain,excellent,0,1
750.0,0.44,6.1000000000000005,60.5,11.4,88.0,6.0,11,compact,plain,good,1,0
2460.0,0.92,3.1,81.10000000000001,30.6,89.0,3.0,4,heavy,ridge,good,1,1
1900.0,0.73,3.3000000000000003,77.9,21.6,85.0,3.1,20,compact,vent,fair,1,1
1310.0,0.09,3.1,72.2,17.900000000000002,91.0,5.2,10,survey,ridge,fair,0,0
560.0,0.2,7.300000000000001,64.3,12.3,83.0,3.4000000000000004,15,compact,plain,fair,0,0
1990.0,0.8300000000000001,2.6,77.2,16.900000000000002,,1.8,12,survey,ridge,good,1,0
590.0,0.26,7.0,65.2,9.6,88.0,3.4000000000000004,13,survey,plain,good,1,0
4380.0,0.27,1.7000000000000002,79.0,40.8,87.0,2.1,13,survey,trench,excellent,1,0
3500.0,0.33,2.7,79.60000000000001,43.8,,2.7,8,heavy,trench,good,0,0
2640.0,0.36,2.7,72.3,40.0,92.0,1.4,16,survey,ridge,good,0,0
590.0,0.34,4.800000000000001,63.1,10.9,85.0,10.1,18,survey,plain,fair,0,0
1330.0,0.51,4.0,71.5,14.0,90.0,4.7,7,survey,ridge,,1,0
4080.0,0.44,1.5,81.60000000000001,57.5,,4.3,11,heavy,trench,good,1,1
1880.0,0.96,3.4000000000000004,77.5,32.1,92.0,1.9,12,survey,ridge,good,1,0
1130.0,0.75,4.5,69.8,12.3,85.0,2.3000000000000003,17,compact,ridge,fair,1,0
2980.0,0.25,0.8,70.9,39.8,90.0,5.9,16,compact,trench,fair,0,0
3740.0,0.16,2.1,74.10000000000001,29.4,89.0,3.5,13,survey,trench,fair,1,0
1490.0,0.45,1.9,69.0,9.7,90.0,4.800000000000001,17,survey,ridge,excellent,1,1
450.0,0.15,7.300000000000001,60.5,5.7,89.0,1.8,5,compact,plain,good,1,0
3420.0,0.29,0.9,78.10000000000001,17.5,80.0,7.4,17,heavy,trench,poor,1,0
2870.0,0.33,1.4,73.5,17.2,88.0,3.7,3,compact,vent,excellent,1,0
840.0,0.27,5.800000000000001,60.3,12.7,86.0,6.6000000000000005,15,compact,plain,fair,1,0
820.0,0.34,5.5,64.60000000000001,16.0,93.0,3.5,12,survey,plain,good,1,0
2260.0,0.37,2.7,77.60000000000001,46.7,82.0,2.6,11,heavy,ridge,fair,1,0
2990.0,0.22,2.6,75.5,43.6,84.0,3.8,30,survey,trench,poor,0,0
3040.0,0.15,3.1,75.3,35.9,87.0,5.5,21,survey,vent,good,1,0
580.0,0.12,9.4,59.0,3.0,92.0,2.9000000000000004,4,compact,plain,excellent,1,0
2130.0,0.77,3.0,69.9,20.3,83.0,2.6,25,compact,ridge,fair,0,1
700.0,0.62,4.1000000000000005,72.10000000000001,11.2,89.0,3.4000000000000004,4,heavy,plain,excellent,1,1
750.0,0.43,5.4,75.60000000000001,10.1,91.0,3.3000000000000003,3,heavy,plain,good,1,1
900.0,0.34,5.5,66.60000000000001,7.5,92.0,2.0,8,survey,plain,good,1,0
1980.0,0.45,3.8,78.60000000000001,19.4,87.0,7.0,15,survey,vent,good,1,0
2990.0,0.42,1.9,82.5,27.3,89.0,10.9,1,heavy,vent,good,1,0
530.0,0.32,8.5,70.5,22.6,91.0,4.2,4,heavy,plain,excellent,1,1
440.0,0.25,10.3,63.1,20.4,81.0,8.6,27,compact,plain,poor,0,0
620.0,0.25,5.4,70.0,4.2,93.0,6.0,10,survey,plain,excellent,1,1
1900.0,1.21,2.7,81.80000000000001,29.4,83.0,4.3,31,survey,ridge,poor,1,1
1590.0,0.91,2.8000000000000003,73.5,36.7,82.0,5.9,23,compact,ridge,fair,1,1
670.0,0.19,3.3000000000000003,65.7,8.200000000000001,89.0,8.1,21,survey,plain,good,1,1
1280.0,0.48,4.7,68.60000000000001,22.1,90.0,10.8,10,survey,plain,excellent,1,0
2770.0,0.75,4.0,81.0,14.4,84.0,7.0,6,heavy,vent,good,1,1
2340.0,0.25,3.2,76.3,26.8,94.0,3.6,6,survey,vent,excellent,1,1
2510.0,0.77,3.7,76.4,40.0,92.0,4.5,14,compact,vent,good,1,0
2340.0,0.21,3.2,75.60000000000001,15.7,94.0,4.800000000000001,4,survey,ridge,good,1,0
690.0,0.24,4.5,67.10000000000001,6.300000000000001,92.0,2.4000000000000004,15,survey,plain,excellent,1,0
830.0,0.37,3.2,66.10000000000001,13.7,94.0,3.0,6,survey,plain,excellent,1,0
3710.0,0.16,1.4,76.60000000000001,18.6,85.0,1.1,6,heavy,trench,good,1,0
690.0,0.58,4.800000000000001,70.5,29.6,86.0,5.5,21,survey,plain,good,1,0
630.0,0.14,5.800000000000001,64.0,6.1000000000000005,90.0,2.4000000000000004,3,compact,plain,good,1,0
2680.0,0.41,2.1,77.10000000000001,11.9,88.0,3.9,3,compact,vent,excellent,1,0
3790.0,0.28,0.4,73.10000000000001,35.4,88.0,8.700000000000001,18,survey,trench,fair,1,0
780.0,0.2,4.0,66.7,10.6,85.0,5.2,18,survey,plain,good,1,0
440.0,0.6900000000000001,8.6,66.8,34.300000000000004,90.0,5.800000000000001,5,compact,plain,excellent,1,0
4180.0,0.08,2.5,73.8,21.9,92.0,5.2,12,survey,trench,good,1,0
1930.0,0.73,2.3000000000000003,71.7,59.1,85.0,5.4,15,compact,ridge,good,1,1
1120.0,0.72,5.800000000000001,76.7,27.0,85.0,4.1000000000000005,11,compact,vent,good,1,0
710.0,0.27,6.800000000000001,59.3,,82.0,7.4,29,compact,plain,poor,0,0
2500.0,0.48,2.7,74.7,32.4,84.0,7.800000000000001,17,survey,vent,fair,1,0
760.0,0.23,3.5,68.8,9.7,85.0,11.8,26,survey,plain,poor,1,0
2420.0,0.32,2.4000000000000004,75.60000000000001,15.5,85.0,2.5,5,heavy,trench,excellent,1,0
2180.0,0.23,3.9,70.8,29.9,86.0,2.4000000000000004,18,survey,ridge,good,1,0
560.0,0.08,7.9,60.1,3.5,92.0,4.4,7,compact,plain,excellent,1,0
570.0,0.26,7.7,60.6,8.5,84.0,14.4,17,compact,plain,,1,0
610.0,0.33,4.9,64.2,4.4,84.0,2.3000000000000003,7,compact,plain,excellent,1,0
5600.0,0.21,1.4,75.8,32.7,88.0,9.5,12,survey,trench,excellent,1,1
820.0,0.47,4.9,64.9,13.1,91.0,1.5,5,compact,plain,excellent,1,0
1990.0,0.21,4.0,74.4,22.4,89.0,8.5,2,heavy,ridge,good,1,1
420.0,0.66,7.6,62.2,12.0,90.0,3.6,12,compact,plain,excellent,1,0
1320.0,1.14,3.4000000000000004,73.5,46.1,87.0,6.2,18,compact,ridge,good,1,1
3680.0,0.48,0.3,76.7,50.900000000000006,85.0,3.8,11,heavy,trench,excellent,1,0
3590.0,0.33,0.8,76.4,17.7,79.0,5.300000000000001,12,heavy,trench,fair,1,0
2830.0,0.59,2.7,80.10000000000001,28.5,87.0,8.9,27,survey,ridge,good,0,1
5530.0,0.12,2.4000000000000004,79.30000000000001,60.7,88.0,2.9000000000000004,3,heavy,trench,excellent,0,1
530.0,0.24,6.0,60.2,27.0,87.0,1.3,18,compact,plain,good,0,0
2540.0,0.51,1.8,80.0,43.8,87.0,6.300000000000001,23,survey,vent,fair,1,0
640.0,0.43,7.300000000000001,67.3,12.3,95.0,8.1,18,survey,plain,excellent,0,0
1590.0,0.35,3.6,72.7,33.2,91.0,3.0,9,survey,ridge,,0,0
2140.0,0.22,0.7000000000000001,73.5,15.7,82.0,5.2,8,heavy,ridge,excellent,1,0
530.0,0.6,4.9,63.400000000000006,13.2,86.0,2.8000000000000003,5,compact,plain,excellent,1,0
1640.0,0.73,3.6,70.60000000000001,20.3,,7.800000000000001,21,compact,ridge,fair,1,0
2650.0,0.99,2.2,77.80000000000001,43.1,95.0,4.5,3,survey,ridge,excellent,1,0
4080.0,0.84,1.6,85.30000000000001,80.30000000000001,85.0,4.6000000000000005,7,heavy,vent,good,0,1
1620.0,0.24,2.8000000000000003,70.60000000000001,25.0,93.0,4.1000000000000005,1,survey,ridge,good,1,0
1540.0,0.2,3.7,71.5,12.5,91.0,5.1000000000000005,16,survey,ridge,good,1,0
750.0,0.03,4.9,58.2,15.6,79.0,1.8,22,compact,plain,fair,0,0
2120.0,0.92,2.4000000000000004,,32.5,84.0,10.2,10,heavy,ridge,,1,1
580.0,0.53,8.5,67.3,31.200000000000003,82.0,2.9000000000000004,15,compact,plain,good,0,0
2080.0,0.54,4.0,74.7,10.5,89.0,3.1,15,survey,ridge,excellent,0,0
680.0,0.66,6.300000000000001,69.4,10.9,83.0,3.4000000000000004,16,survey,plain,excellent,1,0
2510.0,0.31,2.3000000000000003,,27.4,85.0,1.2000000000000002,13,compact,vent,excellent,1,0
1540.0,0.3,3.8,72.8,14.6,92.0,3.6,8,survey,ridge,excellent,1,0
2990.0,0.35,2.6,78.60000000000001,37.9,86.0,5.300000000000001,10,heavy,ridge,fair,1,0
4760.0,0.32,1.3,76.80000000000001,23.0,91.0,4.2,12,survey,trench,excellent,1,1
650.0,0.29,8.9,68.2,6.5,97.0,2.5,4,survey,plain,excellent,1,0
590.0,0.04,7.1000000000000005,65.9,4.7,92.0,1.1,15,survey,plain,good,1,1
600.0,0.56,6.0,67.2,4.2,83.0,1.5,8,compact,plain,excellent,1,0
1160.0,0.39,4.4,74.9,15.2,96.0,3.9,8,survey,ridge,good,1,0
740.0,0.28,6.9,66.0,11.1,93.0,7.9,15,survey,plain,good,1,1
1920.0,0.42,1.5,73.10000000000001,15.3,90.0,3.1,3,survey,ridge,excellent,1,0
3930.0,0.23,2.5,76.4,30.5,83.0,6.9,31,survey,trench,fair,1,1
680.0,0.43,8.6,61.7,5.1000000000000005,89.0,3.5,6,compact,plain,excellent,1,0
1710.0,0.85,2.2,76.80000000000001,26.3,90.0,4.0,7,survey,ridge,excellent,1,0
1180.0,0.29,4.3,,13.4,75.0,11.3,42,survey,ridge,poor,1,1
2780.0,0.75,1.4,78.0,17.2,88.0,1.6,2,compact,trench,good,1,1
540.0,0.53,8.200000000000001,68.3,3.5,94.0,2.2,5,survey,plain,excellent,1,0
2290.0,0.48,4.6000000000000005,80.60000000000001,22.4,92.0,5.1000000000000005,11,survey,ridge,excellent,0,0
3990.0,0.16,2.0,77.5,35.1,89.0,2.6,1,heavy,trench,excellent,1,0
1610.0,0.59,4.1000000000000005,74.7,24.1,89.0,3.1,5,survey,ridge,excellent,1,0
1220.0,0.65,3.1,66.8,28.3,90.0,4.2,8,compact,ridge,good,1,0
710.0,0.31,7.9,63.3,9.9,89.0,6.7,8,compact,plain,good,1,0
1270.0,1.37,3.5,72.0,44.3,90.0,2.2,5,compact,ridge,excellent,1,1
760.0,0.04,4.3,65.2,5.5,96.0,5.0,7,survey,plain,good,1,1
500.0,0.21,7.1000000000000005,62.400000000000006,6.800000000000001,86.0,2.9000000000000004,8,compact,plain,good,1,0
4160.0,0.34,-0.2,81.10000000000001,21.6,83.0,2.3000000000000003,14,heavy,trench,good,1,1
2430.0,0.28,0.8,72.7,17.5,92.0,1.4,10,survey,ridge,excellent,1,0
1020.0,0.22,4.0,70.2,9.2,91.0,8.1,14,survey,plain,good,1,1
640.0,0.63,8.3,69.0,3.8,90.0,5.9,9,survey,plain,excellent,1,0
1070.0,0.35,4.6000000000000005,65.4,21.8,96.0,5.800000000000001,11,survey,plain,excellent,0,0
3210.0,0.22,4.1000000000000005,76.2,28.0,89.0,3.1,24,survey,vent,good,1,1
390.0,0.13,10.2,61.1,2.2,88.0,2.2,8,compact,plain,good,1,1
4240.0,0.12,1.2000000000000002,76.0,10.0,84.0,12.0,37,survey,trench,fair,1,1
510.0,0.6,7.300000000000001,72.4,11.4,88.0,2.9000000000000004,16,survey,plain,good,1,0
560.0,0.15,8.6,65.5,7.7,92.0,1.3,12,survey,plain,good,1,1
500.0,0.13,9.0,58.400000000000006,4.4,89.0,4.4,15,compact,plain,excellent,1,0
2550.0,0.45,2.4000000000000004,81.30000000000001,25.5,85.0,2.8000000000000003,14,heavy,vent,good,1,0
1030.0,0.22,5.1000000000000005,69.5,14.6,91.0,2.4000000000000004,10,survey,ridge,good,1,0
960.0,0.42,3.2,70.3,13.2,88.0,1.3,16,survey,plain,good,1,0
420.0,0.18,10.8,61.3,8.5,90.0,5.7,5,compact,plain,good,1,1
3950.0,0.38,2.4000000000000004,84.30000000000001,24.9,85.0,8.200000000000001,18,survey,vent,excellent,1,1
720.0,0.24,7.7,65.8,6.2,86.0,8.9,20,survey,plain,fair,1,0
560.0,0.43,7.2,69.4,18.4,82.0,6.4,31,survey,plain,fair,0,0
5670.0,0.15,3.7,78.4,,85.0,2.9000000000000004,11,survey,trench,excellent,1,1
2520.0,0.56,2.3000000000000003,81.30000000000001,16.5,91.0,3.9,1,heavy,ridge,excellent,1,0
1550.0,0.5700000000000001,3.4000000000000004,76.9,13.4,90.0,2.4000000000000004,15,survey,ridge,good,1,0
790.0,0.08,4.3,65.10000000000001,5.0,99.0,2.8000000000000003,8,survey,plain,good,1,0
3580.0,0.31,2.2,68.60000000000001,7.4,93.0,0.6000000000000001,6,compact,trench,excellent,1,0
890.0,0.07,5.5,64.60000000000001,6.300000000000001,91.0,4.6000000000000005,8,compact,plain,excellent,1,0
1250.0,0.54,5.800000000000001,64.4,11.2,97.0,9.2,8,compact,ridge,excellent,1,0
5750.0,0.67,0.9,81.4,61.6,89.0,2.2,23,survey,trench,fair,0,1
1250.0,0.73,4.4,70.10000000000001,27.9,88.0,1.2000000000000002,9,compact,ridge,good,1,0
490.0,0.02,9.9,64.10000000000001,4.6000000000000005,84.0,3.6,9,compact,plain,good,1,0
2770.0,0.19,3.5,72.4,14.7,92.0,2.0,10,survey,vent,excellent,1,0
3290.0,0.12,1.4,73.10000000000001,22.0,88.0,15.2,4,heavy,trench,good,1,1
810.0,0.14,6.300000000000001,59.400000000000006,3.3000000000000003,86.0,3.6,5,compact,plain,,1,0
3620.0,0.34,1.1,81.30000000000001,23.1,89.0,3.0,0,heavy,trench,excellent,1,0
590.0,0.27,5.9,70.4,9.9,96.0,2.4000000000000004,8,survey,plain,excellent,1,0
4740.0,0.36,1.6,81.30000000000001,65.60000000000001,,6.300000000000001,6,heavy,trench,excellent,1,1
2580.0,0.33,1.7000000000000002,77.7,22.9,95.0,5.0,14,survey,vent,excellent,1,0
980.0,0.52,4.6000000000000005,66.2,8.9,89.0,1.8,15,survey,plain,good,1,0
3600.0,0.92,2.9000000000000004,87.60000000000001,62.7,73.0,16.0,29,heavy,vent,poor,0,1
2060.0,0.5700000000000001,1.8,69.2,25.4,88.0,1.9,10,compact,ridge,good,1,0
3030.0,0.26,0.9,70.10000000000001,14.8,85.0,6.9,23,survey,trench,fair,0,0
1400.0,0.48,2.7,69.0,23.200000000000003,87.0,4.6000000000000005,18,compact,ridge,fair,1,0
2630.0,0.16,3.3000000000000003,69.9,11.1,91.0,3.6,17,survey,ridge,fair,1,0
640.0,0.11,5.4,60.8,2.9000000000000004,93.0,1.7000000000000002,3,compact,plain,excellent,1,0
1490.0,0.4,2.9000000000000004,69.9,16.900000000000002,97.0,0.5,4,compact,ridge,excellent,1,0
2720.0,0.51,4.9,79.60000000000001,,93.0,,8,survey,vent,excellent,1,0
3110.0,0.49,2.2,79.30000000000001,32.6,84.0,11.1,18,survey,vent,good,1,1
1290.0,0.64,4.4,72.4,29.8,83.0,3.1,14,compact,ridge,fair,1,0
550.0,0.19,7.7,59.2,5.300000000000001,92.0,1.3,11,compact,plain,good,1,0
1410.0,1.0,4.6000000000000005,78.7,28.4,89.0,1.8,17,survey,ridge,good,1,1
4710.0,0.19,2.5,75.9,23.9,98.0,2.5,9,survey,trench,excellent,1,1
1340.0,0.42,3.3000000000000003,76.10000000000001,27.9,81.0,7.1000000000000005,13,heavy,ridge,good,1,0
1490.0,0.5,2.7,76.9,20.200000000000003,89.0,2.9000000000000004,13,survey,ridge,good,1,0
3530.0,0.72,4.3,78.7,52.900000000000006,86.0,0.8,18,survey,vent,fair,1,1
3490.0,0.37,2.1,65.60000000000001,35.6,82.0,3.7,15,compact,trench,,1,1
360.0,0.38,7.0,60.400000000000006,7.5,86.0,10.7,12,compact,plain,fair,1,0
560.0,0.35,8.9,63.0,7.5,80.0,1.6,20,compact,plain,fair,1,0
890.0,0.54,,65.8,22.5,87.0,3.5,5,compact,plain,excellent,1,0
530.0,0.06,5.2,64.60000000000001,1.4,89.0,5.7,11,survey,plain,good,1,0
1210.0,0.43,3.8,68.2,20.5,83.0,6.0,15,compact,ridge,good,1,1
2500.0,1.29,2.8000000000000003,82.4,91.7,91.0,4.5,5,survey,vent,excellent,1,1
5400.0,0.14,1.7000000000000002,77.7,22.9,85.0,2.5,15,survey,trench,good,1,1
3770.0,0.13,2.9000000000000004,75.3,19.0,85.0,3.4000000000000004,17,survey,trench,good,1,0
4030.0,0.04,2.6,73.10000000000001,23.4,85.0,3.3000000000000003,18,survey,trench,fair,0,0
2470.0,0.52,,85.4,43.8,89.0,4.1000000000000005,5,heavy,vent,good,1,1
430.0,0.35,9.2,63.400000000000006,5.1000000000000005,86.0,1.9,11,compact,plain,good,1,0
2350.0,0.75,2.1,75.4,16.0,91.0,7.1000000000000005,18,survey,ridge,good,1,0
4350.0,0.51,1.0,76.7,20.9,94.0,4.9,12,survey,trench,good,1,0
2480.0,0.13,2.0,74.9,6.300000000000001,89.0,3.1,8,survey,trench,fair,1,0
1740.0,0.41,2.5,71.4,14.0,89.0,2.6,23,survey,ridge,good,1,0
550.0,0.35,5.300000000000001,63.3,5.800000000000001,90.0,3.3000000000000003,5,compact,plain,good,1,0
3580.0,0.31,3.2,68.5,22.0,90.0,2.4000000000000004,7,compact,trench,good,1,0
1910.0,0.8,5.0,77.10000000000001,32.4,93.0,5.300000000000001,17,survey,ridge,good,1,0
4220.0,0.06,1.1,76.60000000000001,42.5,84.0,0.7000000000000001,25,survey,trench,poor,1,0
650.0,0.27,9.7,68.0,9.2,86.0,3.4000000000000004,22,survey,plain,good,1,0
1740.0,0.17,3.1,,17.900000000000002,91.0,7.1000000000000005,4,survey,ridge,excellent,1,0
4530.0,0.31,1.0,77.60000000000001,45.1,84.0,3.5,6,heavy,trench,good,1,0
520.0,0.18,9.1,,3.2,92.0,2.4000000000000004,5,compact,plain,good,1,0
5200.0,0.22,-0.1,72.2,43.1,88.0,7.7,11,survey,trench,,1,1
4090.0,0.33,2.3000000000000003,82.10000000000001,33.9,,4.5,10,survey,trench,good,1,1
1890.0,0.59,2.0,80.4,23.700000000000003,83.0,13.6,27,heavy,ridge,poor,1,0
1460.0,1.67,2.5,86.2,,91.0,3.0,7,survey,ridge,good,1,1
2200.0,0.52,,72.60000000000001,39.6,89.0,2.3000000000000003,9,survey,ridge,excellent,1,0
2240.0,0.67,3.4000000000000004,80.10000000000001,39.0,87.0,3.6,21,survey,ridge,good,1,0
3850.0,0.55,3.6,84.5,27.700000000000003,87.0,1.1,17,survey,vent,good,1,1
920.0,0.25,6.1000000000000005,61.8,3.0,91.0,2.1,1,compact,plain,excellent,1,0
4030.0,0.44,2.6,,52.8,90.0,1.8,17,survey,vent,good,0,0
1510.0,0.71,4.0,72.2,25.700000000000003,91.0,4.4,5,survey,ridge,excellent,1,1
2310.0,0.49,1.1,73.10000000000001,37.3,88.0,4.2,13,survey,ridge,excellent,1,0
2340.0,0.14,1.3,72.60000000000001,43.7,89.0,3.0,21,survey,trench,fair,0,0
4500.0,0.09,1.8,73.7,28.0,90.0,5.1000000000000005,3,survey,trench,excellent,1,0
910.0,0.41,6.300000000000001,63.6,5.800000000000001,88.0,8.4,3,survey,plain,excellent,1,0
3820.0,0.14,1.7000000000000002,76.7,32.300000000000004,78.0,6.4,19,heavy,trench,fair,1,0
620.0,0.45,5.300000000000001,67.60000000000001,11.8,82.0,5.4,25,compact,plain,fair,1,0
970.0,0.34,4.7,69.60000000000001,9.7,94.0,3.8,12,survey,plain,good,1,0
1500.0,0.95,2.2,74.7,16.8,85.0,1.5,18,compact,ridge,excellent,0,1
3130.0,0.6,2.4000000000000004,73.3,17.3,98.0,1.2000000000000002,7,survey,trench,excellent,1,0
1850.0,0.8,2.7,77.2,18.8,91.0,7.1000000000000005,15,survey,ridge,excellent,1,0
630.0,0.16,6.4,60.400000000000006,9.4,84.0,1.2000000000000002,8,compact,plain,excellent,1,0
790.0,0.27,5.6000000000000005,69.8,9.1,78.0,4.800000000000001,16,heavy,plain,fair,1,0
2340.0,1.26,3.1,86.30000000000001,67.4,,10.2,11,heavy,ridge,fair,1,1
620.0,0.02,6.300000000000001,59.3,7.2,83.0,1.6,8,survey,plain,good,0,1
1030.0,0.06,6.1000000000000005,65.3,7.9,91.0,5.1000000000000005,13,survey,plain,fair,1,0
730.0,0.2,5.800000000000001,64.4,2.6,90.0,2.3000000000000003,19,survey,plain,good,1,0
1730.0,0.39,2.3000000000000003,70.9,67.5,79.0,18.9,33,survey,ridge,poor,0,1
2120.0,0.24,2.7,67.4,27.0,89.0,1.5,10,compact,vent,excellent,1,0
3290.0,0.22,2.0,75.0,29.200000000000003,88.0,4.5,21,survey,vent,good,1,0
2790.0,0.41,2.7,81.30000000000001,,92.0,3.1,2,survey,vent,excellent,1,0
2540.0,0.64,3.5,76.3,28.1,92.0,3.0,16,survey,ridge,excellent,1,0
570.0,0.08,6.4,67.8,11.4,91.0,2.3000000000000003,8,survey,plain,excellent,1,0
520.0,0.4,6.6000000000000005,69.2,9.2,88.0,4.6000000000000005,4,heavy,plain,excellent,1,0
4530.0,0.21,2.0,75.8,14.5,93.0,5.7,11,survey,trench,good,1,0
4180.0,0.26,1.2000000000000002,75.3,15.7,87.0,5.6000000000000005,10,survey,trench,excellent,1,1
3970.0,0.4,1.3,73.10000000000001,22.6,82.0,3.7,26,survey,trench,poor,1,1
4710.0,0.36,2.2,81.0,29.0,84.0,2.0,7,heavy,trench,good,0,1
1210.0,0.22,3.6,73.2,5.300000000000001,88.0,1.3,1,heavy,plain,excellent,1,1
1980.0,0.17,2.0,69.3,22.5,84.0,3.4000000000000004,22,survey,ridge,fair,0,0
800.0,0.2,6.5,72.10000000000001,10.7,85.0,3.4000000000000004,3,heavy,plain,good,1,0
690.0,0.19,6.300000000000001,60.5,2.1,85.0,3.4000000000000004,6,compact,plain,excellent,1,0
580.0,0.52,8.1,65.7,6.9,83.0,2.9000000000000004,14,compact,plain,good,1,0
620.0,0.02,6.300000000000001,57.3,9.8,91.0,0.5,5,compact,plain,good,0,1
660.0,0.26,5.7,71.3,9.6,88.0,5.2,13,survey,plain,excellent,1,1
3090.0,0.66,4.7,87.80000000000001,87.60000000000001,81.0,3.0,10,heavy,vent,excellent,0,1
1350.0,0.13,2.8000000000000003,81.9,14.1,87.0,4.4,10,heavy,vent,good,1,1
3450.0,0.23,2.1,78.7,29.5,78.0,2.4000000000000004,5,heavy,trench,good,1,1
1640.0,0.27,3.2,72.10000000000001,15.3,94.0,3.7,11,survey,ridge,excellent,1,0
2730.0,0.17,2.1,73.60000000000001,,89.0,2.4000000000000004,3,compact,trench,excellent,1,0
850.0,0.15,6.0,64.4,4.0,87.0,4.3,14,survey,plain,excellent,1,1
700.0,0.5700000000000001,6.1000000000000005,67.10000000000001,2.5,88.0,3.9,9,compact,plain,good,1,1
3420.0,0.3,3.1,80.9,7.6,93.0,4.4,5,survey,trench,excellent,1,0
1660.0,1.37,3.5,78.10000000000001,,95.0,2.5,4,survey,ridge,excellent,1,1
2090.0,0.26,2.9000000000000004,80.30000000000001,34.4,89.0,,3,heavy,vent,excellent,1,0
660.0,0.73,5.800000000000001,70.7,12.1,91.0,1.8,4,compact,ridge,good,1,1
790.0,0.72,7.4,61.6,9.5,83.0,1.5,15,compact,plain,good,1,0
4000.0,0.42,1.6,75.0,12.6,86.0,2.2,8,survey,trench,good,1,1
3120.0,0.52,,80.4,46.8,86.0,5.0,7,heavy,trench,excellent,1,0
2080.0,0.27,0.4,70.3,11.7,84.0,8.3,18,survey,ridge,fair,1,0
3660.0,0.5,2.1,77.10000000000001,30.1,85.0,6.9,24,survey,trench,fair,1,1
1660.0,1.17,2.7,78.80000000000001,64.5,87.0,5.1000000000000005,4,heavy,ridge,excellent,1,1
1110.0,0.24,4.9,69.0,2.2,89.0,1.3,7,survey,plain,excellent,1,0
540.0,0.13,9.6,67.0,5.1000000000000005,92.0,1.4,3,survey,plain,excellent,1,1
780.0,0.11,7.300000000000001,68.10000000000001,17.0,91.0,3.6,13,survey,plain,good,0,1
2280.0,0.52,2.6,77.10000000000001,33.9,80.0,4.2,9,heavy,ridge,fair,1,0
800.0,0.8,3.8,72.2,26.0,87.0,3.7,26,survey,plain,good,1,0
1220.0,0.29,5.300000000000001,69.7,8.6,99.0,1.9,3,survey,plain,excellent,1,0
740.0,0.16,7.2,59.1,7.2,90.0,1.7000000000000002,9,compact,plain,excellent,1,0
490.0,0.32,8.3,59.900000000000006,10.3,87.0,3.4000000000000004,16,compact,plain,excellent,1,0
3000.0,0.59,2.8000000000000003,76.10000000000001,18.3,85.0,9.6,20,survey,trench,fair,1,1
670.0,0.19,5.6000000000000005,65.4,11.0,94.0,4.3,9,survey,plain,excellent,1,0
5410.0,0.66,0.9,82.60000000000001,50.5,84.0,2.4000000000000004,14,heavy,trench,good,0,1
1580.0,0.25,3.7,72.60000000000001,8.3,93.0,4.9,9,survey,ridge,excellent,1,0
3560.0,0.48,2.9000000000000004,70.8,17.400000000000002,84.0,2.8000000000000003,10,compact,trench,good,1,1
1740.0,0.27,3.1,69.5,8.6,87.0,2.8000000000000003,18,survey,ridge,good,1,0
4280.0,0.17,1.8,83.80000000000001,14.2,83.0,8.5,9,heavy,trench,fair,1,1
2400.0,0.6,3.1,71.4,25.9,85.0,2.2,28,survey,ridge,fair,0,1
630.0,0.24,9.0,61.1,3.4000000000000004,89.0,3.8,7,compact,plain,excellent,1,0
1090.0,0.79,3.7,74.9,34.0,90.0,0.7000000000000001,18,survey,ridge,excellent,0,0
590.0,0.24,7.0,61.7,9.5,91.0,1.6,7,compact,plain,excellent,1,0
3580.0,1.06,,81.10000000000001,43.2,91.0,1.4,14,survey,vent,excellent,1,1
2340.0,0.39,3.3000000000000003,78.7,33.800000000000004,94.0,4.5,4,survey,vent,good,1,0
4330.0,0.46,1.7000000000000002,84.80000000000001,13.9,84.0,2.6,4,heavy,trench,excellent,0,1
740.0,0.09,7.4,54.6,14.8,88.0,8.200000000000001,13,compact,plain,poor,0,0
710.0,0.85,6.6000000000000005,79.10000000000001,30.200000000000003,87.0,9.6,6,heavy,plain,good,1,0
1160.0,0.07,2.9000000000000004,68.5,13.1,90.0,1.8,9,survey,plain,good,1,0
570.0,1.02,6.9,71.8,26.6,88.0,9.4,16,survey,plain,good,1,0
1500.0,0.36,,71.2,19.1,87.0,1.2000000000000002,16,survey,ridge,excellent,0,0
690.0,0.16,6.5,64.5,19.9,91.0,2.5,9,survey,plain,excellent,0,1
540.0,0.26,8.0,61.400000000000006,30.8,87.0,5.300000000000001,21,compact,plain,fair,0,1
840.0,0.45,6.6000000000000005,71.0,12.3,92.0,1.6,0,compact,ridge,excellent,1,0
620.0,0.16,6.2,57.5,,82.0,4.5,18,compact,plain,poor,1,0
800.0,0.29,5.300000000000001,64.10000000000001,22.200000000000003,87.0,13.0,36,survey,plain,fair,0,1
1380.0,0.64,4.0,71.0,41.5,83.0,2.5,9,compact,ridge,fair,1,0
640.0,0.23,7.4,63.400000000000006,11.3,92.0,5.6000000000000005,19,survey,plain,excellent,1,1
750.0,0.56,6.7,64.7,30.5,88.0,1.2000000000000002,2,compact,plain,good,0,0
500.0,0.28,6.5,59.3,5.7,90.0,1.3,4,compact,plain,excellent,1,0
680.0,0.34,5.9,68.10000000000001,21.1,86.0,5.7,20,survey,plain,excellent,1,0
1330.0,0.43,,65.9,5.0,85.0,5.6000000000000005,13,compact,ridge,good,1,0
1070.0,0.5,6.300000000000001,77.10000000000001,17.8,81.0,7.6,9,heavy,plain,excellent,1,1
5180.0,0.14,1.9,72.0,6.800000000000001,91.0,4.3,15,survey,trench,good,1,1
2360.0,0.36,4.7,75.8,6.2,87.0,2.3000000000000003,15,survey,vent,excellent,1,1
610.0,0.56,5.4,65.5,13.9,93.0,1.3,5,compact,plain,excellent,1,0
5110.0,0.07,0.7000000000000001,73.8,29.9,87.0,2.3000000000000003,13,survey,trench,good,0,1
1630.0,0.25,2.7,68.3,6.1000000000000005,89.0,7.800000000000001,11,compact,ridge,excellent,1,0
4980.0,0.27,0.8,78.80000000000001,22.5,90.0,2.5,2,heavy,trench,good,1,0
820.0,0.44,4.1000000000000005,64.0,13.2,90.0,2.2,10,compact,plain,good,1,0
1330.0,0.53,3.1,71.0,7.6,94.0,3.9,2,compact,ridge,good,1,0
890.0,0.28,5.4,68.5,14.0,84.0,7.1000000000000005,30,survey,plain,fair,1,0
660.0,0.28,7.300000000000001,70.8,13.0,92.0,1.8,10,survey,plain,good,0,1
3130.0,0.31,3.6,77.2,19.8,86.0,11.4,12,survey,vent,fair,1,0
1490.0,0.6,3.3000000000000003,74.9,34.6,94.0,5.300000000000001,5,survey,ridge,excellent,1,0
670.0,0.21,5.4,63.400000000000006,4.2,90.0,1.2000000000000002,12,compact,plain,good,1,0
6190.0,0.48,3.6,72.5,39.900000000000006,88.0,13.0,27,survey,trench,fair,0,1
550.0,0.53,7.6,66.9,16.2,97.0,4.5,5,survey,plain,good,1,0
2910.0,0.34,3.1,71.5,16.5,91.0,6.2,13,survey,trench,good,1,0
2960.0,0.34,3.5,75.2,61.900000000000006,85.0,4.0,19,survey,vent,fair,1,0
1960.0,0.19,3.4000000000000004,85.0,12.9,81.0,1.7000000000000002,20,heavy,vent,fair,1,1
810.0,0.36,5.800000000000001,65.7,9.5,88.0,5.9,19,survey,plain,good,1,0
730.0,0.59,7.1000000000000005,64.8,26.5,87.0,4.5,14,compact,plain,fair,1,0
4720.0,0.22,2.9000000000000004,75.4,30.1,90.0,8.4,12,survey,trench,good,1,1
2270.0,0.2,3.5,75.7,17.0,91.0,,7,survey,vent,excellent,1,0
730.0,0.13,4.6000000000000005,66.7,1.9,84.0,7.9,33,survey,plain,fair,1,0
510.0,0.21,6.800000000000001,64.10000000000001,5.0,94.0,2.4000000000000004,10,compact,plain,excellent,1,0
5170.0,0.22,2.1,73.7,56.900000000000006,85.0,5.7,26,survey,trench,fair,0,1
1220.0,0.1,4.7,64.5,8.1,90.0,1.8,9,compact,ridge,good,1,0
2610.0,0.5,2.1,77.2,55.1,94.0,2.5,9,survey,vent,excellent,1,0
650.0,0.5,8.700000000000001,69.8,16.7,93.0,8.0,12,survey,plain,good,1,1
3400.0,0.93,2.5,88.7,36.8,85.0,5.6000000000000005,12,heavy,vent,fair,1,1
4410.0,0.38,,80.4,24.6,82.0,1.8,7,heavy,trench,good,1,1
1290.0,0.71,5.4,73.10000000000001,21.1,91.0,6.0,11,compact,ridge,,1,0
700.0,0.17,5.7,61.400000000000006,9.5,88.0,5.1000000000000005,7,compact,plain,fair,1,0
1460.0,0.1,1.6,67.60000000000001,8.700000000000001,92.0,3.9,5,compact,ridge,good,1,0
1160.0,0.7000000000000001,5.0,73.2,18.0,90.0,2.2,4,heavy,plain,,1,0
3050.0,0.24,2.5,72.0,29.5,92.0,1.0,5,survey,trench,excellent,1,0
1020.0,0.85,6.4,72.4,27.9,86.0,5.4,13,compact,ridge,excellent,1,0
1620.0,0.42,3.6,72.7,21.4,92.0,1.1,6,survey,ridge,excellent,1,0
1910.0,0.49,3.3000000000000003,73.0,20.0,92.0,9.0,14,survey,ridge,excellent,1,0
2420.0,0.51,3.2,72.2,12.7,89.0,2.1,3,survey,ridge,excellent,1,0
740.0,0.31,6.800000000000001,63.900000000000006,3.1,86.0,1.8,11,compact,plain,excellent,1,0
4070.0,0.12,0.4,73.60000000000001,16.0,94.0,2.6,7,survey,trench,excellent,1,0
2400.0,0.95,2.4000000000000004,81.60000000000001,46.5,81.0,6.9,11,heavy,vent,fair,0,1
830.0,0.51,6.4,70.8,30.200000000000003,89.0,5.1000000000000005,22,survey,plain,fair,1,1
1160.0,1.04,7.300000000000001,73.2,41.1,89.0,1.8,13,compact,ridge,good,0,1
1390.0,1.12,4.3,72.2,21.200000000000003,88.0,3.6,7,compact,ridge,good,1,1
640.0,0.28,7.0,69.7,10.5,91.0,4.0,12,survey,plain,excellent,1,0
2520.0,0.06,1.7000000000000002,78.30000000000001,21.3,80.0,8.0,21,survey,vent,good,0,0
2760.0,0.26,3.4000000000000004,,29.200000000000003,82.0,6.1000000000000005,11,heavy,vent,good,0,0
530.0,0.36,5.4,69.2,12.5,87.0,1.7000000000000002,26,survey,plain,fair,0,0
950.0,0.56,5.5,70.4,8.3,89.0,1.9,11,survey,plain,good,1,0
3290.0,0.31,2.5,79.10000000000001,8.8,88.0,5.6000000000000005,6,survey,vent,excellent,1,0
1720.0,0.39,1.9,73.8,21.8,90.0,2.1,18,survey,ridge,good,1,0
820.0,0.4,4.5,69.5,12.8,89.0,6.300000000000001,23,survey,plain,good,1,0
2930.0,0.98,2.1,84.0,36.2,90.0,3.1,8,survey,vent,excellent,1,1
1710.0,0.58,3.4000000000000004,77.9,49.1,83.0,6.6000000000000005,8,heavy,ridge,,0,0
710.0,0.14,5.2,63.6,13.2,89.0,6.7,19,compact,plain,fair,1,1
840.0,0.38,4.5,65.7,7.4,87.0,2.7,16,survey,plain,excellent,1,0
1350.0,0.39,2.6,71.9,41.400000000000006,90.0,2.1,4,survey,ridge,good,0,0
400.0,0.04,9.4,62.0,3.5,92.0,1.8,11,survey,plain,excellent,1,1
630.0,0.71,6.1000000000000005,69.5,36.5,90.0,1.9,4,compact,plain,excellent,1,0
570.0,0.05,,59.6,3.0,87.0,4.2,6,compact,plain,excellent,1,0
920.0,0.32,4.7,60.5,9.6,91.0,3.2,5,compact,plain,excellent,1,0
1020.0,0.77,5.2,73.2,31.4,93.0,1.2000000000000002,5,compact,ridge,excellent,1,0
360.0,0.05,9.3,58.400000000000006,,92.0,0.9,12,compact,plain,good,0,1
1020.0,0.15,,66.3,11.4,94.0,4.3,10,survey,plain,excellent,1,0
1710.0,0.46,4.2,74.5,10.8,86.0,5.6000000000000005,17,survey,vent,good,1,0
2780.0,0.06,3.3000000000000003,69.4,22.4,82.0,2.7,18,compact,vent,poor,1,0
2700.0,0.49,2.8000000000000003,76.60000000000001,12.0,83.0,5.9,14,heavy,ridge,fair,0,1
1630.0,0.41,2.9000000000000004,68.8,27.9,86.0,2.7,28,survey,ridge,fair,1,0
1870.0,0.36,4.6000000000000005,71.8,25.0,90.0,2.7,9,survey,ridge,good,0,0
720.0,0.24,6.300000000000001,65.5,4.7,81.0,5.0,20,compact,plain,fair,1,0
550.0,0.48,6.800000000000001,67.9,11.0,83.0,2.9000000000000004,9,compact,plain,good,1,0
3690.0,0.92,2.5,87.0,30.9,89.0,3.0,5,heavy,vent,excellent,1,1
4490.0,0.17,2.1,77.10000000000001,19.700000000000003,89.0,4.6000000000000005,11,survey,trench,good,1,0
2330.0,0.61,1.1,72.3,34.7,90.0,3.8,5,compact,ridge,,0,0
6130.0,0.23,1.0,82.4,63.3,87.0,3.1,3,heavy,trench,excellent,0,1
1290.0,0.37,4.0,73.4,6.5,94.0,4.1000000000000005,8,survey,ridge,excellent,1,0
4490.0,0.32,-0.1,79.4,33.1,87.0,3.2,3,heavy,trench,excellent,1,1
3360.0,0.6,3.8,81.0,29.8,89.0,3.6,1,heavy,vent,good,1,0
3690.0,0.46,3.3000000000000003,81.10000000000001,15.5,97.0,2.4000000000000004,4,survey,vent,excellent,1,1
1700.0,0.17,2.4000000000000004,76.5,38.7,85.0,4.3,9,heavy,ridge,fair,1,0
570.0,0.17,6.0,59.3,14.5,86.0,2.6,5,compact,plain,good,0,1
630.0,0.23,7.0,60.3,8.6,85.0,2.5,12,compact,plain,good,1,0
900.0,0.13,3.9,66.5,4.3,89.0,3.3000000000000003,12,survey,plain,good,1,0
1830.0,0.18,3.3000000000000003,68.60000000000001,14.5,92.0,4.5,10,survey,ridge,excellent,1,0
780.0,0.25,5.800000000000001,63.8,5.5,89.0,4.5,20,survey,plain,fair,1,0
3510.0,0.08,1.2000000000000002,77.60000000000001,34.0,88.0,4.800000000000001,10,heavy,trench,good,1,0
680.0,0.36,6.0,70.3,4.7,81.0,7.5,32,survey,plain,poor,1,0
660.0,0.25,5.300000000000001,66.0,2.5,81.0,13.0,26,survey,plain,poor,1,0
750.0,0.18,6.4,65.4,2.9000000000000004,93.0,5.6000000000000005,12,survey,plain,good,1,1
930.0,0.47,4.4,68.60000000000001,36.7,85.0,4.2,6,survey,plain,fair,0,0
880.0,0.23,3.6,73.2,11.0,89.0,1.1,12,survey,plain,excellent,1,0
2820.0,0.53,1.5,70.60000000000001,27.700000000000003,89.0,1.3,9,compact,trench,excellent,1,1
3980.0,0.92,2.6,84.5,27.3,84.0,16.1,13,heavy,vent,good,1,1
3020.0,0.68,3.2,75.8,28.4,89.0,6.300000000000001,12,survey,ridge,excellent,1,1
750.0,0.09,7.7,64.5,4.800000000000001,89.0,5.7,12,survey,plain,excellent,1,0
480.0,0.16,7.7,59.2,3.0,84.0,3.1,16,compact,plain,fair,1,0
1420.0,0.6,4.9,75.10000000000001,14.2,87.0,13.4,20,survey,ridge,fair,0,0
1020.0,0.37,4.3,68.60000000000001,15.6,86.0,4.4,17,compact,ridge,poor,1,0
3780.0,0.04,2.4000000000000004,78.9,,89.0,2.2,2,heavy,vent,excellent,1,0
640.0,0.29,5.7,68.2,5.300000000000001,90.0,6.1000000000000005,4,heavy,plain,excellent,1,1
710.0,0.18,6.5,69.60000000000001,8.5,95.0,5.6000000000000005,6,survey,plain,excellent,1,1
2930.0,0.96,3.3000000000000003,87.0,82.7,82.0,5.2,17,heavy,vent,good,0,1
1300.0,0.1,4.7,65.7,,86.0,,11,compact,ridge,good,0,0
770.0,0.18,5.9,64.7,5.6000000000000005,92.0,1.9,15,survey,plain,good,1,1
710.0,0.18,6.4,61.3,5.4,89.0,3.0,1,compact,plain,excellent,1,0
3150.0,0.33,2.7,74.60000000000001,34.300000000000004,86.0,5.6000000000000005,19,survey,trench,good,1,0
4050.0,0.31,1.2000000000000002,82.2,19.9,96.0,7.6,11,survey,vent,excellent,1,1
2480.0,0.15,2.9000000000000004,73.0,22.0,83.0,1.9,12,heavy,ridge,good,1,0
800.0,0.2,5.800000000000001,65.7,8.0,92.0,2.3000000000000003,2,survey,plain,excellent,1,0
1430.0,0.78,2.2,74.0,23.1,91.0,1.6,4,survey,ridge,excellent,1,0
900.0,0.27,4.800000000000001,63.900000000000006,9.5,89.0,4.4,11,compact,plain,good,1,0
530.0,0.09,5.7,62.6,3.6,88.0,5.7,17,compact,plain,fair,1,0
530.0,0.05,6.800000000000001,60.1,4.1000000000000005,82.0,3.8,21,compact,plain,fair,1,0
980.0,0.18,6.0,61.3,6.1000000000000005,,3.2,3,compact,plain,good,1,0
2630.0,0.23,1.3,73.9,15.4,93.0,3.7,17,survey,ridge,good,1,0
4920.0,0.41,2.7,70.5,18.1,82.0,5.5,13,survey,trench,good,1,1
4910.0,0.13,0.4,78.10000000000001,43.6,90.0,3.6,3,heavy,trench,excellent,1,0
3580.0,0.09,-0.5,78.5,27.3,95.0,7.300000000000001,7,survey,trench,excellent,1,0
3160.0,0.11,1.1,76.9,23.700000000000003,86.0,3.5,17,survey,trench,good,1,0
920.0,0.19,3.9,67.0,4.9,97.0,4.2,4,survey,plain,excellent,1,0
2270.0,0.38,2.7,75.2,16.3,90.0,7.0,17,survey,ridge,fair,1,0
4170.0,0.41,-0.0,81.60000000000001,42.8,88.0,3.5,14,survey,trench,good,1,1
1690.0,0.2,1.7000000000000002,65.5,13.1,86.0,5.800000000000001,6,compact,ridge,good,1,0
4100.0,0.43,2.9000000000000004,74.9,12.9,,2.5,17,survey,trench,excellent,1,0
2550.0,0.55,3.9,79.9,47.6,86.0,5.2,28,survey,vent,poor,1,0
6100.0,0.34,1.9,78.80000000000001,24.8,89.0,2.6,3,heavy,trench,excellent,1,1
2460.0,0.11,1.6,74.0,17.0,89.0,8.700000000000001,17,survey,ridge,fair,0,0
1680.0,0.24,1.7000000000000002,75.5,30.9,75.0,9.0,35,heavy,ridge,poor,0,1
470.0,0.17,10.9,61.2,4.2,,,17,survey,plain,good,1,0
1650.0,0.7000000000000001,3.4000000000000004,72.60000000000001,28.6,88.0,2.7,6,compact,ridge,good,1,0
680.0,0.3,6.6000000000000005,68.2,27.1,90.0,6.2,11,heavy,plain,fair,0,1
1920.0,0.92,3.1,77.7,25.6,91.0,9.8,11,survey,ridge,good,1,1
950.0,0.16,3.2,71.5,9.4,90.0,,9,compact,ridge,good,1,0
1760.0,0.22,1.8,69.10000000000001,10.0,86.0,1.6,13,compact,ridge,good,1,0
1720.0,0.44,2.4000000000000004,70.2,18.6,92.0,1.9,6,survey,ridge,excellent,1,0
4530.0,0.24,0.8,76.10000000000001,25.1,94.0,2.0,6,heavy,trench,excellent,0,0
830.0,0.13,5.2,63.5,7.9,91.0,1.6,10,compact,plain,excellent,0,0
1890.0,0.84,3.3000000000000003,80.60000000000001,43.5,91.0,4.1000000000000005,16,survey,vent,good,0,0
2660.0,0.72,,87.2,31.1,89.0,6.800000000000001,2,heavy,vent,,1,0
2070.0,0.29,1.3,82.80000000000001,46.6,82.0,2.5,30,survey,vent,fair,0,0
1070.0,0.38,5.9,77.2,9.6,92.0,4.1000000000000005,14,survey,ridge,good,1,0
570.0,0.12,8.9,63.2,8.5,94.0,3.7,1,survey,plain,excellent,1,0
890.0,0.08,3.4000000000000004,61.5,5.5,83.0,5.800000000000001,13,survey,plain,good,1,1
2390.0,0.62,3.8,84.0,29.6,82.0,4.3,19,heavy,vent,poor,1,1
2730.0,0.14,3.3000000000000003,76.0,36.4,87.0,6.300000000000001,10,heavy,trench,good,1,0
1670.0,0.87,3.7,76.5,22.6,82.0,5.1000000000000005,19,compact,ridge,poor,1,1
1290.0,0.84,3.9,70.60000000000001,15.2,85.0,2.0,10,compact,ridge,good,0,0
4040.0,0.06,3.0,75.7,69.10000000000001,89.0,3.6,4,survey,vent,excellent,0,1
1540.0,0.63,3.4000000000000004,75.4,,89.0,3.0,20,survey,ridge,,1,0
3410.0,0.23,1.3,74.9,35.300000000000004,85.0,2.2,22,survey,vent,fair,1,1
800.0,0.33,6.800000000000001,62.2,13.5,85.0,3.4000000000000004,8,compact,plain,good,1,0
600.0,0.35,6.800000000000001,58.900000000000006,14.3,87.0,2.7,1,compact,plain,excellent,0,0
880.0,0.7000000000000001,5.2,70.8,7.800000000000001,87.0,0.7000000000000001,14,survey,plain,good,1,0
770.0,0.29,7.800000000000001,68.2,9.9,83.0,14.7,33,survey,plain,poor,1,0
1130.0,0.64,5.300000000000001,67.8,15.4,94.0,4.6000000000000005,6,survey,plain,excellent,1,0
3540.0,0.28,0.4,72.10000000000001,23.1,79.0,7.7,34,survey,trench,fair,0,1
3190.0,0.24,2.0,71.8,15.7,85.0,3.3000000000000003,22,survey,trench,fair,1,0
830.0,0.21,7.0,64.7,7.1000000000000005,88.0,3.8,6,compact,plain,good,1,0
490.0,0.5700000000000001,9.4,69.60000000000001,13.6,93.0,6.7,14,survey,plain,good,1,0
580.0,0.18,8.4,60.7,3.3000000000000003,89.0,4.0,4,compact,plain,good,1,0
1570.0,0.86,2.9000000000000004,72.60000000000001,60.1,87.0,1.2000000000000002,5,compact,ridge,excellent,1,1
3420.0,0.1,2.1,70.3,6.9,87.0,5.9,11,compact,trench,fair,1,1
710.0,0.17,6.300000000000001,66.0,17.0,87.0,11.6,24,survey,plain,good,0,1
1270.0,0.12,5.300000000000001,65.8,25.700000000000003,88.0,1.3,14,compact,ridge,fair,0,1
1500.0,0.51,5.4,72.2,8.5,94.0,2.4000000000000004,13,survey,ridge,good,1,0
4090.0,0.27,2.0,70.4,21.8,91.0,5.6000000000000005,9,survey,trench,excellent,1,0
520.0,0.34,7.0,59.900000000000006,18.1,90.0,4.5,12,compact,plain,good,0,1
1760.0,0.44,1.7000000000000002,77.10000000000001,34.0,80.0,8.700000000000001,8,heavy,ridge,good,1,1
4170.0,0.15,2.2,81.7,31.3,85.0,2.6,6,heavy,trench,excellent,1,0
1160.0,0.47,5.7,68.0,18.1,91.0,4.6000000000000005,7,compact,ridge,excellent,1,1
750.0,0.28,6.4,66.5,7.2,93.0,2.8000000000000003,14,survey,plain,good,1,0
2690.0,0.16,1.0,72.7,33.9,79.0,7.300000000000001,45,survey,trench,poor,0,0
5210.0,0.15,0.5,74.7,34.2,89.0,5.300000000000001,4,heavy,trench,good,1,0
900.0,1.23,6.0,72.7,31.4,96.0,2.9000000000000004,8,compact,ridge,good,1,0
970.0,0.73,5.2,72.0,15.4,85.0,9.4,10,heavy,plain,fair,1,0
2660.0,0.71,3.9,75.10000000000001,56.400000000000006,92.0,4.9,15,survey,ridge,excellent,1,0
1920.0,0.88,4.0,72.5,27.4,82.0,6.0,20,compact,ridge,fair,1,1
3840.0,0.27,3.2,77.0,19.700000000000003,92.0,4.0,14,survey,trench,excellent,1,0
2530.0,0.52,4.1000000000000005,76.0,57.7,93.0,4.800000000000001,11,survey,vent,excellent,0,0
1820.0,0.9,3.0,76.4,32.4,84.0,5.1000000000000005,24,survey,ridge,fair,1,1
2250.0,0.39,2.8000000000000003,79.80000000000001,18.0,92.0,3.5,1,heavy,vent,excellent,1,0
3660.0,0.41,1.3,75.60000000000001,19.700000000000003,94.0,5.800000000000001,8,survey,trench,fair,1,0
3820.0,0.34,3.9,72.9,16.7,91.0,4.3,8,survey,trench,excellent,1,0
530.0,0.66,8.5,70.5,70.60000000000001,94.0,10.7,19,survey,plain,fair,0,1
1700.0,0.19,3.3000000000000003,72.7,13.8,95.0,,9,survey,ridge,excellent,1,1
470.0,0.4,10.0,60.0,16.6,90.0,2.6,6,compact,plain,excellent,0,0
750.0,0.48,7.9,71.5,20.700000000000003,88.0,3.7,9,heavy,plain,excellent,1,0
780.0,0.26,6.1000000000000005,72.5,6.7,88.0,3.4000000000000004,10,heavy,plain,excellent,1,1
3360.0,0.64,3.0,76.9,34.0,86.0,3.8,18,survey,ridge,fair,0,1
3350.0,0.51,2.2,82.80000000000001,29.1,83.0,10.2,13,heavy,trench,good,1,1
4070.0,0.11,1.8,74.5,24.1,94.0,2.8000000000000003,14,survey,trench,good,0,0
2510.0,0.44,3.9,81.80000000000001,32.300000000000004,92.0,2.4000000000000004,7,survey,vent,excellent,1,0
1070.0,0.45,6.4,76.10000000000001,23.700000000000003,85.0,9.5,11,heavy,plain,fair,1,0
2490.0,0.56,2.4000000000000004,79.30000000000001,6.6000000000000005,84.0,12.1,28,survey,vent,fair,1,1
2490.0,0.55,2.7,72.2,29.9,82.0,7.0,13,compact,vent,fair,1,1
600.0,0.64,7.4,67.60000000000001,9.2,90.0,1.6,6,compact,plain,good,1,0
2230.0,0.41,3.0,78.80000000000001,50.2,83.0,8.9,36,survey,vent,poor,1,0
6150.0,0.29,,77.10000000000001,25.5,83.0,4.7,9,heavy,trench,fair,1,0
2950.0,0.08,3.4000000000000004,75.60000000000001,17.0,84.0,10.9,8,heavy,ridge,excellent,1,0
2080.0,0.66,2.5,77.9,47.0,88.0,2.6,26,survey,ridge,good,0,0
620.0,0.37,6.800000000000001,63.7,8.3,83.0,5.0,20,compact,plain,fair,1,0
2410.0,0.78,2.4000000000000004,82.0,38.400000000000006,88.0,2.5,21,survey,vent,good,1,1
510.0,0.42,7.7,62.5,26.6,91.0,3.0,8,compact,plain,good,0,0
2200.0,0.46,1.8,78.7,28.5,87.0,3.0,13,heavy,ridge,good,1,0
1970.0,0.34,2.1,72.9,53.900000000000006,85.0,2.8000000000000003,15,compact,vent,good,0,0
1170.0,0.61,4.0,78.30000000000001,22.9,86.0,1.6,7,heavy,ridge,good,1,0
520.0,0.26,6.9,62.2,7.9,82.0,2.5,20,compact,plain,good,1,0
1740.0,1.37,1.8,83.10000000000001,51.400000000000006,80.0,9.4,13,heavy,ridge,good,1,0
1980.0,0.89,3.8,75.3,,89.0,2.1,7,survey,ridge,good,1,0
2200.0,0.35,2.3000000000000003,73.4,28.8,90.0,4.5,7,survey,ridge,good,1,0
850.0,0.21,7.2,58.1,4.7,90.0,5.2,3,compact,plain,good,1,0
590.0,0.1,7.6,66.8,6.4,88.0,4.0,15,compact,plain,fair,1,1
950.0,0.16,6.300000000000001,59.900000000000006,19.0,85.0,3.9,32,survey,plain,fair,0,0
2830.0,0.52,2.0,81.5,14.0,82.0,2.1,12,heavy,trench,fair,0,1
1280.0,0.59,2.7,73.60000000000001,24.5,85.0,9.7,13,heavy,ridge,good,1,0
950.0,0.44,5.6000000000000005,70.9,12.8,84.0,3.0,12,heavy,plain,good,1,0
650.0,0.31,6.4,59.3,7.0,84.0,4.800000000000001,9,compact,plain,excellent,0,0
420.0,0.22,10.4,58.2,5.6000000000000005,80.0,5.2,20,compact,plain,poor,0,0
680.0,0.37,4.6000000000000005,67.4,4.1000000000000005,93.0,4.1000000000000005,9,survey,plain,excellent,1,0
650.0,0.35,6.800000000000001,62.1,18.2,82.0,,22,compact,plain,good,0,0
3380.0,1.17,2.7,80.60000000000001,29.200000000000003,86.0,2.1,17,compact,vent,good,0,1
1570.0,0.51,3.3000000000000003,73.10000000000001,30.700000000000003,91.0,2.5,9,survey,ridge,excellent,1,0
600.0,0.41,6.1000000000000005,63.0,11.1,79.0,1.6,32,survey,plain,poor,1,0
1610.0,0.35,2.3000000000000003,74.60000000000001,36.4,88.0,3.9,27,survey,ridge,,0,0
1540.0,1.01,4.1000000000000005,75.0,45.8,89.0,1.6,17,survey,ridge,excellent,1,0
690.0,0.19,6.6000000000000005,63.6,4.1000000000000005,86.0,5.2,22,survey,plain,fair,1,0
1200.0,0.48,4.5,75.10000000000001,29.9,87.0,4.9,10,survey,ridge,good,1,0
1050.0,0.05,4.9,62.0,5.0,85.0,1.8,15,compact,plain,,1,0
490.0,0.05,,60.8,8.700000000000001,89.0,2.9000000000000004,14,compact,plain,good,0,0
3230.0,0.93,5.300000000000001,85.10000000000001,41.0,81.0,11.2,11,heavy,vent,excellent,1,1
1650.0,0.28,3.6,75.0,14.5,91.0,3.4000000000000004,13,survey,ridge,good,1,0
1160.0,0.46,4.2,68.9,16.8,93.0,4.7,7,survey,plain,good,1,0
3140.0,0.34,3.1,75.7,32.2,83.0,2.9000000000000004,31,survey,vent,fair,1,1
3000.0,0.3,4.1000000000000005,83.60000000000001,48.900000000000006,81.0,8.8,10,heavy,vent,fair,1,0
2200.0,0.7000000000000001,2.4000000000000004,74.0,67.10000000000001,87.0,8.6,5,compact,vent,excellent,0,1
1990.0,0.47,,72.9,47.6,87.0,7.800000000000001,10,compact,vent,good,0,0
3160.0,0.25,2.6,72.7,17.5,93.0,1.0,5,survey,vent,excellent,1,0
2580.0,0.21,3.5,76.3,39.2,91.0,3.7,7,survey,vent,excellent,1,0
820.0,0.13,3.6,64.5,6.800000000000001,95.0,2.9000000000000004,10,survey,plain,excellent,1,1
2810.0,0.39,2.5,78.0,15.4,93.0,2.9000000000000004,8,survey,vent,excellent,1,0
1150.0,0.53,3.8,73.0,12.6,93.0,3.3000000000000003,0,survey,ridge,good,1,0
2880.0,0.53,1.3,79.60000000000001,38.8,86.0,2.5,6,heavy,vent,good,1,0
4030.0,0.1,0.6000000000000001,78.60000000000001,13.0,90.0,2.3000000000000003,5,heavy,trench,excellent,1,0
1940.0,0.56,2.4000000000000004,76.80000000000001,56.5,90.0,3.3000000000000003,19,survey,vent,fair,0,0
660.0,0.21,7.300000000000001,63.7,11.3,91.0,1.4,6,compact,plain,good,1,0
1060.0,0.49,2.6,69.8,17.400000000000002,80.0,2.6,27,compact,ridge,poor,1,0
680.0,0.03,7.5,,16.400000000000002,82.0,5.7,14,compact,plain,fair,0,0
4160.0,0.13,2.7,78.0,21.8,86.0,8.3,9,heavy,trench,fair,1,0
4200.0,0.18,1.6,80.2,20.200000000000003,86.0,5.1000000000000005,4,heavy,trench,excellent,1,0
1300.0,0.47,3.2,73.10000000000001,32.800000000000004,90.0,2.4000000000000004,18,survey,ridge,fair,0,0
1550.0,0.48,2.9000000000000004,68.2,34.9,86.0,2.5,16,compact,ridge,fair,0,0
640.0,0.32,4.9,64.5,4.7,91.0,3.7,10,survey,plain,excellent,1,0
2280.0,1.0,2.1,77.80000000000001,23.4,89.0,3.5,20,survey,ridge,good,1,0
1490.0,0.35,3.6,69.4,10.1,82.0,4.7,10,compact,ridge,good,1,0
3150.0,0.63,2.6,82.4,20.6,89.0,1.7000000000000002,11,survey,vent,excellent,1,0
4730.0,0.25,,76.10000000000001,27.8,90.0,4.4,17,survey,trench,good,1,0
870.0,0.29,5.9,68.8,12.3,93.0,10.2,11,survey,plain,good,1,1
2500.0,0.48,3.3000000000000003,76.10000000000001,21.0,89.0,4.1000000000000005,2,heavy,vent,excellent,1,0
1000.0,1.32,3.3000000000000003,75.9,38.900000000000006,85.0,1.1,12,compact,ridge,good,0,1
650.0,0.19,8.1,,15.3,83.0,7.9,27,survey,plain,poor,0,0
870.0,0.27,6.5,60.6,7.1000000000000005,90.0,1.5,3,compact,plain,good,1,0
3970.0,0.34,3.5,83.60000000000001,24.8,85.0,6.4,14,heavy,vent,fair,1,1
2980.0,0.53,5.0,79.10000000000001,28.9,87.0,5.1000000000000005,21,survey,vent,good,1,0
2200.0,0.39,4.2,77.5,17.5,89.0,7.300000000000001,15,compact,vent,good,1,0
3210.0,0.45,3.4000000000000004,81.0,53.0,84.0,5.5,7,heavy,trench,good,1,0
2220.0,0.19,1.0,75.10000000000001,16.2,85.0,7.4,7,heavy,ridge,excellent,1,1
360.0,0.5,11.0,63.3,5.7,80.0,0.5,18,compact,plain,good,1,0
740.0,0.46,5.300000000000001,67.4,17.6,,2.9000000000000004,19,survey,plain,fair,1,0
3800.0,0.45,3.7,86.0,11.4,87.0,2.9000000000000004,7,heavy,vent,fair,1,1
1930.0,0.86,2.1,80.2,32.9,92.0,6.6000000000000005,12,survey,ridge,good,0,0
2100.0,1.13,2.2,78.7,19.0,91.0,7.1000000000000005,10,survey,ridge,good,1,1
3130.0,0.47,4.5,81.7,31.200000000000003,91.0,6.9,13,survey,vent,good,1,1
2660.0,0.09,4.3,78.7,23.1,87.0,1.8,4,heavy,vent,excellent,0,1
3940.0,0.06,1.6,71.8,44.400000000000006,87.0,3.1,20,survey,trench,good,1,0
2270.0,0.18,3.9,72.3,30.5,87.0,4.5,14,survey,ridge,fair,1,0
1270.0,0.91,5.800000000000001,74.3,9.4,86.0,2.5,8,compact,ridge,excellent,1,0
2270.0,0.62,3.0,76.9,16.900000000000002,86.0,3.7,18,survey,vent,,1,0
470.0,0.42,8.5,64.5,5.7,89.0,2.3000000000000003,11,compact,plain,good,1,0
2460.0,0.71,3.3000000000000003,81.10000000000001,26.8,86.0,6.2,11,survey,vent,fair,0,0
670.0,0.19,7.0,64.5,4.1000000000000005,88.0,3.7,18,survey,plain,excellent,1,1
2010.0,1.0,5.2,75.0,8.8,85.0,3.1,8,compact,vent,excellent,1,1
3510.0,0.24,2.9000000000000004,80.5,17.7,86.0,3.9,5,heavy,trench,good,1,0
2350.0,0.31,1.5,70.3,11.9,89.0,,19,survey,ridge,poor,1,0
510.0,0.58,8.5,67.10000000000001,12.2,90.0,2.3000000000000003,11,compact,plain,excellent,1,0
4660.0,0.26,0.2,80.5,20.9,88.0,3.8,11,heavy,trench,fair,1,1
780.0,0.55,7.2,66.4,13.4,92.0,5.4,9,survey,plain,good,1,0
1710.0,0.34,2.0,69.7,24.5,88.0,2.0,9,compact,ridge,good,0,0
560.0,0.3,7.0,66.3,8.5,91.0,3.1,4,compact,plain,good,1,1
3160.0,0.56,2.8000000000000003,81.0,28.200000000000003,94.0,8.700000000000001,14,survey,vent,good,1,1
2570.0,0.43,1.8,74.2,43.8,92.0,4.0,7,compact,trench,excellent,0,0
2370.0,0.66,4.1000000000000005,79.10000000000001,32.800000000000004,94.0,9.4,10,survey,vent,excellent,0,0
5690.0,0.17,1.5,75.5,18.3,85.0,9.1,26,survey,trench,fair,1,1
1680.0,0.73,4.7,81.2,37.0,85.0,1.0,16,compact,vent,good,0,1
660.0,0.27,5.7,68.3,5.7,85.0,5.1000000000000005,9,heavy,plain,good,1,0
690.0,0.19,5.9,62.900000000000006,23.0,,4.2,9,compact,plain,fair,0,0
3660.0,0.42,3.3000000000000003,,22.5,90.0,5.1000000000000005,23,survey,vent,fair,1,1
3210.0,0.18,2.0,76.10000000000001,14.3,84.0,4.9,8,heavy,trench,good,1,0
640.0,0.2,7.0,64.10000000000001,3.9,91.0,1.6,17,survey,plain,good,1,0
1820.0,0.17,3.4000000000000004,74.0,18.3,84.0,5.1000000000000005,15,heavy,ridge,good,1,0
740.0,0.53,5.2,67.4,10.7,78.0,2.5,30,compact,plain,poor,1,0
3020.0,0.23,1.4,74.0,22.1,91.0,,2,heavy,trench,excellent,1,0
2120.0,0.21,2.3000000000000003,77.7,22.6,83.0,4.7,3,heavy,trench,good,1,0
5000.0,0.56,2.6,78.60000000000001,43.1,91.0,,9,survey,trench,excellent,1,1
750.0,0.14,6.300000000000001,61.8,7.5,92.0,4.9,3,compact,plain,excellent,1,0
3830.0,0.53,3.8,84.5,48.7,77.0,20.6,27,heavy,vent,poor,1,1
730.0,0.36,7.4,,5.6000000000000005,90.0,1.9,9,compact,plain,good,1,0
5500.0,0.39,2.7,79.80000000000001,33.800000000000004,89.0,4.2,4,heavy,trench,excellent,1,1
2650.0,0.81,2.2,79.7,28.200000000000003,78.0,5.9,11,heavy,ridge,excellent,1,1
750.0,0.26,5.2,66.5,9.2,81.0,6.6000000000000005,13,heavy,plain,good,1,1
1350.0,0.54,2.1,76.10000000000001,40.400000000000006,86.0,5.6000000000000005,11,heavy,plain,good,1,1
790.0,0.38,5.9,63.6,10.8,84.0,1.3,12,compact,plain,excellent,1,0
550.0,0.33,7.300000000000001,61.2,6.0,86.0,1.2000000000000002,13,compact,plain,good,1,1
5500.0,0.37,4.0,81.2,67.10000000000001,84.0,5.2,3,heavy,trench,excellent,1,1
700.0,0.14,5.4,66.3,2.2,94.0,1.5,9,survey,plain,excellent,1,0
1850.0,0.08,3.5,68.10000000000001,10.4,89.0,10.7,9,heavy,ridge,excellent,1,1
710.0,0.25,4.2,67.0,13.5,89.0,4.800000000000001,14,survey,plain,excellent,1,0
2250.0,0.36,3.3000000000000003,67.5,13.6,93.0,2.5,18,survey,ridge,good,1,0
1740.0,0.39,3.3000000000000003,70.10000000000001,13.6,88.0,2.2,16,survey,ridge,good,1,0
600.0,0.53,7.0,58.0,6.2,86.0,3.7,16,compact,plain,good,0,0
1320.0,0.88,4.0,70.8,35.6,85.0,3.5,17,compact,ridge,fair,1,0
3720.0,0.34,2.1,70.10000000000001,14.4,86.0,2.8000000000000003,21,survey,trench,good,1,0
770.0,0.45,7.4,60.7,7.5,92.0,1.4,6,compact,plain,excellent,1,0
2180.0,0.9,3.5,82.80000000000001,22.4,92.0,13.5,20,survey,vent,good,0,1
580.0,0.06,7.300000000000001,64.2,11.5,85.0,3.7,11,compact,plain,good,0,1
780.0,0.36,6.300000000000001,67.10000000000001,15.3,88.0,2.0,22,survey,plain,fair,1,0
4860.0,0.11,0.9,73.60000000000001,29.9,91.0,1.6,8,survey,trench,good,1,0
1440.0,0.79,4.4,69.9,37.7,88.0,1.8,11,compact,ridge,good,1,0
1640.0,0.23,5.300000000000001,69.10000000000001,24.200000000000003,96.0,4.0,3,survey,ridge,excellent,1,0
550.0,0.46,8.200000000000001,65.8,9.8,89.0,7.2,9,survey,plain,excellent,1,1
1500.0,0.34,3.7,70.8,18.9,89.0,9.7,20,survey,ridge,good,1,0
4120.0,0.16,-0.0,77.4,65.3,82.0,9.1,39,survey,trench,poor,0,1
1470.0,0.44,1.7000000000000002,67.5,9.3,89.0,4.0,5,compact,ridge,excellent,1,0
490.0,0.66,7.300000000000001,65.7,9.9,82.0,0.3,12,compact,plain,good,1,0
4630.0,0.04,2.0,79.80000000000001,23.5,86.0,6.5,3,heavy,trench,excellent,1,0
1410.0,0.13,4.0,67.10000000000001,17.0,87.0,2.1,12,compact,ridge,good,1,0
2380.0,0.46,2.4000000000000004,74.8,29.700000000000003,90.0,3.3000000000000003,8,compact,vent,good,1,0
600.0,0.8200000000000001,6.1000000000000005,68.0,26.8,78.0,10.6,25,compact,plain,poor,0,0
710.0,0.13,7.1000000000000005,68.10000000000001,8.4,91.0,5.300000000000001,9,survey,plain,excellent,1,1
740.0,0.53,7.800000000000001,66.0,12.4,86.0,9.6,15,compact,plain,fair,1,0
2730.0,0.17,1.6,73.4,20.1,91.0,10.6,16,survey,ridge,good,1,1
3360.0,0.62,0.9,85.2,36.2,84.0,4.6000000000000005,10,heavy,vent,good,1,1
2560.0,1.18,1.6,80.30000000000001,72.4,94.0,2.7,10,survey,vent,excellent,1,1
1760.0,0.36,3.1,72.8,19.1,92.0,13.0,21,survey,ridge,good,1,0
3220.0,0.31,2.4000000000000004,84.60000000000001,11.1,86.0,7.800000000000001,11,heavy,vent,good,1,0
1690.0,0.52,3.4000000000000004,74.0,49.400000000000006,94.0,6.300000000000001,12,survey,ridge,excellent,1,0
840.0,0.16,6.7,65.0,5.300000000000001,86.0,7.0,22,survey,plain,fair,1,0
820.0,0.23,,68.7,6.800000000000001,95.0,3.1,10,survey,plain,excellent,1,0
730.0,0.38,4.6000000000000005,70.3,16.8,91.0,2.1,6,survey,plain,good,1,0
3200.0,0.49,0.6000000000000001,76.9,18.8,92.0,6.2,11,survey,trench,fair,1,1
1660.0,0.42,4.7,67.5,7.2,94.0,2.7,1,survey,ridge,excellent,1,0
2660.0,0.18,3.0,71.4,24.6,90.0,5.0,11,survey,vent,excellent,1,0
3010.0,0.32,,77.60000000000001,20.200000000000003,81.0,9.9,10,heavy,vent,fair,1,1
1850.0,0.6900000000000001,2.8000000000000003,79.2,28.0,86.0,4.1000000000000005,12,heavy,ridge,good,1,0
1210.0,0.24,3.5,75.9,16.3,88.0,7.6,28,survey,ridge,good,1,0
1480.0,0.45,3.8,73.5,30.4,80.0,6.5,26,survey,ridge,fair,1,0
1000.0,0.16,6.300000000000001,72.8,,94.0,4.3,12,survey,plain,excellent,1,0
2010.0,0.21,,,7.6,91.0,8.1,14,survey,vent,good,1,0
1350.0,0.34,3.3000000000000003,68.2,20.0,92.0,5.0,7,compact,ridge,excellent,0,0
960.0,0.23,5.4,68.10000000000001,9.1,93.0,4.4,13,survey,plain,excellent,1,0
600.0,0.53,6.6000000000000005,,12.5,89.0,2.0,11,compact,plain,fair,1,0
3390.0,1.56,3.3000000000000003,87.10000000000001,77.5,86.0,2.6,20,survey,vent,fair,1,1
6060.0,0.29,1.4,80.7,19.6,88.0,3.1,20,survey,trench,fair,1,1
2780.0,0.71,2.3000000000000003,77.7,32.4,93.0,4.5,6,survey,vent,good,1,0
3210.0,0.39,2.4000000000000004,82.2,37.0,87.0,2.7,3,heavy,vent,good,1,0
2390.0,0.27,3.8,73.3,20.5,90.0,1.3,13,survey,ridge,good,1,0
4660.0,0.17,1.5,74.3,34.1,83.0,3.4000000000000004,13,heavy,trench,fair,1,0
750.0,0.09,4.2,68.8,12.4,89.0,4.1000000000000005,24,survey,plain,good,1,0
710.0,0.38,6.5,,,82.0,4.6000000000000005,17,compact,plain,fair,1,0
1670.0,0.19,3.6,74.10000000000001,7.4,88.0,5.300000000000001,21,survey,ridge,good,1,0
4090.0,0.38,2.2,74.4,10.1,88.0,4.5,4,heavy,trench,excellent,1,0
1410.0,0.65,2.8000000000000003,69.0,22.5,86.0,0.7000000000000001,13,compact,ridge,good,1,0
860.0,0.18,5.9,75.10000000000001,9.3,81.0,13.2,12,heavy,plain,fair,1,1
770.0,0.22,6.5,65.10000000000001,8.0,96.0,1.4,15,survey,plain,excellent,1,0
3880.0,0.64,3.1,84.5,37.3,98.0,5.0,3,survey,vent,excellent,0,0
1360.0,0.39,2.7,73.60000000000001,19.9,95.0,3.3000000000000003,7,survey,ridge,excellent,1,0
3070.0,0.41,3.2,79.60000000000001,45.2,88.0,3.3000000000000003,6,heavy,ridge,good,1,0
1510.0,1.14,2.1,74.9,18.0,93.0,8.200000000000001,5,survey,ridge,excellent,1,1
680.0,0.1,5.9,62.1,7.800000000000001,95.0,8.3,9,survey,plain,excellent,1,1
2250.0,0.51,0.7000000000000001,73.7,35.4,88.0,11.2,1,heavy,ridge,good,1,0
380.0,0.5700000000000001,7.5,64.8,8.3,86.0,1.0,7,compact,plain,excellent,1,0
5100.0,0.23,3.4000000000000004,78.10000000000001,,90.0,1.6,11,heavy,trench,good,1,0
4140.0,0.42,1.6,80.30000000000001,27.5,88.0,2.0,3,heavy,trench,good,1,1
1380.0,0.67,3.2,67.10000000000001,23.0,88.0,3.6,7,compact,ridge,excellent,1,0
560.0,0.24,6.7,70.10000000000001,14.7,84.0,11.5,24,survey,plain,fair,1,0
530.0,0.26,4.3,61.1,5.300000000000001,82.0,8.6,25,compact,plain,poor,1,0
3220.0,0.16,3.5,76.4,29.4,97.0,3.4000000000000004,7,survey,vent,excellent,1,0
620.0,0.05,5.2,64.60000000000001,4.5,86.0,4.4,10,compact,plain,excellent,1,0
4990.0,0.24,0.9,74.2,25.8,81.0,9.1,23,survey,trench,poor,1,1
3360.0,0.26,3.3000000000000003,75.10000000000001,59.1,76.0,9.8,40,survey,vent,poor,0,1
4790.0,0.33,1.6,75.60000000000001,46.1,84.0,3.9,28,survey,trench,fair,1,0
940.0,0.06,5.4,64.7,3.4000000000000004,88.0,1.5,11,compact,ridge,good,1,0
6020.0,0.28,2.7,82.10000000000001,25.200000000000003,91.0,4.6000000000000005,6,heavy,vent,good,1,1
1450.0,0.42,4.0,71.4,31.9,91.0,4.2,4,survey,ridge,excellent,0,0
1470.0,0.06,2.8000000000000003,67.10000000000001,40.1,85.0,5.800000000000001,19,compact,ridge,fair,0,0
4060.0,0.14,1.2000000000000002,71.2,22.5,81.0,3.5,13,compact,trench,fair,0,1
1060.0,0.31,5.7,68.5,4.4,85.0,,27,survey,plain,fair,1,0
1100.0,0.09,5.9,66.5,10.0,85.0,7.7,23,survey,plain,fair,1,0
4010.0,0.18,2.0,78.0,25.200000000000003,88.0,1.6,3,heavy,trench,excellent,1,0
500.0,0.37,9.0,63.2,7.800000000000001,93.0,4.4,8,compact,plain,,1,0
640.0,0.09,8.5,58.3,18.5,86.0,0.7000000000000001,11,compact,plain,good,0,0
3950.0,0.2,1.3,76.9,18.7,90.0,4.9,11,survey,trench,good,1,0
2330.0,0.26,2.6,79.7,17.6,85.0,4.800000000000001,9,heavy,vent,fair,1,0
3210.0,0.73,2.6,81.30000000000001,43.900000000000006,89.0,3.6,2,survey,vent,excellent,1,1
2470.0,1.05,2.4000000000000004,82.0,,91.0,1.9,9,survey,vent,good,1,1
580.0,0.34,6.2,65.4,8.0,89.0,1.3,10,compact,plain,good,1,0
890.0,0.53,5.0,72.8,14.5,97.0,3.7,6,survey,plain,excellent,1,0
510.0,0.28,4.800000000000001,63.1,4.9,86.0,0.7000000000000001,13,survey,plain,excellent,1,0
2390.0,0.54,3.8,73.10000000000001,25.5,87.0,2.6,12,survey,ridge,,1,0
950.0,0.2,3.4000000000000004,66.0,3.1,92.0,1.6,12,survey,plain,good,1,0
870.0,0.73,4.4,66.7,18.9,84.0,3.4000000000000004,12,compact,plain,good,1,0
1460.0,0.05,3.6,65.8,6.800000000000001,89.0,6.7,12,survey,ridge,good,1,0
840.0,0.28,4.9,66.3,17.0,98.0,0.9,8,survey,plain,excellent,1,0
3440.0,0.51,1.1,76.4,22.8,92.0,4.3,7,survey,vent,fair,1,0
3680.0,0.47,2.2,81.80000000000001,29.4,86.0,10.4,6,heavy,trench,excellent,1,1
550.0,0.33,5.4,63.2,14.6,91.0,1.9,15,survey,plain,good,1,0
560.0,0.31,8.0,61.6,10.2,91.0,1.1,4,compact,plain,excellent,1,0
620.0,0.1,7.0,63.2,4.9,,5.4,21,compact,plain,fair,0,0
430.0,0.41,6.300000000000001,61.5,11.2,80.0,5.4,22,compact,plain,poor,1,0
1760.0,0.86,1.6,80.5,60.7,88.0,5.9,21,survey,ridge,good,1,1
2270.0,0.55,1.8,76.0,24.0,88.0,3.1,8,compact,vent,excellent,0,0
2580.0,0.56,1.2000000000000002,77.5,28.0,84.0,4.2,10,heavy,vent,good,1,0
3600.0,0.47,2.4000000000000004,76.60000000000001,30.8,84.0,5.2,13,heavy,trench,fair,1,0
2130.0,0.15,2.7,72.5,6.7,94.0,2.7,2,survey,ridge,,1,0
4570.0,0.29,0.8,81.0,14.3,83.0,12.0,11,heavy,trench,good,1,1
3920.0,0.35,2.6,81.80000000000001,91.0,89.0,3.1,10,heavy,trench,good,1,1
990.0,0.75,4.7,71.60000000000001,21.0,87.0,4.1000000000000005,7,compact,ridge,fair,1,0
740.0,0.44,5.6000000000000005,68.4,19.0,87.0,7.5,22,survey,plain,fair,1,0
690.0,0.1,6.9,61.400000000000006,18.8,88.0,1.4,18,compact,plain,good,0,0
3580.0,0.44,1.8,75.60000000000001,14.5,87.0,6.300000000000001,30,survey,trench,fair,1,1
610.0,0.12,9.7,61.2,7.800000000000001,86.0,1.4,6,compact,plain,excellent,1,0
4280.0,0.19,1.6,76.10000000000001,21.5,86.0,3.9,13,survey,trench,excellent,1,0
2680.0,0.68,3.7,76.7,29.5,84.0,5.1000000000000005,32,survey,ridge,poor,1,1
880.0,0.08,6.4,64.7,7.2,91.0,3.3000000000000003,7,survey,plain,excellent,1,0
3320.0,0.71,3.6,85.30000000000001,33.300000000000004,95.0,9.1,7,survey,vent,good,1,1
2180.0,1.26,1.2000000000000002,81.7,58.5,88.0,9.9,6,heavy,ridge,excellent,0,1
1640.0,0.5700000000000001,2.3000000000000003,79.5,35.6,89.0,6.5,14,survey,ridge,good,1,1
650.0,0.45,6.9,62.5,5.300000000000001,88.0,4.5,12,compact,plain,fair,1,0
570.0,0.24,8.700000000000001,71.3,29.3,87.0,5.4,25,survey,plain,fair,0,0
1590.0,0.39,1.6,69.3,13.2,95.0,1.8,3,compact,ridge,excellent,1,0
3240.0,0.8300000000000001,3.1,86.30000000000001,45.900000000000006,88.0,5.4,4,heavy,vent,good,1,1
2940.0,0.5700000000000001,2.2,83.80000000000001,44.3,82.0,2.8000000000000003,11,heavy,vent,good,0,1
610.0,0.67,6.5,70.4,9.1,83.0,7.4,31,survey,plain,fair,1,0
760.0,0.29,5.800000000000001,64.9,8.200000000000001,97.0,1.4,5,survey,plain,excellent,1,0
3990.0,0.5700000000000001,6.1000000000000005,78.60000000000001,30.700000000000003,92.0,,9,survey,vent,excellent,1,0
5090.0,0.19,1.7000000000000002,75.4,29.1,91.0,1.9,8,survey,trench,fair,1,0
2890.0,0.91,1.4,86.9,43.1,83.0,11.1,17,heavy,vent,fair,1,1
780.0,0.25,5.2,64.5,7.7,84.0,8.5,12,compact,plain,good,1,0
520.0,0.11,8.8,59.900000000000006,4.3,86.0,5.300000000000001,6,compact,plain,good,1,1
4460.0,0.04,1.3,69.2,30.4,86.0,8.9,30,survey,trench,fair,0,0
780.0,0.09,4.6000000000000005,64.0,4.3,84.0,3.8,12,compact,plain,good,1,0
700.0,0.05,6.1000000000000005,63.0,5.9,86.0,4.5,19,compact,plain,fair,1,0
800.0,0.23,7.1000000000000005,64.10000000000001,9.9,90.0,3.6,20,survey,plain,good,1,0
2780.0,0.73,2.5,83.80000000000001,32.1,84.0,10.6,13,heavy,vent,good,1,1
3500.0,0.3,1.4,79.60000000000001,35.7,88.0,6.5,2,heavy,trench,excellent,1,1
5080.0,0.32,1.4,74.4,12.6,83.0,14.4,30,survey,trench,poor,1,1
2810.0,0.75,0.1,76.9,8.5,88.0,7.0,21,survey,ridge,fair,1,1
570.0,0.1,6.7,60.7,12.2,84.0,5.300000000000001,17,compact,plain,fair,0,0
3750.0,0.68,1.0,81.2,61.5,92.0,1.1,3,heavy,trench,excellent,0,1
2480.0,0.08,2.5,,10.1,90.0,3.2,13,survey,vent,excellent,1,0
3270.0,0.72,3.2,84.60000000000001,38.400000000000006,94.0,3.5,9,survey,vent,excellent,1,0
1080.0,0.74,4.9,70.10000000000001,14.6,82.0,2.1,25,compact,ridge,fair,1,0
1030.0,0.12,3.2,64.3,3.9,87.0,3.6,11,compact,plain,fair,1,0
3310.0,0.19,3.3000000000000003,74.2,25.1,85.0,7.4,25,survey,trench,good,1,0
3780.0,0.6,1.8,73.5,16.0,88.0,3.0,28,survey,trench,good,1,1
1500.0,0.76,3.0,73.0,10.3,93.0,2.7,11,survey,ridge,excellent,1,0
1100.0,0.4,5.7,60.900000000000006,11.0,89.0,2.5,17,survey,plain,good,1,0
1590.0,0.42,4.4,66.5,7.2,85.0,1.7000000000000002,10,compact,ridge,good,1,0
2660.0,0.56,1.5,78.4,29.5,86.0,7.6,13,survey,vent,fair,1,1
3000.0,0.21,4.4,76.3,22.200000000000003,88.0,4.9,13,survey,vent,good,0,0
1680.0,0.42,2.3000000000000003,75.60000000000001,53.900000000000006,85.0,8.5,5,heavy,ridge,excellent,1,0
570.0,0.23,8.4,69.0,10.8,91.0,1.7000000000000002,13,survey,plain,good,1,0
1090.0,0.3,3.1,62.5,3.9,78.0,5.7,18,compact,plain,poor,1,0
1740.0,0.51,1.2000000000000002,67.60000000000001,23.8,89.0,3.3000000000000003,4,compact,ridge,excellent,1,0
1650.0,1.09,2.3000000000000003,76.9,,96.0,3.7,12,survey,ridge,excellent,1,0
970.0,0.21,4.1000000000000005,70.0,16.3,94.0,9.4,9,survey,plain,excellent,1,1
870.0,0.36,6.1000000000000005,67.2,,93.0,2.4000000000000004,12,survey,plain,fair,0,1
3750.0,0.14,2.2,76.60000000000001,,86.0,5.5,14,heavy,trench,good,1,0
3370.0,0.05,0.7000000000000001,72.60000000000001,11.7,92.0,5.300000000000001,15,survey,trench,,0,0
4390.0,0.4,-0.4,78.10000000000001,52.900000000000006,82.0,6.0,42,survey,trench,poor,1,1
650.0,0.61,7.4,66.9,9.8,89.0,5.5,14,survey,plain,good,1,0
1770.0,0.55,2.5,72.0,34.1,90.0,4.2,13,survey,ridge,excellent,1,0
1100.0,0.63,4.7,73.5,24.4,86.0,3.1,14,compact,ridge,good,1,0
770.0,0.32,5.6000000000000005,65.4,14.4,80.0,3.8,20,compact,plain,fair,1,0
890.0,0.11,4.7,63.3,15.9,94.0,1.2000000000000002,6,compact,plain,excellent,0,1
1310.0,1.34,4.2,80.5,43.8,94.0,4.1000000000000005,17,survey,ridge,good,1,1
5380.0,0.27,2.5,74.4,38.7,94.0,1.1,12,survey,trench,good,1,0
580.0,0.24,8.0,65.4,8.4,92.0,3.2,4,compact,plain,excellent,1,0
670.0,0.28,8.700000000000001,60.3,2.6,86.0,7.5,16,compact,plain,fair,1,0
3940.0,0.49,1.6,74.5,18.8,95.0,6.1000000000000005,4,survey,trench,excellent,1,0
1870.0,0.5700000000000001,3.8,72.8,15.3,88.0,4.6000000000000005,14,survey,ridge,excellent,1,1
2850.0,0.17,2.9000000000000004,74.60000000000001,15.7,93.0,3.5,16,survey,vent,good,1,0
860.0,0.41,5.300000000000001,61.400000000000006,13.7,85.0,3.0,15,compact,plain,fair,1,0
740.0,0.28,4.0,59.7,5.5,80.0,8.700000000000001,23,compact,plain,poor,1,0
2660.0,0.63,0.7000000000000001,73.5,20.0,90.0,4.0,16,survey,ridge,good,1,0
1910.0,0.19,4.3,69.3,16.2,89.0,4.3,6,compact,vent,good,1,1
1670.0,0.18,4.1000000000000005,72.7,27.5,91.0,5.6000000000000005,2,survey,ridge,good,0,1
4230.0,0.17,0.0,78.10000000000001,35.7,84.0,8.0,8,heavy,trench,fair,1,0
650.0,0.67,7.1000000000000005,61.2,20.0,89.0,1.3,14,compact,plain,excellent,1,0
2170.0,0.42,2.4000000000000004,75.8,26.6,89.0,1.7000000000000002,13,survey,ridge,excellent,1,0
570.0,0.18,6.300000000000001,64.3,4.4,88.0,2.2,8,compact,plain,,1,0
1600.0,0.66,1.8,79.60000000000001,38.8,85.0,13.2,31,survey,ridge,fair,1,0
1710.0,0.84,4.9,74.7,13.8,92.0,2.9000000000000004,5,survey,ridge,,1,0
5270.0,0.3,1.1,77.60000000000001,28.3,82.0,4.1000000000000005,11,heavy,trench,good,1,1
1490.0,0.6,2.3000000000000003,68.0,10.2,87.0,0.7000000000000001,11,compact,ridge,good,1,0
2220.0,0.32,0.7000000000000001,73.3,18.2,97.0,2.5,8,survey,ridge,excellent,1,0
1270.0,0.3,3.8,69.2,20.3,88.0,,13,survey,ridge,excellent,1,0
1580.0,0.81,3.8,71.10000000000001,28.200000000000003,74.0,13.0,45,survey,ridge,poor,1,1
3590.0,0.23,4.6000000000000005,77.4,23.0,93.0,9.3,17,survey,trench,excellent,1,1
2300.0,0.68,2.2,74.7,20.5,91.0,3.7,18,survey,vent,good,1,1
2270.0,1.14,1.9,82.0,23.700000000000003,81.0,7.2,11,heavy,ridge,good,1,1
610.0,0.39,6.9,59.400000000000006,10.2,89.0,1.7000000000000002,14,compact,plain,fair,0,0
1870.0,0.55,4.800000000000001,72.4,28.4,91.0,1.3,3,compact,vent,good,1,0
4390.0,0.07,3.1,73.7,25.6,90.0,5.4,5,survey,trench,excellent,1,0
6180.0,0.21,1.3,81.2,27.8,87.0,5.1000000000000005,3,heavy,trench,good,1,0
820.0,0.12,5.1000000000000005,61.8,7.0,92.0,8.200000000000001,10,survey,plain,excellent,1,1
3300.0,0.25,2.4000000000000004,72.2,29.3,98.0,3.7,3,survey,trench,good,1,0
890.0,1.37,7.0,73.3,44.900000000000006,91.0,1.6,3,compact,ridge,excellent,1,1
620.0,0.36,6.300000000000001,59.5,7.1000000000000005,88.0,4.9,7,compact,plain,excellent,1,0
600.0,0.26,4.2,62.7,15.0,90.0,1.5,3,compact,plain,excellent,0,0
1900.0,1.28,,78.30000000000001,27.6,88.0,9.6,18,survey,ridge,good,1,1
2130.0,0.84,2.3000000000000003,80.0,43.8,83.0,11.0,34,survey,ridge,fair,1,1
820.0,0.2,7.2,68.4,10.9,86.0,6.4,24,survey,plain,good,0,0
3810.0,0.21,2.0,81.0,17.3,81.0,16.1,17,heavy,trench,poor,1,1
820.0,0.42,6.0,65.0,4.3,87.0,2.2,7,compact,plain,good,1,0
3350.0,0.32,2.6,72.7,20.1,,7.5,18,survey,trench,fair,0,0
740.0,0.11,7.6,68.9,10.7,85.0,5.800000000000001,4,heavy,plain,excellent,1,1
1590.0,0.4,3.4000000000000004,72.4,23.3,90.0,3.1,9,survey,ridge,good,1,0
750.0,0.52,6.6000000000000005,66.4,27.700000000000003,86.0,4.1000000000000005,23,survey,plain,good,0,0
720.0,0.37,6.9,68.10000000000001,13.7,85.0,1.5,11,survey,plain,good,1,0
1690.0,0.4,2.2,70.5,27.1,84.0,5.6000000000000005,18,compact,ridge,good,1,0
3100.0,0.21,1.8,69.10000000000001,12.5,89.0,3.1,12,compact,trench,good,1,0
620.0,0.38,8.0,63.7,4.7,89.0,1.4,5,compact,plain,excellent,1,0
1010.0,0.72,5.4,68.3,48.1,95.0,4.0,11,survey,plain,excellent,1,0
850.0,0.36,6.300000000000001,65.60000000000001,5.6000000000000005,86.0,4.5,19,survey,plain,fair,1,0
3380.0,0.02,2.1,68.4,16.3,91.0,1.5,13,survey,ridge,good,1,0
2520.0,0.4,2.1,78.10000000000001,28.700000000000003,82.0,8.3,20,heavy,vent,fair,1,1
1440.0,0.43,3.4000000000000004,79.30000000000001,31.9,86.0,6.2,6,heavy,ridge,excellent,1,0
920.0,0.21,4.7,64.10000000000001,5.9,84.0,7.5,17,compact,plain,fair,1,0
5580.0,0.35,2.2,75.0,10.7,,3.0,3,survey,trench,excellent,1,1
2230.0,0.11,2.5,74.0,29.3,79.0,9.3,30,survey,ridge,good,0,1
4920.0,0.54,2.9000000000000004,76.5,33.6,92.0,2.2,6,survey,trench,excellent,1,1
850.0,0.03,5.300000000000001,62.6,7.5,89.0,6.2,12,survey,plain,excellent,1,1
1330.0,0.25,3.5,69.9,19.1,,3.9,15,survey,ridge,good,0,0
4630.0,0.25,2.2,73.4,40.400000000000006,92.0,2.0,8,survey,trench,excellent,1,0
2540.0,0.7000000000000001,1.5,82.30000000000001,69.0,80.0,7.5,17,heavy,ridge,fair,1,1
1900.0,1.0,2.9000000000000004,72.2,41.400000000000006,95.0,,5,compact,ridge,excellent,1,0
,0.17,1.3,69.7,21.200000000000003,92.0,4.9,12,survey,trench,excellent,0,0
440.0,0.58,6.9,67.5,10.3,88.0,2.7,3,compact,plain,fair,1,0
2750.0,0.49,1.9,81.4,28.4,93.0,1.4,6,survey,vent,excellent,1,0
2070.0,1.57,2.8000000000000003,80.60000000000001,45.0,84.0,9.6,24,survey,ridge,poor,1,1
4680.0,0.13,1.7000000000000002,76.80000000000001,15.3,95.0,7.5,9,survey,trench,excellent,1,1
690.0,0.24,5.7,65.0,8.5,87.0,4.2,12,survey,plain,good,1,0
720.0,0.3,6.6000000000000005,60.3,5.7,89.0,3.9,12,compact,plain,good,1,0
1430.0,0.56,4.1000000000000005,73.3,41.6,88.0,1.5,18,survey,ridge,good,1,0
3240.0,0.38,1.4,78.5,25.0,83.0,7.0,13,heavy,vent,good,1,1
2170.0,0.8200000000000001,3.1,79.4,21.3,90.0,2.9000000000000004,15,survey,ridge,excellent,1,0
2320.0,0.6,3.9,80.4,14.6,79.0,8.6,4,compact,vent,good,1,1
1470.0,0.26,2.5,71.4,35.5,89.0,2.9000000000000004,6,compact,ridge,good,0,0
730.0,0.21,6.5,66.5,4.9,88.0,2.3000000000000003,18,survey,plain,good,1,0
1030.0,0.41,4.6000000000000005,67.4,16.0,90.0,3.3000000000000003,9,compact,ridge,fair,1,0
4220.0,0.1,0.8,72.2,12.2,88.0,3.7,14,survey,trench,good,1,0
430.0,0.29,9.6,64.7,6.6000000000000005,84.0,5.4,11,compact,plain,good,1,0
2140.0,0.8200000000000001,2.2,77.10000000000001,30.200000000000003,88.0,3.3000000000000003,21,survey,ridge,poor,1,0
760.0,0.4,6.800000000000001,64.5,3.7,96.0,3.6,14,survey,plain,excellent,1,1
3810.0,0.22,,71.0,8.200000000000001,90.0,6.300000000000001,11,survey,trench,good,1,0
2520.0,0.28,1.9,80.30000000000001,49.3,92.0,4.0,15,survey,vent,good,1,0
630.0,0.06,,65.4,0.8,91.0,8.0,10,survey,plain,excellent,1,1
1690.0,0.78,4.1000000000000005,72.3,20.6,89.0,1.4,0,compact,ridge,excellent,1,0
1420.0,0.17,3.6,77.60000000000001,4.3,88.0,2.2,29,survey,ridge,fair,1,1
4030.0,0.53,,81.30000000000001,36.0,96.0,2.3000000000000003,3,heavy,trench,excellent,1,0
1950.0,0.45,2.6,70.8,17.0,85.0,2.9000000000000004,20,survey,ridge,,1,0
530.0,0.16,5.4,,2.7,88.0,2.2,5,compact,plain,excellent,1,0
790.0,0.25,5.9,67.5,6.9,86.0,5.4,6,heavy,plain,good,1,1
690.0,0.21,6.5,59.900000000000006,7.5,,2.2,8,compact,plain,good,1,0
4310.0,0.29,1.0,80.5,16.2,90.0,2.5,1,heavy,trench,excellent,1,0
1350.0,0.74,3.7,70.0,36.1,87.0,4.2,19,survey,ridge,fair,1,0
830.0,0.19,8.1,59.8,4.800000000000001,86.0,0.8,9,compact,plain,good,1,0
1250.0,0.13,3.0,62.1,13.5,86.0,2.7,1,compact,ridge,good,1,0
620.0,0.4,6.2,62.3,14.4,83.0,,9,compact,plain,fair,0,0
6110.0,0.12,2.0,79.80000000000001,23.1,82.0,1.3,3,heavy,trench,excellent,1,1
470.0,0.17,7.5,67.7,14.5,88.0,2.5,11,compact,plain,fair,0,0
4260.0,0.4,1.6,75.2,35.7,87.0,3.9,15,survey,trench,good,1,0
1760.0,0.73,2.9000000000000004,73.8,17.400000000000002,86.0,6.0,15,survey,ridge,good,1,0
5060.0,0.14,2.6,78.0,52.6,87.0,7.6,26,survey,trench,good,1,0
850.0,0.24,5.300000000000001,68.5,9.1,86.0,,20,survey,plain,good,1,0
1690.0,0.6900000000000001,4.0,74.7,44.5,87.0,5.5,12,survey,ridge,good,0,0
2520.0,0.73,2.3000000000000003,85.30000000000001,53.400000000000006,82.0,4.800000000000001,9,heavy,vent,excellent,1,1
3800.0,0.41,2.7,80.2,58.0,86.0,5.4,34,survey,vent,fair,1,1
1580.0,0.3,1.3,69.8,12.0,91.0,4.7,8,survey,ridge,excellent,1,0
610.0,0.52,7.6,64.10000000000001,7.9,93.0,1.2000000000000002,7,compact,plain,excellent,1,0
590.0,0.73,7.5,66.7,7.7,91.0,1.4,9,compact,plain,good,1,0
2450.0,0.92,4.0,84.10000000000001,,94.0,2.1,12,survey,vent,excellent,0,1
700.0,0.44,7.7,69.5,12.4,91.0,3.2,12,survey,plain,good,1,0
790.0,0.17,6.0,68.10000000000001,5.2,92.0,1.6,7,survey,plain,excellent,1,0
540.0,0.26,6.800000000000001,59.7,7.800000000000001,92.0,1.9,5,compact,plain,good,0,1
570.0,0.55,6.5,66.60000000000001,,91.0,3.5,16,survey,plain,fair,1,0
620.0,0.19,6.300000000000001,61.2,3.6,89.0,3.9,11,compact,plain,good,1,0
6190.0,0.31,3.2,76.10000000000001,11.1,88.0,3.5,2,heavy,trench,excellent,1,1
3000.0,0.3,4.2,75.60000000000001,31.4,88.0,7.300000000000001,15,survey,vent,good,1,0
1650.0,0.24,3.4000000000000004,,22.8,86.0,0.8,19,compact,ridge,good,1,0
2260.0,0.13,1.3,67.8,17.2,94.0,4.3,8,survey,ridge,excellent,1,0
600.0,0.12,6.4,58.900000000000006,9.4,91.0,3.0,13,compact,plain,good,1,0
5540.0,0.08,2.1,85.10000000000001,29.700000000000003,84.0,4.1000000000000005,10,heavy,trench,good,1,1
2250.0,0.39,2.0,75.2,44.8,83.0,4.4,30,survey,vent,fair,0,1
4050.0,0.51,2.6,77.7,32.2,78.0,8.3,16,heavy,trench,fair,1,1
660.0,0.63,9.8,67.60000000000001,7.7,88.0,1.6,6,compact,plain,excellent,1,0
470.0,0.67,8.6,69.10000000000001,16.8,86.0,2.1,18,compact,plain,good,1,0
3070.0,0.5,2.4000000000000004,72.0,24.5,87.0,2.1,24,survey,trench,fair,1,0
930.0,0.38,5.2,66.0,14.8,94.0,4.5,7,survey,plain,excellent,0,0
1020.0,0.56,5.4,70.9,,82.0,1.7000000000000002,30,survey,plain,fair,0,0
700.0,0.12,7.2,66.0,3.4000000000000004,88.0,3.1,21,survey,plain,fair,1,0
920.0,0.02,5.6000000000000005,62.7,3.5,90.0,0.8,7,compact,plain,good,1,0
420.0,0.43,10.1,66.3,8.4,90.0,1.1,3,compact,plain,excellent,1,0
1950.0,1.44,2.3000000000000003,80.60000000000001,54.900000000000006,81.0,2.2,21,compact,ridge,poor,0,1
5520.0,0.81,2.1,80.30000000000001,38.7,90.0,2.2,15,survey,trench,good,1,1
3760.0,0.35,-0.3,75.10000000000001,40.1,84.0,5.1000000000000005,22,survey,trench,poor,1,0
4100.0,0.19,2.7,80.60000000000001,23.0,87.0,2.2,4,heavy,vent,good,1,0
640.0,0.36,8.4,62.2,5.6000000000000005,94.0,3.6,12,survey,plain,excellent,1,0
4920.0,0.09,2.6,78.5,27.5,,2.2,2,heavy,trench,excellent,1,1
450.0,0.05,10.4,64.5,2.1,90.0,5.0,7,compact,plain,excellent,1,0
4060.0,0.29,1.4,69.4,25.200000000000003,95.0,2.9000000000000004,12,survey,trench,excellent,1,0
1610.0,0.86,3.2,75.10000000000001,69.0,83.0,9.2,32,survey,ridge,poor,0,1
4500.0,0.26,2.7,70.0,54.0,,2.7,4,compact,trench,good,0,1
990.0,0.68,3.5,66.9,28.3,84.0,2.2,8,compact,plain,good,0,0
3600.0,0.28,1.2000000000000002,81.30000000000001,30.3,84.0,2.7,6,heavy,trench,excellent,1,0
2900.0,0.42,3.1,82.5,42.400000000000006,91.0,6.4,5,heavy,vent,excellent,1,0
1480.0,0.55,2.8000000000000003,71.60000000000001,12.0,88.0,7.800000000000001,17,survey,ridge,good,1,0
5540.0,0.39,0.9,78.80000000000001,46.5,92.0,1.4,3,survey,trench,excellent,1,1
1330.0,0.16,2.5,64.60000000000001,5.1000000000000005,86.0,3.1,18,survey,plain,good,1,0
3900.0,0.93,1.5,73.0,53.6,92.0,2.9000000000000004,8,compact,trench,excellent,1,1
3840.0,0.39,3.7,72.8,24.6,79.0,10.9,39,survey,trench,poor,1,1
710.0,0.12,6.300000000000001,65.7,5.2,91.0,1.3,23,survey,plain,good,1,0
1890.0,0.2,3.7,69.7,11.5,91.0,3.8,22,survey,ridge,fair,1,0
450.0,0.22,9.8,58.7,16.7,76.0,10.1,38,compact,plain,poor,0,0
1210.0,0.3,3.7,64.3,5.6000000000000005,84.0,10.0,31,survey,plain,poor,1,0
1840.0,0.23,4.4,67.5,16.8,84.0,4.1000000000000005,15,survey,ridge,fair,1,0
590.0,0.39,5.9,65.0,17.7,92.0,4.1000000000000005,19,survey,plain,good,0,1
1230.0,0.3,,71.5,10.0,84.0,2.5,12,heavy,ridge,fair,0,1
500.0,0.2,8.0,60.3,5.1000000000000005,94.0,2.7,9,compact,plain,excellent,1,0
6260.0,0.41,2.8000000000000003,78.7,64.2,87.0,2.8000000000000003,11,heavy,trench,good,1,1
670.0,0.4,4.3,64.7,9.7,89.0,1.1,3,compact,plain,good,1,0
830.0,0.32,4.6000000000000005,66.60000000000001,11.6,88.0,3.8,8,survey,plain,excellent,1,1
1580.0,0.28,2.9000000000000004,73.7,16.5,97.0,3.3000000000000003,5,survey,ridge,excellent,1,0
1460.0,0.28,3.3000000000000003,70.7,8.0,81.0,2.2,24,compact,ridge,poor,1,0
3420.0,0.49,1.2000000000000002,83.7,16.3,79.0,5.5,6,heavy,vent,excellent,1,1
5640.0,0.15,2.7,77.60000000000001,15.9,90.0,6.800000000000001,1,heavy,trench,excellent,1,0
690.0,0.45,7.4,66.10000000000001,13.2,94.0,6.4,18,survey,plain,excellent,1,0
560.0,0.61,6.6000000000000005,68.2,7.7,88.0,4.1000000000000005,17,survey,plain,fair,1,0
920.0,0.27,5.1000000000000005,74.3,6.2,78.0,2.7,21,heavy,plain,fair,1,1
2030.0,0.19,3.7,70.60000000000001,17.3,,5.2,19,survey,ridge,fair,1,0
5660.0,0.39,1.7000000000000002,82.9,20.1,84.0,6.1000000000000005,5,heavy,trench,excellent,1,1
710.0,0.71,4.4,64.9,13.6,93.0,1.7000000000000002,1,compact,plain,excellent,1,0
2020.0,0.45,1.9,75.9,40.5,94.0,2.9000000000000004,5,survey,trench,excellent,1,0
3790.0,0.35,3.2,75.2,22.3,95.0,3.1,5,survey,trench,excellent,1,1
3250.0,0.61,1.5,74.0,19.8,86.0,5.1000000000000005,20,survey,trench,good,1,1
1810.0,0.62,3.3000000000000003,75.9,11.1,88.0,9.0,15,survey,ridge,good,1,0
4620.0,0.26,2.3000000000000003,73.9,18.8,99.0,1.9,8,survey,trench,excellent,1,0
2770.0,0.63,2.5,76.9,50.400000000000006,71.0,45.0,37,heavy,ridge,poor,0,1
4700.0,0.41,1.0,78.30000000000001,14.3,90.0,6.4,28,survey,trench,fair,1,1
2030.0,0.2,3.3000000000000003,71.8,10.3,89.0,12.6,21,survey,ridge,fair,1,0
790.0,0.5,8.0,65.60000000000001,16.6,90.0,6.1000000000000005,13,survey,plain,excellent,1,0
710.0,0.03,6.2,65.4,3.3000000000000003,97.0,2.6,2,survey,plain,excellent,1,0
900.0,0.44,5.1000000000000005,70.7,10.9,85.0,3.2,3,heavy,plain,excellent,1,0
3450.0,0.97,1.9,86.2,40.6,87.0,6.800000000000001,5,heavy,vent,good,0,1
2300.0,0.85,3.4000000000000004,79.10000000000001,39.0,90.0,6.6000000000000005,11,survey,ridge,excellent,1,0
3160.0,0.26,3.0,79.7,14.1,78.0,8.1,20,heavy,trench,fair,1,1
1970.0,0.6,3.2,81.7,38.1,76.0,10.9,31,heavy,ridge,poor,1,1
3400.0,1.34,2.3000000000000003,89.9,93.9,83.0,2.9000000000000004,9,heavy,vent,fair,1,1
1880.0,0.52,2.1,76.5,46.6,89.0,3.2,14,survey,ridge,excellent,1,0
3240.0,1.01,2.8000000000000003,81.10000000000001,48.3,91.0,,9,survey,vent,good,1,1
1170.0,0.41,3.6,69.5,23.3,86.0,3.9,26,survey,ridge,fair,1,0
1470.0,0.84,3.4000000000000004,71.7,31.4,92.0,3.3000000000000003,10,survey,ridge,good,1,1
3620.0,0.21,3.1,82.80000000000001,12.8,90.0,5.0,7,heavy,vent,excellent,1,0
2150.0,0.28,2.8000000000000003,68.60000000000001,23.8,88.0,4.0,12,survey,ridge,good,1,0
1680.0,0.91,2.7,72.0,29.8,92.0,2.9000000000000004,9,survey,ridge,excellent,1,0
1410.0,0.48,3.2,75.7,18.1,90.0,11.2,3,heavy,ridge,excellent,1,1
1270.0,0.63,3.1,72.10000000000001,13.0,89.0,3.1,7,compact,ridge,excellent,1,0
640.0,0.65,5.9,60.1,21.1,79.0,2.4000000000000004,15,compact,plain,good,0,0
4590.0,0.43,2.4000000000000004,77.60000000000001,25.200000000000003,84.0,3.9,10,heavy,trench,good,1,1
2520.0,0.26,3.3000000000000003,77.2,68.4,83.0,3.0,28,survey,vent,fair,0,0
1900.0,0.64,1.1,76.60000000000001,27.0,98.0,0.7000000000000001,4,survey,ridge,excellent,1,0
1680.0,0.43,3.7,75.0,21.3,89.0,4.800000000000001,19,compact,vent,good,1,0
1410.0,0.32,2.4000000000000004,78.80000000000001,45.7,81.0,24.6,25,heavy,ridge,poor,1,1
4080.0,0.27,2.2,74.10000000000001,15.6,94.0,2.4000000000000004,4,survey,trench,excellent,1,0
2180.0,0.1,2.2,79.4,40.2,88.0,3.4000000000000004,17,survey,vent,good,0,0
720.0,0.6900000000000001,5.300000000000001,67.3,7.7,90.0,7.5,10,survey,plain,good,1,0
3910.0,0.13,2.6,69.8,20.3,94.0,5.1000000000000005,12,survey,trench,good,0,0
740.0,0.62,7.300000000000001,73.7,23.1,91.0,5.300000000000001,13,survey,plain,good,1,0
3940.0,0.77,0.7000000000000001,84.60000000000001,45.900000000000006,84.0,0.5,21,survey,vent,fair,1,1
2660.0,0.8200000000000001,2.6,82.7,44.1,86.0,4.4,6,heavy,vent,excellent,1,1
1960.0,0.6900000000000001,2.9000000000000004,76.4,17.3,85.0,1.0,19,survey,ridge,good,1,0
4270.0,0.11,0.9,74.8,24.1,75.0,8.3,23,heavy,trench,poor,1,1
1410.0,1.6,4.0,80.30000000000001,29.9,95.0,6.0,3,survey,ridge,excellent,1,1
880.0,0.53,7.1000000000000005,72.5,19.3,81.0,5.9,10,heavy,plain,excellent,1,1
1290.0,0.3,5.1000000000000005,68.10000000000001,12.6,90.0,4.0,3,compact,ridge,good,1,0
4440.0,0.37,2.5,78.30000000000001,28.1,75.0,9.1,24,heavy,trench,poor,1,1
590.0,0.18,6.800000000000001,66.4,3.2,91.0,3.1,10,survey,plain,excellent,1,0
1660.0,0.28,2.7,74.60000000000001,23.4,94.0,3.4000000000000004,4,survey,vent,excellent,1,0
1620.0,0.36,3.3000000000000003,74.8,15.7,90.0,8.4,17,survey,ridge,good,1,0
640.0,0.9,5.6000000000000005,60.900000000000006,22.4,89.0,4.4,8,compact,plain,excellent,1,0
4070.0,0.8200000000000001,3.3000000000000003,76.80000000000001,31.9,84.0,5.6000000000000005,15,survey,trench,fair,1,1
1640.0,0.37,3.0,74.5,27.0,88.0,6.5,3,heavy,ridge,fair,1,0
800.0,0.43,5.9,70.3,10.1,82.0,5.0,27,survey,plain,fair,1,1
2320.0,0.2,2.2,78.0,23.700000000000003,89.0,2.4000000000000004,16,survey,vent,excellent,1,0
720.0,0.27,5.6000000000000005,63.1,7.1000000000000005,94.0,2.6,4,survey,plain,good,1,0
1010.0,0.55,4.4,69.60000000000001,14.6,84.0,,14,heavy,plain,fair,1,0
1480.0,0.6,5.300000000000001,68.4,25.1,87.0,2.8000000000000003,11,compact,ridge,good,1,0
2900.0,1.14,1.8,79.0,33.2,92.0,3.1,9,survey,ridge,excellent,1,0
680.0,0.02,7.6,64.5,3.4000000000000004,88.0,6.300000000000001,20,survey,plain,fair,1,1
1000.0,0.53,5.1000000000000005,70.9,35.7,84.0,7.5,24,compact,ridge,fair,0,0
1500.0,1.17,3.6,81.80000000000001,41.6,93.0,4.7,9,survey,ridge,good,1,1
5580.0,0.11,0.4,72.10000000000001,10.4,94.0,2.9000000000000004,1,compact,trench,good,1,1
2600.0,0.18,1.8,70.5,19.9,81.0,4.800000000000001,23,compact,trench,fair,0,0
690.0,0.11,7.7,65.10000000000001,20.9,90.0,6.0,16,survey,plain,fair,0,1
640.0,0.04,7.2,62.8,17.5,85.0,5.2,14,compact,plain,fair,0,0
2970.0,1.09,3.7,,60.8,76.0,13.8,19,heavy,vent,poor,0,1
4460.0,0.48,1.3,75.3,39.400000000000006,90.0,5.800000000000001,14,survey,trench,excellent,1,1
5570.0,0.14,2.4000000000000004,76.60000000000001,23.9,88.0,12.8,14,heavy,trench,fair,1,1
800.0,0.55,7.2,64.5,12.3,89.0,3.9,16,compact,plain,good,1,0
790.0,0.4,4.800000000000001,64.9,7.2,89.0,1.5,16,survey,plain,excellent,1,0
1830.0,0.31,2.1,72.10000000000001,31.700000000000003,79.0,6.4,19,heavy,ridge,fair,0,0
1560.0,1.09,5.7,83.10000000000001,33.300000000000004,90.0,4.2,17,survey,ridge,good,1,0
2180.0,0.42,0.7000000000000001,68.0,5.300000000000001,92.0,5.0,17,survey,ridge,excellent,1,0
1180.0,0.78,3.7,70.3,20.9,,1.1,1,compact,ridge,excellent,0,0
2660.0,0.75,2.4000000000000004,85.60000000000001,39.400000000000006,97.0,2.5,9,survey,vent,excellent,1,0
560.0,0.51,8.700000000000001,73.3,16.3,86.0,8.9,28,survey,plain,good,1,0
820.0,0.44,4.1000000000000005,70.5,3.6,87.0,8.1,4,heavy,plain,excellent,1,1
1720.0,0.53,2.2,76.7,24.5,90.0,2.1,16,survey,ridge,fair,1,0
1230.0,0.7000000000000001,6.6000000000000005,75.60000000000001,38.6,,2.4000000000000004,3,survey,ridge,excellent,1,0
1670.0,0.5700000000000001,3.6,70.4,32.6,85.0,5.4,17,compact,ridge,excellent,1,0
2310.0,0.63,,,40.3,82.0,10.6,33,survey,vent,fair,1,1
2040.0,0.16,2.4000000000000004,73.9,9.2,83.0,3.6,6,heavy,ridge,fair,1,0
1350.0,0.55,4.7,74.4,66.4,,5.800000000000001,11,heavy,ridge,good,1,1
1700.0,1.1,3.7,75.3,69.5,89.0,1.5,7,compact,ridge,good,1,1
3390.0,0.21,1.9,,8.6,81.0,0.8,12,heavy,vent,good,1,1
3030.0,0.76,2.1,85.80000000000001,20.3,85.0,7.5,11,heavy,vent,good,1,1
570.0,0.24,6.6000000000000005,64.7,10.6,91.0,1.9,5,compact,plain,excellent,1,0
1230.0,0.65,3.4000000000000004,69.7,28.4,87.0,11.3,14,compact,ridge,good,1,0
3710.0,0.62,2.0,79.0,13.6,85.0,6.7,16,heavy,vent,good,1,1
930.0,0.22,4.6000000000000005,64.5,42.8,90.0,3.4000000000000004,10,compact,plain,good,0,1
470.0,0.3,8.4,63.6,38.0,90.0,4.3,8,compact,plain,good,0,1
1390.0,0.33,1.9,65.10000000000001,15.4,94.0,0.7000000000000001,5,compact,ridge,excellent,1,0
1680.0,0.3,3.3000000000000003,77.5,20.3,85.0,4.1000000000000005,5,heavy,ridge,excellent,1,0
3280.0,1.08,,75.2,30.3,87.0,4.5,9,survey,ridge,good,1,1
2610.0,0.48,2.4000000000000004,80.0,33.300000000000004,90.0,8.4,8,survey,vent,good,1,0
5010.0,0.06,0.6000000000000001,77.4,11.1,90.0,9.5,22,survey,trench,good,1,1
640.0,0.61,8.1,66.2,16.2,84.0,7.4,13,compact,plain,good,1,0
3190.0,0.33,2.2,79.60000000000001,25.8,92.0,2.9000000000000004,4,heavy,trench,excellent,1,0
740.0,0.4,4.9,67.9,19.700000000000003,88.0,7.5,18,survey,plain,excellent,0,0
850.0,0.03,3.7,61.5,3.2,81.0,7.4,36,survey,plain,poor,1,0
1840.0,1.09,2.4000000000000004,80.60000000000001,122.5,89.0,4.6000000000000005,7,compact,vent,excellent,0,1
4100.0,0.25,3.4000000000000004,71.3,20.1,91.0,4.2,5,survey,trench,excellent,1,0
1540.0,0.99,2.8000000000000003,76.9,45.0,95.0,1.8,12,survey,ridge,good,1,0
520.0,0.23,6.0,62.5,6.4,84.0,3.1,9,compact,plain,good,1,0
1940.0,1.52,3.1,81.2,64.9,88.0,3.5,26,survey,ridge,good,0,1
2620.0,1.25,3.6,85.10000000000001,44.6,85.0,7.300000000000001,27,survey,vent,,0,1
540.0,0.16,7.6,62.1,9.7,86.0,7.1000000000000005,16,survey,plain,fair,1,1
780.0,0.22,5.5,58.900000000000006,3.4000000000000004,87.0,4.800000000000001,5,compact,plain,excellent,1,0
680.0,0.31,5.300000000000001,59.900000000000006,6.800000000000001,86.0,2.8000000000000003,20,compact,plain,fair,1,0
720.0,0.27,6.800000000000001,65.8,11.5,86.0,3.6,6,survey,plain,good,1,0
2150.0,0.48,0.9,75.2,21.5,85.0,8.8,14,survey,ridge,good,0,0
2990.0,0.47,2.5,81.10000000000001,18.3,86.0,8.1,4,heavy,trench,good,1,1
3970.0,0.14,0.8,75.3,24.1,92.0,3.6,9,survey,trench,excellent,1,0
4250.0,0.34,3.6,74.10000000000001,22.9,89.0,5.300000000000001,7,survey,trench,excellent,1,0
5690.0,0.45,2.9000000000000004,84.30000000000001,35.6,80.0,2.6,11,heavy,trench,good,0,1
4940.0,0.26,0.2,77.80000000000001,30.0,88.0,5.5,15,survey,trench,good,1,1
690.0,0.04,6.800000000000001,64.3,6.5,94.0,6.9,16,survey,plain,good,1,1
660.0,0.19,5.9,63.400000000000006,2.6,88.0,7.800000000000001,4,compact,plain,good,1,0
1850.0,0.56,2.7,74.60000000000001,24.3,91.0,2.9000000000000004,3,compact,ridge,excellent,1,0
1900.0,0.46,3.1,73.5,15.6,96.0,2.8000000000000003,6,survey,ridge,good,1,0
1550.0,0.5700000000000001,5.5,79.10000000000001,44.1,88.0,4.2,10,survey,ridge,good,1,0
810.0,0.24,4.6000000000000005,63.0,5.800000000000001,98.0,6.9,3,survey,plain,excellent,1,1
1940.0,1.2,4.800000000000001,73.0,,88.0,3.6,8,compact,ridge,good,1,1
600.0,0.45,10.5,69.5,5.300000000000001,90.0,7.0,17,survey,plain,good,1,1
830.0,0.47,5.2,64.5,22.700000000000003,83.0,5.4,16,compact,plain,fair,1,0
2670.0,0.37,2.6,70.9,34.5,82.0,10.3,29,survey,ridge,fair,0,0
490.0,0.49,7.0,67.10000000000001,9.8,87.0,3.9,12,survey,plain,fair,1,0
790.0,0.39,6.1000000000000005,69.9,8.8,83.0,8.8,7,heavy,plain,poor,1,1
610.0,0.14,4.7,63.400000000000006,1.8,88.0,5.5,13,survey,plain,good,1,0
2290.0,0.46,3.4000000000000004,,16.0,91.0,6.6000000000000005,22,survey,vent,good,1,0
2860.0,0.52,3.8,72.4,17.400000000000002,86.0,8.8,25,survey,vent,good,1,1
3390.0,0.38,2.8000000000000003,82.60000000000001,38.8,83.0,2.4000000000000004,13,heavy,trench,fair,1,0
3970.0,0.35,2.5,82.5,24.0,82.0,4.4,7,heavy,trench,good,1,1
1450.0,1.24,3.6,71.4,33.7,90.0,5.6000000000000005,8,compact,ridge,excellent,1,1
3450.0,0.23,1.2000000000000002,72.3,12.6,86.0,4.6000000000000005,13,compact,trench,fair,1,0
2740.0,0.5,1.1,85.0,35.0,89.0,2.6,8,heavy,vent,excellent,0,1
1950.0,0.29,2.9000000000000004,77.10000000000001,16.6,82.0,2.9000000000000004,10,heavy,ridge,good,1,0
540.0,0.3,8.5,64.4,27.3,82.0,3.9,19,survey,plain,good,0,1
2790.0,1.16,3.3000000000000003,89.60000000000001,33.0,93.0,3.9,7,heavy,vent,excellent,1,1
2140.0,1.27,1.9,84.10000000000001,41.2,91.0,2.1,7,survey,ridge,excellent,1,1
3950.0,0.27,-0.0,74.8,46.8,85.0,5.800000000000001,27,survey,trench,poor,0,1
3580.0,0.58,2.5,79.9,37.8,88.0,3.0,12,survey,vent,excellent,1,1
4280.0,0.19,2.4000000000000004,75.0,26.700000000000003,88.0,4.4,5,heavy,trench,excellent,1,0
2410.0,0.71,1.2000000000000002,83.80000000000001,28.1,82.0,6.300000000000001,7,heavy,vent,fair,1,1
3360.0,0.51,2.4000000000000004,76.10000000000001,38.0,86.0,7.0,11,compact,trench,fair,1,1
450.0,0.32,7.9,69.60000000000001,4.4,91.0,4.9,16,survey,plain,good,1,1
4400.0,0.37,,73.7,28.8,95.0,1.2000000000000002,15,survey,trench,good,1,0
3790.0,0.5700000000000001,2.2,81.0,21.9,94.0,1.9,11,survey,trench,excellent,1,0
510.0,0.24,8.5,69.8,8.6,88.0,8.4,28,survey,plain,good,1,1
840.0,0.41,5.1000000000000005,65.5,4.3,88.0,2.3000000000000003,13,survey,plain,excellent,1,0
2130.0,0.81,2.5,74.3,38.2,91.0,7.5,17,survey,ridge,fair,1,0
4060.0,0.06,2.3000000000000003,78.80000000000001,23.700000000000003,85.0,3.6,6,heavy,trench,excellent,1,0
810.0,0.06,5.0,66.8,7.800000000000001,94.0,4.4,16,survey,plain,fair,0,1
980.0,0.24,5.7,69.4,10.7,84.0,3.0,23,survey,plain,fair,1,0
1540.0,0.92,4.7,78.80000000000001,33.9,92.0,3.4000000000000004,9,heavy,ridge,excellent,1,0
1090.0,0.18,4.5,70.10000000000001,7.1000000000000005,90.0,3.0,19,survey,ridge,fair,1,0
1560.0,0.72,2.6,73.4,17.400000000000002,90.0,5.9,8,survey,ridge,excellent,1,0
4090.0,0.07,2.6,75.2,13.6,82.0,6.800000000000001,20,heavy,trench,poor,1,1
2970.0,0.24,0.1,72.60000000000001,38.900000000000006,81.0,4.0,34,survey,ridge,fair,0,0
1340.0,0.65,2.9000000000000004,79.30000000000001,20.4,96.0,2.6,8,survey,ridge,excellent,1,0
1540.0,0.8300000000000001,4.2,76.4,26.4,88.0,2.9000000000000004,11,compact,vent,good,1,0
980.0,0.15,4.3,59.0,10.5,85.0,2.6,17,compact,plain,good,1,0
2950.0,0.25,4.9,,19.700000000000003,89.0,1.6,4,heavy,vent,good,1,0
1830.0,0.4,3.1,75.10000000000001,9.6,91.0,0.3,3,survey,ridge,excellent,1,0
610.0,0.04,4.9,61.900000000000006,2.3000000000000003,88.0,3.2,3,compact,plain,excellent,1,1
2200.0,0.29,3.4000000000000004,71.7,22.1,88.0,6.1000000000000005,26,survey,ridge,fair,1,0
610.0,0.38,7.7,60.5,8.5,89.0,1.4,9,compact,plain,excellent,1,0
2190.0,0.27,4.0,73.9,23.4,92.0,1.8,2,compact,vent,excellent,1,0
5470.0,0.24,1.6,77.60000000000001,10.4,96.0,7.0,7,survey,trench,excellent,1,1
1630.0,0.7000000000000001,3.9,79.10000000000001,40.8,88.0,4.4,20,survey,vent,fair,0,1
4510.0,0.07,0.9,79.4,33.4,82.0,9.8,12,heavy,trench,fair,1,1
540.0,0.06,8.5,63.900000000000006,12.1,91.0,0.7000000000000001,8,compact,plain,excellent,0,1
420.0,0.33,6.6000000000000005,67.8,7.2,88.0,5.300000000000001,19,survey,plain,excellent,1,0
1070.0,1.19,3.8,78.60000000000001,46.7,95.0,2.5,2,compact,ridge,excellent,0,1
710.0,0.47,,64.5,5.800000000000001,88.0,3.0,5,compact,plain,good,1,0
3420.0,0.42,,75.10000000000001,32.800000000000004,89.0,5.1000000000000005,17,compact,trench,fair,1,0
2520.0,0.05,2.6,73.3,14.3,86.0,9.5,7,heavy,ridge,excellent,1,1
700.0,0.68,6.2,70.5,20.1,93.0,8.200000000000001,13,survey,plain,good,1,0
1940.0,0.51,2.8000000000000003,75.9,19.6,87.0,,7,heavy,ridge,good,1,0
530.0,0.19,6.300000000000001,68.8,10.7,87.0,11.2,15,survey,plain,good,1,1
3640.0,0.3,,77.5,25.9,,6.4,1,heavy,vent,excellent,1,0
850.0,0.07,4.0,65.7,16.400000000000002,82.0,9.1,27,survey,plain,,0,1
600.0,0.48,6.7,68.8,11.9,85.0,2.8000000000000003,18,survey,plain,good,1,0
4330.0,0.26,2.1,74.5,14.6,86.0,4.3,14,heavy,trench,fair,1,0
5390.0,0.17,1.1,72.2,23.0,93.0,11.4,13,survey,trench,fair,1,1
610.0,0.22,5.5,68.0,4.6000000000000005,88.0,3.3000000000000003,11,compact,plain,good,1,0
3760.0,0.13,1.7000000000000002,69.3,35.7,91.0,2.5,5,compact,trench,excellent,1,0
460.0,0.44,6.7,63.1,11.9,90.0,4.7,14,compact,plain,excellent,1,0
5140.0,0.35,0.5,79.10000000000001,40.6,82.0,4.4,15,heavy,trench,poor,1,1
1450.0,0.36,4.0,71.2,9.1,90.0,7.2,13,survey,ridge,good,1,0
4530.0,0.36,2.6,78.30000000000001,50.400000000000006,,4.800000000000001,13,heavy,trench,good,0,1
720.0,0.46,4.1000000000000005,60.2,10.5,91.0,2.0,5,compact,plain,good,1,0
2950.0,0.13,3.0,72.3,7.4,91.0,1.3,6,compact,vent,excellent,1,0
1690.0,1.09,2.6,79.30000000000001,23.9,99.0,,8,survey,ridge,excellent,1,0
1510.0,0.41,3.5,72.7,23.8,91.0,3.6,21,survey,ridge,excellent,0,0
2030.0,0.43,2.0,77.60000000000001,21.0,85.0,6.5,26,survey,vent,poor,0,0
6240.0,0.29,0.5,72.8,26.4,91.0,10.6,17,survey,trench,good,1,1
1040.0,0.4,4.6000000000000005,70.4,14.1,82.0,2.1,34,survey,plain,good,1,0
3880.0,0.44,-0.1,72.4,19.8,89.0,1.6,7,compact,trench,good,1,1
720.0,0.12,3.8,60.400000000000006,4.5,89.0,4.1000000000000005,8,compact,plain,good,1,0
2340.0,1.29,3.5,80.2,97.4,90.0,2.0,17,survey,ridge,good,0,1
3100.0,0.03,0.7000000000000001,,22.0,89.0,4.800000000000001,7,heavy,trench,fair,1,1
2300.0,0.64,3.7,81.10000000000001,32.300000000000004,94.0,3.5,3,heavy,ridge,excellent,1,0
710.0,0.99,7.300000000000001,64.5,25.3,85.0,1.9,14,compact,plain,good,1,0
760.0,0.25,6.5,66.2,17.2,85.0,9.0,29,survey,plain,poor,1,0
610.0,0.53,6.4,66.9,10.9,88.0,3.1,10,compact,plain,good,1,0
600.0,0.29,5.5,56.2,15.8,89.0,2.5,16,compact,plain,fair,0,1
620.0,0.33,8.9,66.5,12.3,91.0,3.3000000000000003,15,survey,plain,good,1,0
730.0,0.38,5.6000000000000005,62.400000000000006,12.0,86.0,2.7,14,compact,plain,good,1,0
2320.0,0.21,2.7,77.10000000000001,19.3,88.0,1.9,3,survey,vent,good,1,0
720.0,0.41,5.6000000000000005,61.0,4.7,90.0,5.2,7,compact,plain,excellent,1,0
520.0,0.3,4.800000000000001,68.2,14.6,81.0,7.0,23,survey,plain,poor,0,0
700.0,0.44,6.5,64.4,4.2,87.0,2.8000000000000003,12,compact,plain,good,1,0
810.0,0.02,5.0,61.7,15.0,83.0,4.1000000000000005,11,compact,plain,excellent,0,0
1860.0,0.33,3.4000000000000004,71.3,19.700000000000003,84.0,7.300000000000001,27,survey,ridge,poor,0,0
2040.0,0.5700000000000001,3.2,79.7,48.5,86.0,7.300000000000001,15,survey,vent,fair,1,0
3610.0,1.15,3.1,89.10000000000001,18.4,96.0,4.6000000000000005,1,survey,vent,excellent,1,0
650.0,0.6,5.4,71.3,20.4,94.0,1.4,11,survey,plain,good,1,0
1530.0,0.77,4.3,77.10000000000001,41.400000000000006,95.0,2.9000000000000004,15,survey,ridge,good,0,0
2220.0,0.26,2.0,68.4,21.4,90.0,6.7,9,survey,ridge,good,0,0
5330.0,0.26,4.0,81.60000000000001,24.0,90.0,4.1000000000000005,4,heavy,trench,excellent,1,0
1520.0,0.6,3.0,74.4,25.9,89.0,2.7,19,survey,ridge,good,1,0
2470.0,1.14,3.5,81.80000000000001,54.400000000000006,87.0,10.5,16,survey,vent,good,0,1
410.0,0.14,7.800000000000001,66.9,3.2,89.0,3.3000000000000003,17,survey,plain,good,1,1
1660.0,0.84,3.4000000000000004,76.0,18.1,78.0,4.800000000000001,42,survey,ridge,poor,0,1
4330.0,0.79,3.3000000000000003,80.0,18.1,96.0,3.7,10,survey,trench,good,1,1
4230.0,0.33,3.6,73.2,23.3,94.0,3.3000000000000003,12,survey,trench,excellent,1,0
1890.0,0.4,3.3000000000000003,73.10000000000001,27.6,92.0,4.0,16,survey,ridge,good,1,0
1900.0,0.8300000000000001,3.1,78.9,60.2,77.0,8.9,53,survey,ridge,poor,0,1
1870.0,0.73,1.4,78.60000000000001,13.6,83.0,6.800000000000001,8,heavy,ridge,good,1,1
3080.0,0.44,2.2,73.2,16.3,87.0,2.2,8,compact,trench,good,1,0
3670.0,0.11,0.8,70.60000000000001,16.7,91.0,1.6,6,survey,trench,good,1,0
1430.0,0.78,2.2,78.80000000000001,66.2,90.0,1.4,15,survey,ridge,good,1,0
680.0,0.2,6.6000000000000005,65.9,4.800000000000001,88.0,6.7,10,compact,plain,excellent,1,0
1840.0,0.87,0.9,84.5,46.7,84.0,6.0,5,heavy,ridge,good,1,1
2590.0,0.34,1.4,77.4,46.900000000000006,89.0,2.2,22,survey,trench,good,0,0
4430.0,0.52,-0.1,83.60000000000001,28.0,,2.5,10,heavy,trench,good,1,0
2830.0,0.72,3.0,80.10000000000001,51.400000000000006,84.0,9.5,9,heavy,ridge,good,1,1
2910.0,0.63,3.5,73.8,20.6,83.0,1.7000000000000002,18,compact,ridge,good,1,1
1240.0,0.16,2.7,69.3,3.6,91.0,3.8,20,survey,plain,good,1,0
770.0,0.27,4.5,,34.800000000000004,92.0,1.6,9,survey,plain,good,0,1
3030.0,0.31,3.1,83.5,16.8,83.0,8.0,14,heavy,vent,fair,1,1
3930.0,0.26,3.0,76.7,21.3,77.0,23.4,15,heavy,trench,fair,1,1
640.0,0.23,4.3,66.8,7.2,89.0,8.5,14,survey,plain,excellent,1,1
670.0,0.06,7.4,62.0,10.6,90.0,3.5,14,survey,plain,excellent,1,0
3210.0,0.9,3.2,86.2,23.6,87.0,3.9,10,heavy,vent,fair,1,1
1330.0,0.19,4.2,70.9,15.1,93.0,2.3000000000000003,6,survey,ridge,good,1,0
1260.0,0.58,3.9,71.60000000000001,6.5,92.0,3.3000000000000003,9,survey,ridge,excellent,1,0
590.0,0.56,10.8,72.3,25.0,85.0,15.3,30,survey,plain,poor,0,0
4330.0,0.33,0.6000000000000001,73.60000000000001,16.8,81.0,10.8,36,survey,trench,poor,0,1
2710.0,0.12,4.1000000000000005,78.5,21.200000000000003,89.0,3.9,11,heavy,trench,excellent,1,0
710.0,0.52,2.9000000000000004,69.9,24.5,83.0,8.1,20,survey,plain,poor,0,0
590.0,0.36,6.300000000000001,70.9,13.1,98.0,2.0,4,survey,plain,excellent,1,0
690.0,0.31,6.800000000000001,66.10000000000001,6.1000000000000005,90.0,3.0,11,compact,plain,good,1,0
1370.0,1.28,3.3000000000000003,76.80000000000001,37.6,92.0,6.1000000000000005,18,survey,ridge,,0,1
3220.0,0.26,0.8,76.80000000000001,23.1,93.0,5.2,11,survey,trench,good,1,0
2510.0,1.01,3.1,80.5,47.900000000000006,91.0,4.5,1,heavy,ridge,excellent,1,0
1580.0,0.39,2.4000000000000004,69.5,17.5,89.0,5.2,12,compact,vent,good,1,0
1890.0,0.79,4.2,74.4,30.9,94.0,2.6,8,survey,ridge,excellent,1,0
2000.0,0.15,3.3000000000000003,77.5,11.9,83.0,4.2,9,heavy,vent,good,1,0
2760.0,0.66,2.9000000000000004,79.80000000000001,43.1,90.0,5.1000000000000005,15,survey,vent,good,1,0
810.0,0.58,4.3,63.5,13.3,88.0,3.4000000000000004,1,compact,plain,good,1,1
840.0,0.51,3.8,75.10000000000001,5.6000000000000005,93.0,3.3000000000000003,12,survey,plain,good,1,0
490.0,0.29,5.7,66.60000000000001,5.1000000000000005,88.0,,11,survey,plain,excellent,1,0
1930.0,0.75,1.9,71.5,32.7,87.0,1.3,6,compact,ridge,good,1,0
2230.0,0.26,2.9000000000000004,70.9,24.0,90.0,4.6000000000000005,16,survey,vent,good,1,0
1680.0,0.61,2.0,68.8,20.200000000000003,90.0,1.5,7,compact,ridge,excellent,1,0
2300.0,0.38,2.4000000000000004,80.30000000000001,,88.0,6.800000000000001,27,survey,vent,fair,0,0
580.0,0.42,,66.7,20.3,90.0,3.1,9,survey,plain,excellent,1,0
3710.0,0.24,3.5,75.3,33.4,85.0,,11,compact,trench,good,0,0
1120.0,0.27,5.0,71.3,11.5,86.0,3.0,11,compact,vent,good,1,0
470.0,0.29,6.800000000000001,63.900000000000006,6.800000000000001,83.0,7.2,19,compact,plain,fair,1,0
780.0,0.13,5.6000000000000005,69.2,12.8,91.0,2.0,22,survey,plain,good,0,0
1980.0,0.96,2.6,79.10000000000001,24.5,80.0,16.0,10,heavy,ridge,fair,1,1
1800.0,0.63,3.1,69.8,13.0,84.0,2.5,6,compact,ridge,excellent,1,0
610.0,0.19,7.0,62.900000000000006,5.9,87.0,2.7,12,survey,plain,good,1,0
690.0,0.15,6.7,61.6,5.300000000000001,88.0,0.9,7,compact,plain,excellent,1,0
1320.0,0.68,5.1000000000000005,69.8,44.400000000000006,90.0,7.300000000000001,11,compact,ridge,fair,1,0
3350.0,0.54,2.5,82.4,43.400000000000006,84.0,1.7000000000000002,19,survey,vent,good,1,1
5060.0,0.43,1.6,82.4,48.0,92.0,1.2000000000000002,3,heavy,trench,excellent,0,1
1960.0,0.18,-0.2,71.5,25.3,89.0,2.9000000000000004,18,survey,ridge,good,1,0
2240.0,0.31,4.6000000000000005,,25.6,90.0,0.5,11,compact,vent,excellent,1,0
960.0,0.12,4.800000000000001,68.5,5.4,88.0,10.4,2,heavy,plain,excellent,1,1
1240.0,1.18,5.4,75.7,17.6,88.0,5.1000000000000005,16,compact,ridge,fair,1,1
1140.0,0.35,3.2,65.4,15.4,87.0,2.9000000000000004,30,survey,plain,fair,0,0
5490.0,0.22,1.6,78.30000000000001,21.9,86.0,8.8,6,heavy,trench,good,1,1
620.0,0.32,9.3,66.5,12.9,85.0,4.0,11,compact,plain,good,1,1
2030.0,0.44,2.5,70.8,22.700000000000003,87.0,7.2,24,survey,ridge,fair,1,0
3060.0,0.26,0.9,73.8,42.400000000000006,83.0,7.2,25,compact,trench,fair,0,0
1120.0,0.55,4.1000000000000005,65.4,15.7,92.0,4.6000000000000005,5,survey,plain,excellent,1,0
1120.0,0.84,3.3000000000000003,64.60000000000001,17.8,86.0,2.3000000000000003,15,compact,plain,good,1,0
630.0,0.35,7.300000000000001,59.900000000000006,11.0,90.0,3.1,6,compact,plain,excellent,1,0
2180.0,0.72,1.9,73.7,50.900000000000006,90.0,2.9000000000000004,12,survey,ridge,excellent,1,0
3280.0,0.93,0.4,80.2,29.1,87.0,4.5,2,heavy,ridge,excellent,0,1
3600.0,0.18,2.2,83.5,26.1,89.0,6.4,3,heavy,vent,excellent,1,0
810.0,0.16,7.300000000000001,63.900000000000006,2.6,87.0,3.9,18,survey,plain,fair,1,0
2480.0,0.71,2.0,80.7,35.4,93.0,5.1000000000000005,15,survey,vent,good,0,0
3400.0,0.24,,68.3,16.400000000000002,84.0,1.7000000000000002,9,compact,trench,fair,1,0
670.0,0.75,6.5,71.0,32.300000000000004,90.0,4.4,15,survey,plain,good,0,0
650.0,0.55,6.5,62.2,11.8,90.0,19.9,8,compact,plain,good,1,0
2190.0,1.22,2.8000000000000003,84.0,39.5,85.0,3.1,15,heavy,ridge,excellent,0,1
1630.0,1.12,3.3000000000000003,71.4,35.5,87.0,4.6000000000000005,11,compact,ridge,excellent,1,1
1830.0,0.06,1.7000000000000002,70.8,35.800000000000004,94.0,5.300000000000001,13,survey,ridge,excellent,0,0
2050.0,0.73,3.5,73.8,10.3,91.0,2.3000000000000003,10,survey,ridge,good,1,1
2730.0,1.0,3.0,90.4,39.3,78.0,16.8,21,heavy,vent,poor,1,1
4610.0,0.29,3.1,78.9,26.700000000000003,88.0,4.5,9,survey,trench,good,1,0
1360.0,0.44,2.7,73.3,17.7,87.0,1.5,2,compact,ridge,excellent,1,0
2190.0,0.27,3.0,69.8,5.9,84.0,2.8000000000000003,19,survey,ridge,poor,1,0
920.0,0.17,5.6000000000000005,66.60000000000001,6.5,85.0,2.1,17,compact,ridge,good,1,0
1790.0,0.84,3.0,75.9,35.0,92.0,8.3,22,survey,ridge,good,1,0
860.0,0.24,6.2,68.0,13.4,80.0,6.4,13,heavy,plain,fair,1,0
1470.0,0.13,2.8000000000000003,66.10000000000001,8.700000000000001,87.0,1.1,4,compact,ridge,excellent,1,0
1880.0,0.93,2.8000000000000003,80.4,38.8,85.0,1.6,10,survey,ridge,excellent,1,1
4840.0,0.56,2.6,76.80000000000001,66.0,87.0,4.2,26,survey,trench,fair,0,1
860.0,0.24,5.800000000000001,67.7,9.2,89.0,6.5,15,survey,plain,good,1,1
780.0,0.27,4.4,74.10000000000001,20.200000000000003,87.0,4.7,7,heavy,plain,excellent,1,1
950.0,0.08,4.6000000000000005,68.10000000000001,5.800000000000001,90.0,7.0,20,survey,plain,good,1,0
1060.0,0.85,5.6000000000000005,82.4,10.3,85.0,1.3,4,heavy,ridge,good,1,1
510.0,0.29,8.8,62.7,4.1000000000000005,84.0,2.2,16,compact,plain,fair,1,0
2490.0,0.16,2.3000000000000003,79.4,36.1,79.0,2.8000000000000003,5,heavy,ridge,good,0,0
4200.0,0.44,1.8,81.80000000000001,25.200000000000003,92.0,7.0,4,heavy,trench,excellent,1,0
2060.0,,2.3000000000000003,78.9,27.5,84.0,5.300000000000001,25,survey,ridge,fair,1,1
840.0,0.07,6.7,65.5,6.9,88.0,2.9000000000000004,19,survey,plain,excellent,1,0
800.0,0.78,6.5,68.0,19.3,94.0,8.3,1,compact,plain,excellent,1,0
700.0,0.47,5.800000000000001,63.900000000000006,7.9,92.0,3.8,13,survey,plain,excellent,1,0
520.0,0.53,8.9,68.3,11.4,90.0,3.7,5,compact,plain,excellent,1,0
2640.0,0.52,3.7,77.2,12.7,89.0,2.1,7,survey,vent,good,1,0
3040.0,0.28,3.2,72.3,7.9,91.0,3.4000000000000004,11,survey,ridge,fair,1,0
4800.0,0.5700000000000001,2.0,80.9,40.3,86.0,8.5,9,heavy,trench,good,1,1
650.0,0.24,5.2,69.3,7.6,87.0,5.5,4,heavy,plain,excellent,1,0
2820.0,0.42,2.2,77.30000000000001,15.8,97.0,2.2,4,survey,vent,excellent,1,0
4330.0,0.29,1.7000000000000002,72.7,50.6,79.0,8.3,37,survey,trench,poor,0,1
4040.0,0.79,1.7000000000000002,75.9,31.5,92.0,4.4,7,survey,trench,good,1,1
1600.0,0.51,5.5,76.4,24.700000000000003,87.0,7.2,5,heavy,ridge,excellent,1,0
630.0,0.18,7.1000000000000005,68.8,4.4,86.0,9.6,23,survey,plain,fair,1,1
2290.0,0.37,3.1,71.4,28.700000000000003,91.0,3.6,4,compact,vent,excellent,1,0
4030.0,0.05,0.1,73.3,12.3,91.0,1.6,5,survey,trench,excellent,1,1
2530.0,0.4,1.2000000000000002,,18.8,97.0,1.8,14,survey,vent,excellent,1,0
880.0,0.27,5.9,69.0,10.6,92.0,2.9000000000000004,14,survey,plain,excellent,1,0
1710.0,0.55,4.3,73.4,34.5,90.0,11.3,9,heavy,ridge,excellent,0,0
600.0,0.78,7.300000000000001,70.10000000000001,6.800000000000001,94.0,2.3000000000000003,6,survey,plain,excellent,1,0
1310.0,0.3,3.5,69.7,33.1,88.0,5.0,28,survey,ridge,good,0,0
3460.0,0.55,3.5,81.0,39.3,96.0,4.3,7,survey,vent,excellent,0,0
4330.0,0.28,0.9,75.4,15.4,91.0,1.1,15,survey,trench,good,1,0
2390.0,0.53,3.5,75.4,32.4,91.0,4.7,8,survey,vent,excellent,1,0
890.0,0.44,5.6000000000000005,75.10000000000001,6.300000000000001,94.0,3.0,5,survey,plain,excellent,1,0
2200.0,0.24,0.5,71.7,15.5,84.0,9.1,32,survey,ridge,poor,1,0
4120.0,0.53,1.6,78.5,16.3,85.0,3.9,9,heavy,trench,good,1,1
1540.0,0.54,3.7,67.60000000000001,36.1,89.0,1.0,2,compact,ridge,excellent,1,0
1180.0,0.6900000000000001,2.7,67.8,9.8,86.0,1.4,12,compact,ridge,good,1,0
1490.0,0.98,3.1,77.0,39.2,84.0,9.4,17,survey,ridge,good,1,1
6280.0,0.3,0.9,79.5,34.300000000000004,85.0,5.300000000000001,20,survey,trench,fair,1,1
2940.0,0.49,3.0,83.30000000000001,36.7,81.0,8.0,10,heavy,vent,excellent,1,1
4570.0,0.28,2.0,80.10000000000001,28.9,88.0,0.9,7,heavy,trench,good,0,1
2450.0,0.53,2.1,,51.8,81.0,4.7,19,compact,vent,fair,0,1
350.0,0.58,8.8,68.7,13.1,76.0,3.0,37,compact,plain,poor,0,0
1350.0,0.87,5.2,78.7,41.400000000000006,91.0,2.7,10,survey,ridge,excellent,1,0
1480.0,0.26,4.3,69.5,15.8,90.0,4.1000000000000005,13,survey,ridge,good,1,0
2200.0,0.68,4.9,86.80000000000001,54.8,80.0,5.1000000000000005,15,heavy,vent,good,1,0
1680.0,0.94,2.9000000000000004,68.2,20.4,86.0,0.9,7,compact,ridge,excellent,1,1
2300.0,0.58,3.0,,42.400000000000006,87.0,2.0,12,compact,vent,good,1,0
550.0,0.2,7.800000000000001,63.6,4.5,83.0,4.3,18,compact,plain,good,1,0
3280.0,0.38,4.1000000000000005,78.9,27.6,87.0,8.5,30,survey,vent,poor,1,0
3630.0,0.37,1.6,77.9,32.6,88.0,10.5,20,survey,vent,good,1,1
1620.0,0.49,1.4,72.4,21.3,86.0,4.1000000000000005,16,compact,ridge,good,1,0
1180.0,0.23,2.5,67.60000000000001,9.3,87.0,3.0,15,survey,plain,good,1,0
5240.0,0.48,3.0,72.7,30.1,89.0,1.5,7,compact,trench,good,1,1
3930.0,0.27,1.1,72.3,22.9,86.0,7.2,26,survey,trench,fair,0,0
1590.0,0.5,4.1000000000000005,75.10000000000001,10.9,84.0,8.0,9,heavy,ridge,good,1,0
3810.0,0.43,2.6,75.9,13.4,87.0,5.800000000000001,22,survey,trench,good,1,1
790.0,0.22,6.6000000000000005,61.400000000000006,8.0,88.0,4.800000000000001,17,compact,plain,,1,0
570.0,0.22,5.6000000000000005,65.8,,92.0,5.7,15,survey,plain,excellent,1,1
550.0,0.52,5.300000000000001,70.4,9.9,82.0,7.6,23,survey,plain,fair,1,0
1030.0,0.34,5.6000000000000005,61.3,9.5,91.0,1.3,6,compact,ridge,excellent,1,0
440.0,0.14,9.2,63.0,5.5,88.0,3.3000000000000003,10,compact,plain,excellent,1,0
1510.0,0.77,1.7000000000000002,81.80000000000001,53.400000000000006,86.0,14.4,8,heavy,ridge,excellent,1,1
900.0,0.34,5.9,68.8,10.6,92.0,9.6,9,survey,plain,good,1,1
1620.0,0.49,2.6,76.0,37.5,95.0,4.4,13,survey,ridge,good,0,0
1020.0,0.42,3.2,68.2,28.8,89.0,7.0,13,survey,ridge,excellent,1,0
1020.0,0.47,,67.9,29.3,86.0,2.3000000000000003,21,compact,ridge,fair,0,0
1600.0,0.92,3.1,78.10000000000001,48.2,85.0,6.800000000000001,15,compact,ridge,excellent,0,1
1340.0,0.78,3.9,71.3,17.6,90.0,2.2,9,compact,ridge,good,1,0
2790.0,0.23,1.8,68.4,43.1,86.0,3.0,3,compact,trench,good,0,0
950.0,0.25,4.1000000000000005,63.1,13.3,87.0,0.7000000000000001,1,compact,plain,good,1,0
1730.0,0.43,2.0,71.5,29.8,90.0,3.3000000000000003,13,survey,ridge,good,0,0
2580.0,0.61,2.9000000000000004,75.8,16.400000000000002,95.0,4.3,9,survey,ridge,excellent,0,0
510.0,0.4,,57.5,5.1000000000000005,80.0,2.5,14,compact,plain,fair,1,0
2050.0,0.12,4.9,67.8,23.8,83.0,5.300000000000001,22,survey,ridge,fair,0,1
3690.0,0.06,3.3000000000000003,72.8,15.1,88.0,7.6,5,heavy,trench,good,1,0
580.0,0.06,5.0,61.400000000000006,19.3,94.0,3.4000000000000004,3,compact,plain,excellent,0,0
1610.0,0.02,2.1,76.0,16.7,77.0,3.8,11,heavy,ridge,good,1,0
650.0,0.34,6.7,64.8,17.400000000000002,77.0,5.7,47,compact,plain,poor,0,0
3990.0,0.25,3.1,77.4,33.9,86.0,3.1,8,heavy,trench,good,1,0
660.0,0.6900000000000001,4.9,65.9,27.8,87.0,9.9,15,compact,plain,fair,1,0
1610.0,0.05,3.7,72.9,7.4,86.0,5.4,7,survey,ridge,excellent,1,0
510.0,0.08,6.4,62.3,1.6,86.0,1.4,6,compact,plain,excellent,1,0
580.0,0.12,8.9,56.6,4.3,89.0,2.0,16,compact,plain,fair,0,1
3070.0,0.04,1.3,73.5,21.200000000000003,90.0,2.7,11,survey,trench,good,1,0
5420.0,0.68,1.6,85.7,79.80000000000001,87.0,2.3000000000000003,10,survey,trench,good,1,1
4290.0,0.36,3.2,72.7,26.1,84.0,3.7,12,compact,trench,fair,1,1
560.0,0.13,7.0,62.5,3.7,93.0,4.9,8,survey,plain,excellent,1,1
1870.0,1.71,3.1,79.7,64.60000000000001,89.0,4.0,13,survey,ridge,good,1,1
5110.0,0.18,0.6000000000000001,73.8,33.5,93.0,1.4,9,survey,trench,good,1,1
600.0,0.61,6.0,67.4,9.7,84.0,2.6,6,compact,plain,good,1,1
2670.0,0.66,3.7,82.80000000000001,36.8,86.0,3.8,7,heavy,vent,good,1,0
1060.0,0.65,4.800000000000001,68.10000000000001,10.3,79.0,11.8,42,survey,plain,poor,1,1
840.0,0.43,6.0,62.2,37.5,82.0,5.4,23,compact,plain,fair,0,0
840.0,0.18,5.300000000000001,65.2,4.2,85.0,,10,survey,plain,good,1,0
750.0,0.54,5.6000000000000005,64.7,7.9,87.0,2.0,20,compact,plain,good,1,0
2890.0,0.1,3.2,74.4,14.7,86.0,5.6000000000000005,7,heavy,vent,fair,1,0
2850.0,0.46,4.4,78.60000000000001,39.3,96.0,1.0,5,survey,vent,excellent,0,0
390.0,0.19,9.1,64.4,5.5,86.0,2.8000000000000003,8,compact,plain,good,1,0
5900.0,0.47,-0.2,85.10000000000001,28.700000000000003,84.0,3.1,11,heavy,trench,fair,1,1
790.0,0.96,5.800000000000001,75.7,35.7,,1.3,7,survey,plain,excellent,0,0
4380.0,0.07,2.3000000000000003,73.2,33.5,88.0,1.6,11,survey,trench,excellent,1,0
1700.0,0.5700000000000001,4.5,76.4,21.9,80.0,15.6,23,heavy,ridge,fair,1,1
2180.0,0.28,,74.10000000000001,15.9,86.0,3.7,18,compact,vent,fair,1,0
720.0,0.84,6.5,73.9,28.700000000000003,91.0,0.8,2,survey,plain,excellent,1,1
680.0,0.08,7.300000000000001,63.7,8.5,87.0,2.8000000000000003,12,compact,plain,,1,0
700.0,0.15,6.7,62.0,4.2,88.0,4.9,8,compact,plain,excellent,1,0
660.0,0.28,6.9,66.4,8.5,93.0,7.4,15,survey,plain,excellent,1,1
1710.0,0.13,4.3,72.0,8.5,90.0,2.6,3,heavy,ridge,excellent,1,0
550.0,0.55,8.3,68.2,6.800000000000001,89.0,1.3,1,compact,plain,excellent,1,0
850.0,0.25,4.2,57.5,5.300000000000001,85.0,3.8,10,compact,plain,good,1,0
2700.0,0.56,4.1000000000000005,77.9,14.9,90.0,,10,survey,vent,good,1,0
1660.0,0.16,2.8000000000000003,64.10000000000001,4.3,85.0,4.3,13,compact,ridge,good,1,0
530.0,0.2,7.300000000000001,58.8,5.5,87.0,4.2,13,compact,plain,good,1,1
1720.0,0.32,2.8000000000000003,77.80000000000001,30.0,98.0,4.2,6,survey,vent,excellent,0,0
3920.0,0.37,1.6,80.2,34.800000000000004,87.0,6.7,12,heavy,trench,good,1,0
1520.0,0.38,3.3000000000000003,71.0,24.5,99.0,1.6,8,survey,ridge,excellent,1,0
1650.0,0.53,2.2,68.2,12.2,85.0,4.5,18,compact,ridge,good,1,0
490.0,0.04,,57.3,3.9,85.0,4.0,12,compact,plain,poor,1,0
4870.0,0.16,3.2,79.30000000000001,12.5,88.0,6.6000000000000005,6,heavy,trench,good,1,0
1390.0,0.19,2.8000000000000003,68.60000000000001,17.1,98.0,1.8,4,survey,ridge,excellent,1,0
1410.0,0.97,2.2,79.80000000000001,71.10000000000001,91.0,2.9000000000000004,16,survey,ridge,excellent,1,1
2840.0,0.59,4.0,74.8,27.8,95.0,2.6,12,survey,vent,excellent,1,0
2090.0,0.55,2.4000000000000004,71.60000000000001,12.8,87.0,8.0,13,survey,ridge,good,1,0
590.0,0.45,6.5,66.8,6.9,98.0,4.4,6,survey,plain,excellent,0,0
790.0,0.39,6.5,68.4,14.2,85.0,1.9,12,compact,plain,good,1,0
2540.0,0.92,1.2000000000000002,82.80000000000001,29.200000000000003,88.0,,4,heavy,ridge,good,0,1
1880.0,0.5,2.9000000000000004,67.5,33.2,83.0,4.2,19,compact,ridge,poor,1,0
640.0,0.17,6.4,67.9,,92.0,3.2,4,survey,plain,excellent,1,0
520.0,0.12,10.9,66.0,2.5,82.0,6.9,13,compact,plain,excellent,1,1
3040.0,0.58,3.0,82.5,38.3,91.0,6.4,15,survey,vent,good,1,1
1070.0,0.43,3.9,71.60000000000001,7.0,88.0,,19,survey,plain,excellent,1,0
830.0,0.21,5.6000000000000005,63.2,8.6,92.0,,9,survey,plain,good,1,0
3100.0,0.34,1.1,76.3,33.7,79.0,7.300000000000001,20,heavy,trench,poor,0,1
4150.0,0.2,1.7000000000000002,72.7,30.200000000000003,86.0,4.800000000000001,11,survey,trench,good,0,0
3480.0,0.08,2.9000000000000004,66.3,24.6,84.0,1.7000000000000002,14,compact,trench,good,1,1
900.0,0.22,5.800000000000001,68.10000000000001,5.2,91.0,2.9000000000000004,11,survey,plain,excellent,1,0
2360.0,0.51,3.3000000000000003,77.10000000000001,35.800000000000004,86.0,7.1000000000000005,16,survey,ridge,good,1,0
3010.0,0.12,2.3000000000000003,73.4,31.6,85.0,8.4,32,survey,trench,fair,0,0
930.0,0.11,6.2,65.2,16.6,78.0,16.0,37,survey,plain,poor,0,0
1520.0,1.1,4.9,85.7,66.9,87.0,4.6000000000000005,4,heavy,ridge,excellent,1,1
2220.0,0.24,4.0,76.2,54.0,86.0,1.6,17,heavy,ridge,fair,0,1
1770.0,0.51,2.5,68.8,5.7,90.0,3.1,8,survey,ridge,good,1,0
1470.0,0.55,4.0,71.5,11.9,82.0,3.3000000000000003,12,heavy,ridge,good,1,0
600.0,0.17,6.9,,2.3000000000000003,88.0,2.9000000000000004,12,compact,plain,good,1,0
3540.0,0.65,,88.5,54.0,92.0,4.800000000000001,2,heavy,vent,excellent,1,1
3870.0,0.28,1.0,82.5,,89.0,5.6000000000000005,1,heavy,trench,excellent,1,0
5070.0,0.21,2.2,78.30000000000001,30.200000000000003,82.0,2.1,4,heavy,trench,fair,1,1
1900.0,0.55,2.1,71.7,17.1,96.0,4.3,8,survey,ridge,excellent,1,0
1670.0,0.53,3.7,72.2,11.4,88.0,3.2,8,compact,vent,excellent,1,0
330.0,0.16,8.8,65.5,14.4,83.0,7.2,16,compact,plain,fair,0,1
1550.0,0.72,3.5,82.0,22.6,81.0,5.2,10,heavy,ridge,fair,1,1
440.0,0.1,8.1,64.4,4.1000000000000005,90.0,2.2,3,survey,plain,good,1,0
3550.0,0.16,1.2000000000000002,76.0,16.900000000000002,85.0,6.800000000000001,11,survey,trench,good,1,1
1970.0,0.15,2.9000000000000004,67.0,19.0,84.0,5.0,30,survey,ridge,poor,0,0
3520.0,0.2,0.4,74.60000000000001,5.800000000000001,89.0,4.5,10,survey,trench,good,1,0
4560.0,0.98,2.2,73.7,21.9,92.0,1.8,15,compact,vent,good,1,1
3090.0,0.23,3.0,78.0,16.6,88.0,1.7000000000000002,12,survey,vent,good,1,0
2240.0,0.64,0.9,77.10000000000001,46.2,77.0,3.2,19,compact,vent,fair,1,1
810.0,0.61,4.1000000000000005,70.4,12.1,85.0,3.3000000000000003,32,survey,plain,fair,0,0
590.0,0.64,,72.4,19.5,82.0,3.3000000000000003,26,survey,plain,fair,0,0
2190.0,0.8200000000000001,,74.0,30.0,92.0,2.1,11,survey,ridge,good,1,0
2660.0,0.61,2.2,78.30000000000001,43.8,85.0,7.800000000000001,10,heavy,trench,,1,0
3190.0,0.76,4.2,83.10000000000001,64.10000000000001,86.0,0.9,4,heavy,vent,excellent,1,1
970.0,0.17,4.800000000000001,62.1,6.800000000000001,89.0,6.1000000000000005,27,survey,plain,fair,1,0
4360.0,0.38,1.2000000000000002,74.8,12.6,98.0,2.9000000000000004,7,survey,trench,excellent,1,0
700.0,0.02,6.2,59.8,4.7,84.0,6.2,17,compact,plain,excellent,1,0
770.0,0.21,6.300000000000001,69.0,5.300000000000001,94.0,3.1,17,survey,plain,fair,1,0
1870.0,0.31,1.8,74.8,22.5,90.0,1.2000000000000002,15,survey,ridge,excellent,0,0
4820.0,0.11,2.1,74.60000000000001,20.0,90.0,5.4,19,survey,trench,good,1,0
660.0,0.25,6.0,62.5,7.4,88.0,4.7,9,compact,plain,excellent,1,0
1280.0,0.15,3.7,70.5,12.4,89.0,2.2,4,compact,ridge,fair,1,0
810.0,0.12,4.3,67.60000000000001,6.300000000000001,90.0,3.1,14,survey,plain,good,1,0
3150.0,0.54,2.0,,19.1,91.0,1.0,10,survey,vent,excellent,1,0
1320.0,0.41,,69.7,13.5,82.0,4.1000000000000005,24,compact,ridge,poor,1,0
4160.0,0.36,1.0,73.3,35.4,84.0,4.6000000000000005,14,compact,trench,excellent,0,1
1880.0,0.92,2.7,80.60000000000001,14.0,88.0,1.5,11,compact,vent,good,1,1
3730.0,0.1,0.3,72.9,25.1,89.0,7.300000000000001,9,survey,trench,good,0,0
3560.0,0.43,3.8,75.0,53.5,86.0,2.1,14,survey,vent,excellent,0,0
3410.0,0.76,2.2,79.2,40.400000000000006,93.0,5.800000000000001,5,survey,vent,excellent,1,1
1210.0,0.52,3.3000000000000003,64.8,23.6,91.0,3.8,11,survey,plain,excellent,0,0
6060.0,0.09,2.3000000000000003,,16.1,83.0,2.4000000000000004,3,heavy,trench,excellent,1,1
2870.0,0.24,4.6000000000000005,85.7,11.8,89.0,0.4,2,heavy,vent,excellent,1,0
680.0,0.86,5.9,70.0,5.9,92.0,6.800000000000001,22,survey,plain,good,1,1
3660.0,0.33,0.6000000000000001,75.5,22.0,89.0,3.6,18,survey,trench,,0,0
4480.0,0.47,1.5,80.10000000000001,45.8,92.0,6.6000000000000005,3,heavy,trench,excellent,0,0
570.0,0.44,5.9,64.2,9.7,87.0,2.6,13,compact,plain,good,1,0
930.0,0.24,6.5,61.5,6.0,82.0,3.4000000000000004,20,compact,plain,fair,1,0
3640.0,0.33,1.1,80.4,46.0,84.0,5.0,27,survey,vent,fair,1,1
690.0,0.33,5.5,65.4,25.4,88.0,18.6,19,survey,plain,good,0,1
5380.0,0.17,3.1,72.5,30.1,93.0,9.4,12,survey,trench,good,1,1
1500.0,0.62,4.0,,35.2,81.0,4.2,30,survey,ridge,fair,1,0
3890.0,0.08,-0.2,80.5,18.5,85.0,7.1000000000000005,8,heavy,trench,good,1,0
2270.0,0.72,4.4,85.4,39.5,78.0,6.6000000000000005,25,heavy,vent,poor,0,1
490.0,0.88,6.7,64.2,23.700000000000003,82.0,5.5,21,compact,plain,poor,1,1
3130.0,0.6,1.4,75.3,34.9,92.0,0.7000000000000001,12,survey,trench,excellent,1,0
700.0,0.4,6.5,65.5,11.8,86.0,8.700000000000001,14,survey,plain,fair,1,0
1430.0,0.53,3.4000000000000004,83.9,18.8,85.0,7.2,2,heavy,ridge,good,1,1
1130.0,0.1,4.0,65.8,12.4,87.0,0.7000000000000001,12,compact,ridge,fair,1,0
850.0,0.92,6.9,67.2,33.4,90.0,3.6,5,survey,plain,good,0,1
800.0,0.21,5.4,61.3,3.7,83.0,14.3,32,survey,plain,fair,1,0
3170.0,0.19,1.6,74.4,8.8,84.0,5.800000000000001,26,survey,trench,fair,1,0
690.0,0.41,6.5,66.2,8.3,89.0,7.2,26,survey,plain,good,1,0
2540.0,1.07,3.2,85.5,16.900000000000002,90.0,2.4000000000000004,12,survey,vent,fair,1,1
4910.0,0.38,,82.7,24.3,90.0,4.3,8,heavy,trench,good,1,1
1390.0,0.47,3.2,73.5,24.8,85.0,1.9,12,survey,ridge,excellent,1,0
3780.0,0.31,4.2,72.4,14.2,86.0,5.9,19,survey,trench,,1,0
2220.0,0.61,1.9,76.3,28.6,80.0,6.9,21,compact,vent,fair,1,1
560.0,0.31,10.8,71.0,6.4,93.0,2.2,10,survey,plain,excellent,1,1
2910.0,0.92,2.6,88.80000000000001,44.8,88.0,9.4,7,heavy,vent,excellent,1,1
4520.0,0.07,2.3000000000000003,74.8,38.2,89.0,5.300000000000001,13,survey,trench,good,0,1
2460.0,0.6,4.1000000000000005,82.7,25.3,95.0,1.7000000000000002,11,survey,vent,good,1,0
1340.0,0.8300000000000001,3.2,78.60000000000001,49.1,85.0,2.0,7,heavy,ridge,excellent,0,0
390.0,0.15,6.6000000000000005,,8.5,80.0,3.4000000000000004,28,compact,plain,poor,0,0
4410.0,0.45,3.2,81.10000000000001,45.5,85.0,8.3,28,survey,vent,poor,0,1
680.0,0.2,7.2,58.400000000000006,18.6,85.0,2.9000000000000004,2,compact,plain,good,0,0
720.0,0.34,6.5,69.3,27.700000000000003,92.0,4.5,14,survey,plain,excellent,0,0
930.0,0.85,4.800000000000001,71.0,24.200000000000003,81.0,6.300000000000001,19,compact,ridge,fair,0,0
3270.0,0.12,2.9000000000000004,75.5,24.700000000000003,85.0,7.6,17,survey,trench,good,1,0
400.0,0.44,8.3,62.400000000000006,39.6,90.0,2.9000000000000004,8,compact,plain,excellent,0,0
1390.0,0.47,2.7,68.8,40.6,82.0,2.2,22,compact,ridge,poor,0,0
5070.0,0.12,0.9,81.60000000000001,32.1,84.0,10.0,7,heavy,trench,good,1,1
3120.0,0.33,2.8000000000000003,83.60000000000001,22.3,86.0,12.1,14,heavy,vent,fair,1,1
1870.0,0.98,1.9,76.60000000000001,24.4,98.0,2.7,10,survey,ridge,,1,0
860.0,0.09,5.300000000000001,65.60000000000001,6.1000000000000005,87.0,2.4000000000000004,25,survey,plain,good,1,0
4340.0,0.49,0.7000000000000001,80.10000000000001,39.6,82.0,6.800000000000001,11,heavy,trench,good,1,1
1570.0,0.33,3.6,71.0,25.700000000000003,83.0,5.4,27,survey,ridge,fair,1,0
3470.0,0.22,1.7000000000000002,74.2,29.4,81.0,3.5,15,compact,trench,fair,1,0
1520.0,0.61,2.7,73.10000000000001,11.9,98.0,1.7000000000000002,2,survey,ridge,excellent,1,0
3270.0,0.27,2.4000000000000004,79.0,28.9,83.0,12.8,9,heavy,trench,fair,1,1
1700.0,0.41,2.7,74.0,21.4,97.0,3.9,3,survey,ridge,excellent,1,0
630.0,0.5,6.2,67.8,9.2,93.0,6.0,5,survey,plain,excellent,1,0
2540.0,0.66,2.6,75.10000000000001,69.4,89.0,1.9,10,compact,vent,excellent,0,1
680.0,0.19,4.5,64.7,9.0,90.0,2.3000000000000003,8,survey,plain,excellent,1,0
470.0,0.2,6.800000000000001,65.4,11.0,90.0,3.6,9,compact,plain,excellent,0,0
1530.0,1.22,1.0,81.9,30.1,86.0,4.1000000000000005,2,heavy,ridge,good,1,1
2540.0,0.8,2.0,79.10000000000001,32.800000000000004,90.0,6.0,3,heavy,ridge,excellent,1,1
640.0,0.37,7.1000000000000005,64.60000000000001,24.1,88.0,4.1000000000000005,11,compact,plain,good,0,0
1840.0,0.49,2.7,75.3,26.9,92.0,3.9,15,survey,ridge,good,1,0
700.0,0.31,6.300000000000001,65.7,8.6,88.0,1.9,17,survey,plain,good,1,0
1640.0,0.08,2.8000000000000003,67.7,5.7,92.0,2.7,4,compact,ridge,excellent,1,0
650.0,0.42,7.300000000000001,60.900000000000006,12.4,91.0,2.5,3,compact,plain,excellent,1,0
2000.0,0.8300000000000001,2.4000000000000004,73.5,27.1,93.0,2.8000000000000003,1,compact,ridge,excellent,1,0
2680.0,0.19,4.1000000000000005,69.7,13.4,94.0,4.7,10,survey,trench,excellent,0,0
3540.0,0.55,1.3,71.60000000000001,55.0,93.0,6.800000000000001,6,compact,trench,good,0,1
590.0,0.17,9.4,64.8,15.5,92.0,3.1,10,survey,plain,good,0,1
1030.0,0.21,5.7,62.7,4.9,88.0,4.1000000000000005,4,compact,plain,excellent,1,0
1120.0,0.37,4.3,69.0,15.8,88.0,2.3000000000000003,7,survey,ridge,,1,0
810.0,0.71,6.4,69.60000000000001,21.3,90.0,2.0,14,survey,plain,excellent,1,1
3470.0,0.68,2.1,84.7,47.8,87.0,0.9,0,heavy,vent,excellent,1,1
4860.0,0.5,3.3000000000000003,78.30000000000001,29.9,91.0,2.7,27,survey,trench,good,0,1
890.0,0.43,6.0,69.5,19.700000000000003,83.0,7.4,34,survey,plain,poor,1,0
2700.0,0.42,,81.9,22.8,86.0,7.4,10,heavy,trench,good,1,1
3460.0,0.23,0.6000000000000001,79.9,63.6,97.0,1.9,6,survey,trench,excellent,0,1
860.0,0.05,7.2,70.3,3.7,88.0,2.6,5,heavy,plain,good,1,1
750.0,1.94,7.4,78.9,42.900000000000006,89.0,0.9,4,compact,ridge,excellent,1,1
2320.0,0.41,1.2000000000000002,73.2,21.0,81.0,4.7,12,compact,vent,fair,1,1
1810.0,0.22,1.4,70.0,24.6,79.0,4.5,28,survey,ridge,fair,1,0
1460.0,0.43,2.2,63.7,19.0,88.0,3.0,7,compact,ridge,good,1,0
1800.0,0.25,2.6,66.3,9.5,91.0,1.4,5,compact,ridge,excellent,1,0
710.0,0.14,6.0,59.3,8.1,97.0,3.9,4,compact,plain,excellent,1,1
1490.0,0.11,0.5,69.9,14.2,88.0,,10,survey,ridge,excellent,1,0
1950.0,0.31,1.2000000000000002,74.3,13.0,90.0,6.0,10,heavy,ridge,good,1,0
960.0,0.17,6.5,62.8,3.3000000000000003,89.0,5.7,8,compact,plain,excellent,1,0
1090.0,0.16,6.5,72.3,11.0,86.0,3.0,7,heavy,plain,good,1,1
730.0,0.3,7.2,66.4,10.5,92.0,5.800000000000001,16,survey,plain,excellent,1,1
2330.0,0.51,1.5,78.4,24.6,86.0,4.3,6,heavy,ridge,excellent,0,0
3250.0,0.42,3.2,75.60000000000001,29.3,84.0,10.7,28,survey,ridge,poor,1,0
730.0,0.2,5.5,63.5,4.7,87.0,3.6,10,compact,plain,good,1,0
660.0,0.14,7.6,61.5,14.0,85.0,5.7,12,compact,plain,good,0,0
2110.0,0.92,1.4,77.80000000000001,41.7,87.0,7.1000000000000005,13,survey,ridge,good,1,1
390.0,0.31,11.0,59.8,10.2,92.0,2.2,3,compact,plain,excellent,1,0
1100.0,0.58,4.0,72.0,9.8,91.0,3.5,14,survey,ridge,good,1,0
4880.0,0.13,2.0,80.0,22.3,85.0,2.2,6,heavy,trench,good,1,1
2280.0,0.21,4.4,81.60000000000001,17.400000000000002,89.0,4.3,3,heavy,vent,excellent,1,0
730.0,0.09,7.300000000000001,63.6,8.0,90.0,3.6,6,compact,plain,excellent,1,1
1260.0,0.6900000000000001,4.7,77.0,27.700000000000003,92.0,5.800000000000001,12,survey,ridge,excellent,1,0
880.0,0.15,5.9,69.0,10.6,83.0,5.0,18,heavy,plain,poor,0,1
4010.0,0.24,1.7000000000000002,75.9,21.4,85.0,4.5,3,heavy,trench,good,1,0
3760.0,0.25,0.5,73.5,16.0,86.0,1.9,3,compact,trench,excellent,1,0
690.0,0.24,6.6000000000000005,68.0,9.0,90.0,4.3,10,survey,plain,good,1,0
4200.0,0.12,3.5,70.0,10.3,80.0,4.5,34,survey,trench,poor,1,0
2340.0,0.3,3.3000000000000003,76.7,36.9,87.0,1.2000000000000002,10,survey,vent,excellent,1,0
2430.0,0.3,1.3,71.10000000000001,6.7,93.0,4.0,14,survey,ridge,excellent,1,0
2760.0,0.22,3.4000000000000004,75.3,32.9,86.0,9.7,7,heavy,ridge,good,0,0
760.0,0.63,6.2,69.3,13.4,92.0,5.6000000000000005,20,survey,plain,good,1,0
2770.0,0.29,2.8000000000000003,78.30000000000001,27.1,88.0,4.6000000000000005,19,survey,vent,good,1,0
820.0,0.41,4.7,66.3,11.5,96.0,4.800000000000001,14,survey,plain,excellent,1,0
1520.0,0.47,2.7,74.3,17.1,,5.9,13,survey,ridge,good,1,0
1650.0,0.66,3.3000000000000003,68.2,6.800000000000001,91.0,2.3000000000000003,11,compact,ridge,good,1,0
350.0,0.29,8.5,58.8,,88.0,3.9,8,compact,plain,good,1,0
2730.0,0.48,4.1000000000000005,77.2,17.3,88.0,4.3,11,survey,vent,excellent,1,0
1920.0,0.52,3.5,70.60000000000001,14.0,86.0,4.0,7,compact,trench,excellent,1,1
3330.0,0.35,-0.4,73.5,17.400000000000002,90.0,12.1,21,survey,ridge,fair,1,0
1340.0,0.65,5.5,78.30000000000001,22.200000000000003,,5.4,24,heavy,ridge,poor,0,0
1700.0,0.45,6.2,71.8,28.700000000000003,87.0,3.3000000000000003,8,compact,vent,good,1,1
2940.0,0.14,2.2,74.8,24.9,96.0,1.8,4,survey,vent,excellent,1,0
2720.0,0.06,2.2,73.2,22.4,88.0,6.7,16,survey,vent,fair,1,0
4470.0,0.36,2.4000000000000004,79.9,26.3,84.0,13.1,5,heavy,trench,good,1,1
3240.0,0.27,1.9,71.10000000000001,23.1,89.0,4.6000000000000005,12,survey,trench,good,1,0
3070.0,0.39,3.1,82.10000000000001,24.8,83.0,6.7,16,heavy,vent,good,0,1
1940.0,0.11,3.4000000000000004,65.5,,91.0,5.300000000000001,6,compact,ridge,excellent,1,0
570.0,0.1,6.1000000000000005,60.7,15.9,94.0,2.3000000000000003,8,compact,plain,excellent,0,1
1710.0,1.23,2.8000000000000003,82.60000000000001,110.8,88.0,10.2,17,compact,vent,good,0,1
890.0,0.54,2.9000000000000004,69.10000000000001,31.0,78.0,30.8,42,survey,plain,poor,0,1
3880.0,0.46,1.3,80.2,51.400000000000006,85.0,6.7,3,heavy,trench,excellent,1,1
2390.0,1.26,2.8000000000000003,79.5,32.5,97.0,2.5,7,survey,ridge,good,1,1
1520.0,1.01,3.4000000000000004,79.4,33.2,93.0,2.1,4,compact,ridge,excellent,0,0
3270.0,0.26,2.1,74.10000000000001,54.3,,5.300000000000001,25,survey,trench,poor,0,0
770.0,0.36,5.2,66.10000000000001,1.3,96.0,5.9,6,survey,plain,excellent,1,1
690.0,0.38,7.5,60.6,9.3,89.0,0.7000000000000001,2,compact,plain,excellent,0,1
1780.0,1.28,1.5,79.4,82.2,85.0,8.1,7,heavy,ridge,good,1,1
500.0,0.09,7.800000000000001,58.6,14.8,90.0,5.1000000000000005,10,compact,plain,excellent,0,1
3770.0,0.34,2.4000000000000004,82.5,38.8,83.0,4.0,13,heavy,trench,good,1,1
520.0,0.46,8.5,65.4,23.700000000000003,92.0,2.3000000000000003,8,compact,plain,excellent,0,0
810.0,0.06,6.4,69.7,4.800000000000001,81.0,3.6,10,heavy,plain,fair,1,1
5420.0,0.07,2.9000000000000004,77.80000000000001,11.8,90.0,5.4,16,survey,trench,good,0,1
1850.0,1.33,3.9,71.9,57.8,95.0,5.0,10,survey,ridge,good,0,0
3240.0,0.5,2.6,72.3,16.0,84.0,1.3,10,compact,trench,good,1,1
4630.0,0.74,2.3000000000000003,74.3,37.3,80.0,4.4,19,compact,trench,poor,1,1
2610.0,0.19,1.8,75.0,16.6,96.0,7.7,11,survey,vent,good,1,1
2440.0,0.96,4.800000000000001,80.9,28.6,94.0,2.2,7,survey,vent,excellent,1,0
670.0,0.59,7.2,66.5,9.6,95.0,5.800000000000001,4,survey,plain,excellent,0,0
780.0,0.17,6.7,65.7,10.3,91.0,0.8,8,survey,plain,fair,1,1
4100.0,0.68,3.7,,28.4,93.0,4.5,8,survey,vent,good,1,1
980.0,0.2,4.4,67.0,2.7,89.0,7.800000000000001,22,survey,plain,fair,1,1
3990.0,0.17,2.1,72.10000000000001,45.0,91.0,3.1,28,survey,trench,good,0,0
1550.0,0.81,3.7,79.10000000000001,36.2,87.0,6.5,13,compact,ridge,good,1,1
2470.0,0.14,3.3000000000000003,81.30000000000001,13.7,91.0,5.800000000000001,13,survey,vent,excellent,1,0
1780.0,0.93,2.7,76.0,28.200000000000003,94.0,5.5,15,survey,ridge,excellent,1,0
4480.0,0.4,2.6,80.10000000000001,23.9,84.0,4.4,27,survey,trench,fair,1,1
560.0,0.29,4.1000000000000005,69.4,5.6000000000000005,,7.800000000000001,14,survey,plain,good,1,1
1720.0,1.26,2.8000000000000003,84.10000000000001,22.8,89.0,4.800000000000001,2,survey,ridge,excellent,1,1
3090.0,0.48,3.6,78.7,39.1,90.0,6.800000000000001,3,heavy,vent,good,1,0
730.0,0.22,6.1000000000000005,67.8,8.700000000000001,98.0,2.4000000000000004,11,survey,plain,good,0,1
720.0,0.34,5.800000000000001,60.900000000000006,3.8,87.0,2.3000000000000003,8,compact,plain,good,1,0
540.0,0.66,8.0,70.3,16.5,87.0,,3,compact,plain,good,1,0
4630.0,0.13,2.2,71.5,48.900000000000006,89.0,3.7,8,survey,trench,good,0,0
2290.0,1.04,1.6,80.9,28.6,93.0,2.3000000000000003,10,survey,ridge,excellent,1,1
550.0,0.6,9.7,68.10000000000001,8.0,85.0,9.3,22,compact,plain,fair,1,1
1410.0,0.3,5.1000000000000005,74.10000000000001,10.3,91.0,4.800000000000001,11,survey,ridge,fair,0,0
680.0,0.28,5.800000000000001,64.2,25.1,92.0,5.0,14,survey,plain,excellent,0,1
1670.0,0.92,3.7,75.9,39.5,90.0,7.2,10,survey,ridge,good,0,1
2780.0,0.21,2.4000000000000004,79.5,17.900000000000002,85.0,8.4,8,heavy,vent,fair,0,0
420.0,0.24,10.3,59.900000000000006,4.4,89.0,1.8,13,compact,plain,good,1,0
2700.0,0.23,2.2,72.10000000000001,29.4,95.0,1.2000000000000002,7,survey,trench,excellent,0,0
5500.0,0.34,0.2,74.9,29.1,88.0,3.2,20,survey,trench,fair,1,1
880.0,0.24,4.4,67.5,25.200000000000003,93.0,3.4000000000000004,11,survey,plain,excellent,0,1
3350.0,0.65,3.2,79.10000000000001,15.6,87.0,3.2,26,survey,vent,good,1,1
480.0,0.36,9.3,68.7,13.2,88.0,8.700000000000001,15,survey,plain,fair,1,0
490.0,0.17,8.3,59.6,6.1000000000000005,88.0,1.9,5,compact,plain,good,1,0
3120.0,0.1,0.9,70.7,14.7,90.0,5.9,14,survey,trench,fair,1,0
1780.0,1.02,3.9,81.9,29.4,81.0,13.5,18,heavy,ridge,fair,1,1
850.0,0.77,6.2,72.60000000000001,34.9,88.0,2.2,17,survey,plain,good,1,0
610.0,0.1,8.1,63.7,8.3,88.0,6.0,11,survey,plain,good,1,1
2770.0,0.22,3.1,75.7,8.9,91.0,6.7,9,survey,vent,excellent,1,0
720.0,0.19,6.4,63.1,14.6,87.0,5.5,6,compact,plain,good,0,0
5370.0,0.94,1.6,88.7,78.80000000000001,81.0,9.7,24,heavy,vent,fair,1,1
840.0,0.25,6.9,65.2,7.2,96.0,2.5,8,survey,plain,excellent,1,0
2690.0,0.04,4.4,74.2,23.6,86.0,8.9,27,survey,vent,,1,0
1420.0,0.45,4.5,72.2,16.3,91.0,2.1,8,survey,ridge,good,1,0
1460.0,0.5,2.9000000000000004,69.8,16.8,82.0,3.2,11,compact,ridge,fair,1,0
980.0,0.15,6.1000000000000005,70.5,10.1,84.0,5.6000000000000005,7,heavy,plain,excellent,1,1
780.0,0.28,8.200000000000001,68.7,13.9,86.0,2.5,16,heavy,plain,fair,1,1
480.0,0.27,6.5,63.8,19.8,94.0,2.1,7,compact,plain,,0,1
2050.0,0.93,4.4,83.60000000000001,37.2,81.0,3.4000000000000004,31,survey,vent,fair,1,1
1510.0,0.49,4.800000000000001,65.0,11.1,90.0,2.9000000000000004,7,compact,ridge,good,1,0
1340.0,0.21,4.3,67.4,10.1,88.0,4.7,17,survey,ridge,good,1,0
2490.0,0.05,0.7000000000000001,66.0,15.7,86.0,2.3000000000000003,12,compact,trench,good,0,0
5520.0,0.6,,83.7,14.5,91.0,6.5,4,heavy,trench,good,1,1
5260.0,0.34,1.8,76.80000000000001,28.4,91.0,3.4000000000000004,10,compact,trench,good,1,1
4210.0,0.2,0.6000000000000001,79.10000000000001,17.8,,13.0,11,heavy,trench,fair,1,1
2090.0,0.13,3.4000000000000004,68.7,19.4,90.0,8.5,18,survey,trench,excellent,1,0
1400.0,0.47,4.3,71.10000000000001,32.0,88.0,3.2,7,compact,ridge,excellent,0,0
5780.0,0.41,2.9000000000000004,76.60000000000001,23.4,,4.0,10,survey,trench,excellent,1,1
2980.0,0.73,3.2,79.80000000000001,28.200000000000003,88.0,3.1,6,heavy,ridge,excellent,0,0
2410.0,0.32,3.6,79.5,39.6,84.0,16.5,10,heavy,vent,poor,0,0
2660.0,0.26,3.4000000000000004,70.4,9.7,89.0,4.0,16,survey,trench,good,1,0
560.0,0.05,7.5,58.6,4.3,87.0,1.2000000000000002,6,compact,plain,excellent,1,0
1950.0,0.06,2.0,70.10000000000001,17.0,87.0,1.7000000000000002,12,heavy,ridge,good,1,0
3380.0,0.38,1.5,78.7,29.6,89.0,8.5,6,heavy,trench,good,1,0
580.0,0.45,5.1000000000000005,63.1,7.1000000000000005,85.0,1.2000000000000002,8,compact,plain,good,1,0
1970.0,0.96,1.9,72.9,,90.0,1.8,17,survey,ridge,excellent,1,0
640.0,0.25,5.2,68.0,4.1000000000000005,84.0,8.5,17,survey,plain,good,1,1
690.0,0.53,6.9,66.5,7.0,88.0,3.6,10,compact,plain,good,1,0
3400.0,0.14,1.7000000000000002,74.5,19.9,93.0,6.9,19,survey,trench,fair,1,0
5000.0,0.93,0.7000000000000001,86.60000000000001,46.1,91.0,7.1000000000000005,20,survey,trench,good,1,1
1160.0,0.31,4.9,64.5,4.2,86.0,2.4000000000000004,15,compact,ridge,good,1,0
2290.0,0.26,3.7,74.8,12.0,85.0,9.4,8,heavy,ridge,excellent,1,0
480.0,0.09,7.4,59.900000000000006,2.1,85.0,6.0,12,compact,plain,good,1,0
490.0,0.38,7.2,70.7,14.8,89.0,1.9,12,survey,plain,excellent,1,0
1280.0,0.46,4.5,77.2,14.3,82.0,4.2,6,heavy,ridge,good,1,1
4320.0,0.44,2.3000000000000003,80.30000000000001,35.4,85.0,7.4,9,heavy,trench,excellent,1,1
760.0,0.37,4.2,69.0,8.5,93.0,12.0,15,survey,plain,excellent,1,1
800.0,0.37,5.6000000000000005,63.900000000000006,12.3,89.0,6.0,14,compact,plain,poor,1,0
3540.0,0.34,2.6,80.80000000000001,16.6,88.0,2.9000000000000004,5,heavy,trench,excellent,1,1
5850.0,0.14,0.7000000000000001,76.4,9.5,87.0,5.2,9,heavy,trench,excellent,1,1
390.0,0.36,7.1000000000000005,63.5,7.7,91.0,1.9,4,compact,plain,excellent,1,0
3470.0,0.18,1.8,76.5,21.3,76.0,10.7,23,heavy,trench,poor,0,1
1280.0,0.5,3.5,70.7,18.1,85.0,4.800000000000001,13,compact,ridge,good,1,0
5210.0,0.09,1.8,82.5,22.4,89.0,4.800000000000001,11,heavy,trench,good,0,0
1890.0,0.52,3.9,74.60000000000001,45.7,98.0,2.8000000000000003,2,survey,ridge,excellent,1,0
1610.0,0.92,2.6,73.3,23.0,95.0,1.6,5,survey,ridge,excellent,1,0
2980.0,0.95,4.1000000000000005,80.0,26.5,90.0,8.4,21,survey,vent,good,0,0
2600.0,0.39,3.0,67.8,9.9,96.0,3.3000000000000003,2,survey,ridge,excellent,1,0
2370.0,0.08,3.2,74.8,25.6,90.0,3.3000000000000003,19,survey,vent,fair,1,0
3860.0,0.33,3.0,76.2,13.9,89.0,10.4,17,survey,trench,excellent,1,1
1590.0,0.42,2.9000000000000004,73.2,33.6,93.0,3.5,11,survey,ridge,excellent,1,0
3160.0,0.06,2.1,69.60000000000001,18.8,89.0,6.300000000000001,19,survey,trench,excellent,0,0
710.0,0.56,6.7,67.10000000000001,20.700000000000003,94.0,2.7,11,survey,plain,good,1,0
1570.0,0.26,1.9,67.10000000000001,23.6,86.0,5.4,30,survey,ridge,fair,0,0
2340.0,0.07,2.5,76.3,9.3,82.0,2.2,21,heavy,ridge,fair,1,1
1320.0,0.39,2.6,66.0,12.8,91.0,,5,compact,ridge,excellent,1,0
2930.0,0.11,1.9,73.3,11.3,91.0,4.4,7,survey,trench,good,1,0
430.0,0.5700000000000001,11.1,67.3,9.8,94.0,1.7000000000000002,6,survey,plain,good,1,0
2920.0,0.42,3.3000000000000003,70.0,9.9,91.0,2.0,8,compact,ridge,good,1,0
860.0,0.24,6.5,69.60000000000001,9.6,80.0,6.7,30,survey,plain,fair,0,0
1680.0,0.68,3.4000000000000004,77.30000000000001,23.6,89.0,1.9,21,survey,ridge,good,1,0
4580.0,0.45,2.6,80.7,48.5,91.0,6.6000000000000005,9,heavy,trench,good,1,1
3940.0,0.17,2.5,77.9,35.4,85.0,8.8,2,heavy,trench,excellent,1,0
750.0,0.45,5.800000000000001,66.3,5.0,92.0,4.1000000000000005,13,survey,plain,good,1,0
4260.0,0.33,0.2,74.7,26.1,95.0,4.6000000000000005,11,survey,trench,excellent,1,0
690.0,0.8300000000000001,5.9,71.3,10.0,91.0,2.1,9,survey,plain,excellent,1,0
3200.0,0.37,0.0,78.9,18.9,88.0,5.6000000000000005,7,heavy,trench,good,1,0
840.0,0.28,5.9,70.4,8.0,87.0,,17,survey,plain,fair,1,1
770.0,0.35,6.6000000000000005,64.2,10.1,90.0,,3,compact,plain,excellent,1,0
1990.0,0.63,1.7000000000000002,74.10000000000001,16.400000000000002,90.0,6.4,19,survey,ridge,good,1,0
4230.0,0.3,1.0,76.0,18.6,91.0,7.5,12,survey,trench,excellent,1,0
4020.0,0.16,,74.4,39.6,93.0,0.8,10,survey,trench,fair,0,0
3830.0,0.35,2.7,78.0,7.0,91.0,3.4000000000000004,3,survey,trench,excellent,1,0
1460.0,0.63,2.3000000000000003,70.2,18.6,89.0,3.5,9,compact,ridge,excellent,1,0
1630.0,0.72,2.7,75.0,22.9,88.0,1.5,10,survey,ridge,good,1,0
1920.0,0.85,1.6,79.60000000000001,22.700000000000003,86.0,8.3,20,survey,ridge,fair,1,1
1080.0,0.26,3.5,69.8,5.6000000000000005,89.0,1.2000000000000002,17,survey,ridge,good,1,0
3340.0,0.03,2.8000000000000003,67.5,33.7,84.0,,26,compact,trench,fair,1,0
5730.0,0.34,0.4,78.0,11.0,84.0,5.0,4,heavy,trench,excellent,1,1
830.0,0.26,2.5,,19.1,87.0,0.9,6,compact,plain,,0,0
830.0,0.19,7.300000000000001,67.4,5.5,,3.9,12,survey,plain,excellent,1,0
750.0,0.05,4.800000000000001,70.2,9.9,89.0,4.9,3,heavy,plain,excellent,1,1
1370.0,0.36,3.5,68.3,18.0,89.0,6.2,7,compact,ridge,fair,1,0
990.0,0.36,5.300000000000001,67.8,10.2,,1.9,17,compact,plain,fair,1,0
2000.0,0.54,3.1,68.60000000000001,19.6,84.0,1.7000000000000002,13,compact,ridge,good,1,0
1240.0,0.32,4.2,71.4,19.700000000000003,87.0,5.9,15,survey,ridge,good,1,0
1630.0,0.05,2.7,64.60000000000001,7.2,94.0,3.1,10,compact,ridge,good,1,0
710.0,0.02,6.7,62.1,3.4000000000000004,89.0,3.1,9,compact,plain,good,1,0
720.0,0.07,6.2,60.6,13.4,88.0,3.1,9,compact,plain,excellent,0,0
2160.0,0.43,3.8,70.3,27.8,90.0,1.9,17,survey,ridge,good,0,0
720.0,0.16,4.6000000000000005,63.8,8.200000000000001,93.0,2.8000000000000003,1,compact,plain,excellent,1,0
1550.0,0.46,4.0,69.2,12.8,88.0,1.9,8,compact,ridge,excellent,1,0
4310.0,0.23,3.6,81.2,60.7,88.0,2.5,8,heavy,vent,excellent,1,0
3740.0,0.17,0.8,73.3,25.3,93.0,3.6,1,survey,trench,good,1,0
4360.0,0.09,0.2,73.60000000000001,18.1,86.0,6.4,11,heavy,trench,good,1,0
1300.0,0.84,4.2,74.0,17.3,,3.4000000000000004,22,compact,ridge,fair,0,1
1270.0,0.62,3.0,75.7,34.2,86.0,7.300000000000001,6,heavy,ridge,good,1,0
1830.0,0.32,1.3,72.10000000000001,11.9,89.0,8.1,6,survey,ridge,good,1,0
980.0,0.04,5.0,58.6,1.6,90.0,3.4000000000000004,5,compact,plain,excellent,1,0
2020.0,0.68,1.1,73.2,43.1,95.0,6.1000000000000005,8,survey,ridge,excellent,1,0
5960.0,0.77,2.1,82.80000000000001,50.400000000000006,91.0,4.800000000000001,16,survey,trench,fair,1,1
2940.0,0.08,2.7,68.8,17.2,91.0,2.8000000000000003,8,survey,trench,good,1,0
4000.0,0.02,0.5,75.0,12.6,84.0,3.4000000000000004,15,heavy,trench,good,1,0
2100.0,0.54,2.3000000000000003,74.3,23.9,,4.0,5,heavy,ridge,good,1,0
2990.0,0.25,1.9,81.0,38.2,95.0,2.0,12,survey,vent,good,1,0
1260.0,0.54,4.0,68.8,10.8,89.0,0.6000000000000001,7,compact,ridge,excellent,1,0
660.0,0.78,4.3,69.3,23.8,85.0,3.9,31,survey,plain,good,1,0
750.0,0.12,7.0,60.3,6.800000000000001,94.0,4.800000000000001,5,compact,plain,good,1,0
2710.0,0.58,0.8,73.10000000000001,22.0,93.0,0.8,8,survey,ridge,good,1,0
1110.0,0.71,3.9,66.2,8.200000000000001,82.0,6.800000000000001,21,compact,ridge,fair,1,0
2340.0,0.56,2.6,81.0,62.400000000000006,87.0,4.4,5,heavy,vent,good,1,0
4930.0,0.22,2.3000000000000003,75.60000000000001,21.0,93.0,3.7,6,survey,trench,excellent,0,0
1710.0,0.16,2.9000000000000004,72.0,6.1000000000000005,84.0,5.1000000000000005,12,compact,ridge,fair,1,0
580.0,0.12,9.2,62.900000000000006,5.4,88.0,4.3,16,survey,plain,good,1,1
1820.0,0.5,4.3,74.2,28.8,90.0,1.8,6,compact,vent,good,0,0
2100.0,1.67,1.8,87.0,68.60000000000001,88.0,2.4000000000000004,10,heavy,ridge,excellent,1,1
6160.0,0.26,-1.4,81.2,24.9,96.0,4.7,8,survey,trench,excellent,1,1
1410.0,0.54,2.7,74.5,19.4,93.0,7.1000000000000005,19,survey,ridge,good,1,0
3920.0,0.3,2.1,68.9,34.0,84.0,5.1000000000000005,17,compact,trench,fair,0,1
2300.0,1.24,1.6,77.9,46.900000000000006,90.0,2.8000000000000003,5,survey,ridge,excellent,0,1
1390.0,0.71,4.3,68.2,29.8,84.0,5.300000000000001,29,compact,ridge,poor,0,0
630.0,0.31,7.0,66.3,17.2,,3.6,13,survey,plain,good,0,1
2460.0,0.5,3.1,85.30000000000001,38.3,81.0,4.800000000000001,6,heavy,vent,good,1,1
860.0,0.33,6.5,71.0,7.7,88.0,4.3,5,heavy,plain,excellent,1,0
3840.0,0.66,0.5,85.30000000000001,28.200000000000003,84.0,6.6000000000000005,10,heavy,vent,excellent,1,1
2410.0,0.74,2.4000000000000004,74.9,,74.0,5.800000000000001,44,survey,ridge,poor,0,1
1750.0,0.67,4.2,74.2,39.400000000000006,,4.1000000000000005,11,compact,ridge,excellent,1,0
5480.0,0.1,-0.3,79.5,14.9,84.0,9.3,11,heavy,trench,fair,1,1
630.0,0.28,4.5,67.3,4.7,,3.8,10,survey,plain,excellent,1,0
2060.0,0.5700000000000001,3.1,71.9,14.6,93.0,2.5,2,survey,ridge,excellent,1,0
760.0,0.34,6.300000000000001,65.60000000000001,,93.0,4.4,7,survey,plain,excellent,1,1
1930.0,0.64,2.6,77.0,44.5,87.0,5.6000000000000005,11,survey,ridge,good,1,0
1660.0,0.63,3.4000000000000004,74.5,45.7,81.0,12.3,30,survey,ridge,,0,0
4630.0,0.21,-0.1,71.3,48.0,88.0,10.6,27,survey,trench,poor,1,0
2160.0,0.37,2.5,77.60000000000001,13.4,88.0,4.9,13,heavy,vent,fair,1,0
560.0,0.8200000000000001,,68.4,29.6,86.0,7.1000000000000005,13,compact,plain,good,0,0
6090.0,0.46,1.2000000000000002,73.2,15.9,90.0,6.2,14,survey,trench,excellent,1,1
780.0,0.32,7.0,69.2,24.0,90.0,1.5,9,heavy,plain,good,1,1
3630.0,0.81,1.3,79.80000000000001,26.4,90.0,5.6000000000000005,19,survey,trench,fair,1,1
980.0,0.41,7.0,65.7,13.2,89.0,4.3,3,compact,plain,good,1,0
1780.0,1.03,4.1000000000000005,72.10000000000001,67.10000000000001,90.0,3.8,15,survey,ridge,good,1,1
770.0,0.28,8.0,63.6,,91.0,3.2,12,survey,plain,excellent,1,0
2090.0,0.45,2.9000000000000004,81.60000000000001,36.8,83.0,6.7,27,survey,vent,fair,1,0
3030.0,0.62,2.4000000000000004,78.10000000000001,39.6,87.0,4.5,19,survey,vent,good,1,0
650.0,0.62,5.4,71.8,13.2,91.0,7.800000000000001,16,survey,plain,good,1,0
1690.0,1.55,3.0,85.30000000000001,53.3,82.0,4.5,10,heavy,ridge,good,1,1
2460.0,0.26,2.1,75.9,14.4,89.0,5.4,10,survey,vent,good,1,0
3420.0,0.65,2.6,80.5,23.6,84.0,13.5,31,survey,vent,poor,1,1
440.0,0.48,9.3,59.8,5.6000000000000005,81.0,3.5,26,compact,plain,poor,1,0
700.0,0.43,7.9,73.60000000000001,10.9,81.0,14.0,37,survey,plain,poor,0,1
3650.0,0.8200000000000001,1.6,85.80000000000001,21.8,85.0,4.5,12,heavy,vent,fair,1,1
2180.0,1.12,2.7,76.60000000000001,41.0,90.0,2.3000000000000003,12,compact,ridge,excellent,1,1
2860.0,0.46,2.3000000000000003,73.10000000000001,48.400000000000006,93.0,2.3000000000000003,17,survey,ridge,excellent,1,0
3580.0,0.26,3.6,82.10000000000001,33.800000000000004,82.0,4.800000000000001,31,survey,vent,good,1,1
4100.0,0.09,3.1,82.10000000000001,21.8,85.0,8.3,11,heavy,vent,good,1,0
1620.0,0.6900000000000001,3.7,68.5,15.0,95.0,1.6,0,compact,ridge,excellent,1,0
4080.0,0.45,2.3000000000000003,80.0,25.6,83.0,6.9,6,heavy,trench,excellent,1,1
3550.0,0.15,2.0,77.2,23.6,78.0,10.9,28,heavy,trench,poor,1,1
2670.0,0.63,3.1,85.10000000000001,29.3,84.0,2.1,8,heavy,vent,good,1,1
620.0,0.06,6.300000000000001,62.8,2.7,85.0,8.6,24,survey,plain,fair,1,1
1860.0,0.33,0.7000000000000001,74.3,13.5,91.0,0.6000000000000001,8,survey,ridge,good,1,0
760.0,0.51,4.5,69.0,,89.0,5.300000000000001,18,survey,plain,good,0,0
1430.0,0.18,3.7,74.5,21.9,86.0,3.4000000000000004,10,heavy,ridge,excellent,0,0
1470.0,0.25,3.4000000000000004,73.10000000000001,22.5,86.0,9.2,18,survey,ridge,fair,0,1
4080.0,0.37,0.9,76.7,11.7,95.0,2.8000000000000003,11,survey,ridge,good,1,0
2080.0,1.28,3.9,85.80000000000001,52.8,82.0,3.0,18,heavy,vent,good,0,1
1950.0,0.43,,78.80000000000001,19.6,85.0,,21,compact,vent,fair,1,0
3700.0,0.55,3.6,76.3,21.700000000000003,92.0,9.3,12,survey,vent,good,1,1
660.0,0.34,8.1,62.900000000000006,11.1,82.0,3.0,19,compact,plain,fair,0,0
900.0,0.47,4.2,69.5,13.5,91.0,13.9,20,survey,plain,good,1,1
1540.0,0.45,3.0,75.3,41.1,90.0,10.7,6,heavy,ridge,good,1,1
1390.0,0.43,5.1000000000000005,68.7,13.4,86.0,2.5,11,heavy,ridge,fair,1,0
620.0,0.16,7.6,63.7,3.2,96.0,5.2,6,survey,plain,excellent,1,1
1570.0,0.41,3.4000000000000004,73.0,13.1,91.0,3.8,19,survey,ridge,good,1,0
1020.0,0.19,,68.9,15.2,85.0,3.3000000000000003,7,heavy,plain,excellent,1,0
3860.0,0.39,2.4000000000000004,79.10000000000001,41.8,75.0,9.2,21,heavy,trench,fair,1,1
4260.0,0.49,1.8,80.9,13.0,85.0,6.300000000000001,5,heavy,vent,excellent,1,1
900.0,0.11,3.7,65.60000000000001,4.4,88.0,4.2,22,survey,plain,good,1,0
580.0,0.37,7.5,63.2,22.1,80.0,2.2,12,compact,plain,fair,0,0
1760.0,0.68,3.1,71.0,13.6,91.0,2.0,6,compact,ridge,excellent,1,0
860.0,0.33,3.8,66.0,3.2,96.0,2.5,11,survey,plain,excellent,1,0
540.0,0.27,,66.4,11.4,84.0,7.4,38,survey,plain,poor,1,0
910.0,0.53,4.800000000000001,67.5,9.9,88.0,2.7,10,survey,plain,fair,1,0
1160.0,0.43,4.0,72.5,31.200000000000003,93.0,5.300000000000001,7,survey,ridge,excellent,1,0
2210.0,1.43,3.5,,45.8,85.0,6.5,26,survey,vent,fair,1,1
3680.0,0.35,2.4000000000000004,80.2,32.4,80.0,11.7,15,heavy,trench,good,1,1
540.0,0.28,7.5,74.10000000000001,13.3,85.0,2.7,2,heavy,plain,good,1,0
2610.0,0.36,,80.4,26.9,83.0,16.5,12,heavy,vent,fair,1,1
2800.0,0.87,4.7,80.60000000000001,24.700000000000003,95.0,1.4,7,survey,vent,,1,1
550.0,0.21,7.300000000000001,59.400000000000006,1.9,83.0,4.1000000000000005,13,compact,plain,fair,1,0
610.0,0.28,,61.400000000000006,6.9,90.0,3.1,3,compact,plain,excellent,1,0
1720.0,1.14,4.0,76.5,30.9,90.0,0.7000000000000001,4,compact,ridge,excellent,0,1
2460.0,0.18,2.2,74.10000000000001,27.4,92.0,0.8,2,survey,vent,excellent,0,0
2710.0,0.29,3.5,72.60000000000001,6.9,91.0,3.4000000000000004,7,survey,vent,excellent,1,0
1810.0,0.6,3.1,77.60000000000001,23.4,82.0,11.0,14,heavy,ridge,good,1,1
3040.0,0.12,1.8,74.5,29.200000000000003,89.0,4.5,11,survey,trench,good,0,0
850.0,0.28,4.5,68.60000000000001,20.4,89.0,1.1,24,survey,plain,poor,1,0
730.0,0.31,7.1000000000000005,63.3,5.2,87.0,3.2,3,compact,plain,good,1,0
2150.0,0.55,4.2,80.4,41.400000000000006,91.0,5.7,2,survey,vent,excellent,1,0
550.0,0.48,6.7,68.4,18.2,85.0,6.2,19,survey,plain,fair,1,0
3140.0,0.29,-0.1,80.5,13.4,67.0,12.2,32,heavy,vent,poor,1,1
550.0,0.33,8.1,67.60000000000001,8.200000000000001,84.0,3.0,28,survey,plain,good,1,0
3870.0,0.23,1.1,77.5,20.6,88.0,2.9000000000000004,10,heavy,trench,fair,1,0
1730.0,0.34,1.8,70.60000000000001,9.0,90.0,5.1000000000000005,15,survey,ridge,good,1,0
560.0,0.07,7.300000000000001,62.900000000000006,3.8,87.0,2.9000000000000004,9,compact,plain,good,1,0
940.0,0.16,5.5,,10.7,93.0,8.1,2,survey,plain,excellent,1,1
940.0,0.31,4.2,69.4,27.5,,5.1000000000000005,24,survey,plain,fair,0,0
5690.0,0.31,2.0,74.3,11.4,90.0,3.3000000000000003,12,survey,trench,excellent,1,1
420.0,0.4,9.3,60.900000000000006,8.0,86.0,1.8,4,compact,plain,,1,0
2240.0,0.72,2.2,75.7,42.5,93.0,3.8,6,survey,ridge,excellent,1,0
3780.0,0.27,3.1,76.60000000000001,19.5,91.0,5.9,5,survey,trench,excellent,1,0
2540.0,0.73,2.5,76.0,55.2,92.0,3.8,11,survey,ridge,good,0,0
420.0,0.46,7.4,63.0,38.900000000000006,91.0,1.7000000000000002,8,compact,plain,good,0,1
870.0,0.36,5.4,65.5,11.1,90.0,1.7000000000000002,2,compact,plain,excellent,1,0
3310.0,0.56,5.0,87.10000000000001,52.5,89.0,8.6,4,heavy,vent,good,1,1
4470.0,0.5700000000000001,1.2000000000000002,83.10000000000001,36.3,85.0,2.0,9,heavy,trench,excellent,1,1
1940.0,0.53,4.6000000000000005,76.4,35.0,88.0,9.8,22,survey,vent,fair,1,0
2770.0,0.26,1.8,75.5,28.6,87.0,4.7,10,survey,trench,excellent,1,0
1840.0,1.17,2.3000000000000003,77.9,95.2,91.0,1.6,7,survey,ridge,good,0,1
3910.0,0.16,1.9,71.8,32.800000000000004,94.0,3.5,3,survey,trench,excellent,1,0
6040.0,0.87,1.3,78.9,49.400000000000006,96.0,0.9,5,survey,trench,good,1,1
4290.0,0.19,3.4000000000000004,77.5,25.5,95.0,1.6,5,survey,trench,excellent,1,0
520.0,0.15,6.5,63.1,3.9,99.0,2.3000000000000003,0,survey,plain,excellent,1,0
490.0,0.38,7.6,67.3,7.4,85.0,6.0,21,survey,plain,fair,1,0
1690.0,0.3,2.6,79.80000000000001,14.5,90.0,7.5,4,heavy,ridge,good,1,1
6290.0,0.33,2.3000000000000003,77.7,,87.0,12.3,8,heavy,trench,good,1,1
4320.0,0.39,1.3,77.30000000000001,19.9,85.0,3.4000000000000004,6,heavy,trench,excellent,1,0
1720.0,0.65,4.1000000000000005,78.60000000000001,44.7,91.0,5.0,14,survey,vent,excellent,1,0
800.0,0.21,,60.8,13.4,89.0,2.0,9,compact,plain,excellent,1,0
1100.0,0.31,2.7,66.5,10.4,97.0,3.9,6,survey,plain,excellent,1,0
960.0,1.02,5.9,80.5,22.200000000000003,92.0,4.4,6,heavy,plain,excellent,1,0
680.0,0.42,7.300000000000001,70.7,16.400000000000002,88.0,,10,survey,plain,good,1,0
650.0,0.18,6.6000000000000005,70.5,8.5,94.0,7.800000000000001,13,survey,plain,good,1,1
600.0,0.13,8.9,62.8,4.7,92.0,2.6,19,survey,plain,good,1,0
1200.0,0.49,4.9,75.5,21.9,93.0,1.0,10,survey,ridge,good,1,0
850.0,0.16,7.1000000000000005,76.9,10.2,88.0,5.9,5,heavy,plain,excellent,1,1
4520.0,0.37,2.5,79.30000000000001,25.9,93.0,2.8000000000000003,10,survey,trench,excellent,1,0
820.0,0.08,5.0,66.2,5.300000000000001,81.0,6.2,34,survey,plain,fair,1,0
2220.0,0.73,1.3,82.7,38.0,85.0,9.8,25,survey,vent,good,1,1
2080.0,0.33,1.8,76.5,35.6,94.0,6.0,8,survey,vent,excellent,1,0
750.0,0.04,4.6000000000000005,65.5,1.3,89.0,6.1000000000000005,6,survey,plain,excellent,1,1
4730.0,0.12,2.4000000000000004,73.2,14.2,94.0,3.0,6,survey,trench,excellent,1,0
780.0,0.36,5.4,68.5,25.200000000000003,91.0,3.8,6,survey,plain,excellent,0,0
620.0,0.05,5.800000000000001,63.5,3.3000000000000003,94.0,2.8000000000000003,4,compact,plain,excellent,1,0
2500.0,0.37,1.5,72.7,33.2,91.0,1.9,6,compact,vent,excellent,0,0
2300.0,0.13,2.7,70.10000000000001,15.8,96.0,4.1000000000000005,3,survey,ridge,excellent,1,0
5830.0,0.68,3.0,85.80000000000001,23.4,84.0,5.800000000000001,6,heavy,trench,excellent,1,1
1680.0,0.81,2.4000000000000004,81.60000000000001,,91.0,3.0,15,survey,ridge,fair,1,0
950.0,0.68,6.6000000000000005,72.5,19.3,83.0,20.6,21,heavy,plain,good,1,1
2090.0,0.68,,77.7,36.3,91.0,3.4000000000000004,10,survey,vent,excellent,0,0
3880.0,0.15,1.4,79.4,48.400000000000006,90.0,3.5,3,heavy,trench,excellent,1,0
4190.0,1.28,3.4000000000000004,84.0,58.5,89.0,2.7,22,survey,vent,fair,1,1
1070.0,0.58,3.4000000000000004,74.10000000000001,19.3,86.0,1.6,15,compact,ridge,fair,1,0
1670.0,0.97,1.7000000000000002,78.7,43.6,,8.700000000000001,18,survey,ridge,fair,0,1
2550.0,0.13,3.4000000000000004,73.10000000000001,11.0,87.0,1.2000000000000002,2,compact,vent,excellent,1,0
1580.0,0.53,3.1,73.60000000000001,35.0,86.0,7.2,26,survey,ridge,fair,0,0
1300.0,0.43,3.4000000000000004,68.10000000000001,35.1,93.0,2.5,3,compact,ridge,excellent,0,0
1980.0,0.31,2.3000000000000003,77.5,15.8,92.0,5.800000000000001,2,heavy,ridge,excellent,1,0
4910.0,0.14,2.5,77.2,15.0,90.0,4.5,4,heavy,trench,good,1,0
610.0,0.56,9.9,67.5,,91.0,6.9,19,survey,plain,excellent,1,0
1060.0,0.12,4.4,71.10000000000001,7.2,83.0,,3,heavy,plain,excellent,1,1
1390.0,1.37,3.9,79.60000000000001,41.2,88.0,2.8000000000000003,13,survey,ridge,good,1,1
650.0,0.16,5.7,64.2,2.9000000000000004,92.0,1.4,12,compact,plain,excellent,1,0
710.0,0.34,6.2,66.60000000000001,15.9,77.0,9.9,19,compact,plain,fair,0,1
1640.0,0.29,3.2,72.60000000000001,33.300000000000004,90.0,3.9,15,survey,ridge,good,0,0
520.0,0.23,7.2,59.5,2.2,90.0,3.7,6,compact,plain,good,1,0
2220.0,1.02,2.9000000000000004,81.30000000000001,26.0,82.0,6.2,5,heavy,ridge,fair,1,1
580.0,0.28,6.0,61.2,8.700000000000001,91.0,2.0,5,survey,plain,excellent,1,1
720.0,0.38,5.5,71.3,14.3,89.0,1.9,13,survey,plain,excellent,1,0
1870.0,0.93,3.2,76.2,43.6,83.0,10.3,20,survey,ridge,fair,1,1
4490.0,0.47,-0.4,79.4,37.8,92.0,4.800000000000001,13,survey,trench,excellent,1,1
2250.0,1.11,3.1,84.60000000000001,43.0,88.0,7.2,8,heavy,vent,fair,1,1
1150.0,0.94,5.4,71.9,16.400000000000002,89.0,3.1,12,survey,plain,excellent,1,0
1150.0,0.56,4.5,68.0,11.1,94.0,5.6000000000000005,6,survey,plain,excellent,1,0
3630.0,0.66,4.5,81.80000000000001,17.0,93.0,4.5,12,survey,vent,good,1,1
3540.0,0.46,3.4000000000000004,72.9,7.7,87.0,8.4,25,survey,trench,fair,1,1
460.0,0.41,7.2,67.60000000000001,9.5,95.0,2.9000000000000004,8,compact,plain,excellent,1,0
1410.0,1.01,3.5,73.7,50.7,84.0,7.6,19,compact,ridge,poor,1,1
780.0,0.36,5.7,69.10000000000001,16.900000000000002,91.0,,7,survey,plain,good,0,0
2730.0,0.45,2.6,76.4,34.9,75.0,10.0,27,heavy,trench,poor,0,1
3060.0,0.23,3.2,79.4,20.6,83.0,1.0,10,heavy,vent,fair,1,1
480.0,0.64,9.3,65.9,14.5,87.0,1.2000000000000002,28,survey,plain,fair,1,0
1950.0,0.58,3.0,71.5,31.4,89.0,8.0,7,survey,ridge,excellent,1,0
1280.0,0.63,4.4,70.9,29.8,82.0,5.0,16,compact,ridge,fair,0,0
900.0,0.67,4.7,77.0,34.2,91.0,3.6,3,heavy,plain,excellent,1,0
2190.0,0.61,3.5,74.5,20.6,86.0,6.9,20,survey,ridge,excellent,1,0
860.0,0.22,5.4,60.5,11.0,85.0,2.0,14,compact,plain,fair,1,1
1530.0,0.9,3.2,76.7,50.8,82.0,12.7,12,heavy,ridge,fair,1,1
700.0,0.03,5.800000000000001,75.60000000000001,8.9,85.0,0.5,8,heavy,plain,good,1,1
3820.0,0.46,1.7000000000000002,75.7,29.3,92.0,3.0,12,survey,trench,good,1,1
960.0,0.33,5.9,71.7,10.3,81.0,19.700000000000003,22,heavy,plain,poor,1,1
540.0,0.63,6.0,64.7,10.8,88.0,1.2000000000000002,8,compact,plain,good,1,1
1050.0,0.27,4.800000000000001,67.5,5.800000000000001,91.0,2.9000000000000004,22,survey,plain,fair,1,0
1720.0,0.54,3.6,72.7,16.1,95.0,5.300000000000001,20,survey,ridge,good,0,0
1300.0,0.72,4.7,69.9,9.8,89.0,4.3,3,compact,ridge,excellent,1,0
5540.0,0.36,2.4000000000000004,76.10000000000001,46.900000000000006,92.0,1.8,7,survey,trench,good,1,0
1720.0,1.18,2.3000000000000003,78.60000000000001,28.3,93.0,2.8000000000000003,4,survey,ridge,excellent,1,0
710.0,0.12,6.800000000000001,69.8,12.1,88.0,2.5,6,survey,plain,excellent,0,1
670.0,0.27,8.3,65.10000000000001,29.1,80.0,5.7,17,compact,plain,fair,0,0
770.0,0.35,6.4,65.10000000000001,11.5,93.0,1.9,3,compact,plain,excellent,1,0
2310.0,0.27,3.5,76.3,20.9,93.0,2.2,4,survey,vent,excellent,1,0
4290.0,0.1,3.1,71.7,12.8,95.0,1.9,6,survey,trench,excellent,1,0
3470.0,0.11,3.3000000000000003,71.60000000000001,24.700000000000003,90.0,8.1,23,survey,trench,good,1,0
1860.0,0.59,3.8,71.2,18.4,87.0,4.800000000000001,6,survey,ridge,excellent,1,0
1130.0,1.19,3.8,78.10000000000001,30.200000000000003,86.0,5.1000000000000005,23,survey,ridge,good,1,1
4220.0,0.17,0.3,82.9,11.9,88.0,9.6,11,heavy,trench,fair,1,1
3140.0,0.46,0.3,75.4,23.9,88.0,2.3000000000000003,8,survey,trench,good,1,0
900.0,0.18,7.7,70.10000000000001,6.1000000000000005,85.0,10.2,19,survey,plain,fair,1,1
1530.0,0.45,3.0,76.0,19.8,82.0,15.6,16,heavy,ridge,fair,1,1
1700.0,0.6900000000000001,4.5,80.0,15.6,94.0,6.2,1,survey,vent,excellent,1,0
700.0,0.49,8.9,65.7,9.3,87.0,4.4,16,compact,plain,good,1,0
1560.0,0.77,3.1,75.7,45.0,96.0,3.5,11,survey,ridge,excellent,0,0
1430.0,0.19,2.7,71.10000000000001,13.3,89.0,0.5,19,survey,ridge,good,1,0
2020.0,0.63,1.4,78.30000000000001,16.1,89.0,6.9,6,heavy,ridge,excellent,1,0
640.0,0.15,5.800000000000001,62.5,4.4,89.0,3.9,13,survey,plain,good,1,0
520.0,0.49,5.0,63.7,8.200000000000001,89.0,4.4,6,compact,plain,excellent,1,0
3160.0,0.18,2.5,81.9,44.0,84.0,2.5,3,heavy,vent,excellent,1,0
5670.0,0.34,1.8,75.8,33.1,92.0,3.5,20,survey,trench,good,1,1
1420.0,0.38,3.4000000000000004,72.9,14.5,84.0,7.2,10,heavy,ridge,excellent,1,0
2450.0,0.86,0.9,82.0,,88.0,1.8,19,survey,vent,good,1,1
650.0,0.22,7.2,61.8,8.8,86.0,2.3000000000000003,12,compact,plain,fair,1,0
3880.0,0.16,1.8,75.8,40.0,87.0,3.4000000000000004,23,survey,trench,good,1,0
830.0,0.19,7.2,64.10000000000001,10.1,94.0,3.2,16,survey,plain,excellent,1,0
3540.0,0.24,3.1,74.2,56.2,82.0,6.0,29,survey,trench,fair,0,1
1540.0,0.72,3.4000000000000004,74.4,44.1,84.0,8.0,37,survey,ridge,poor,0,0
620.0,0.32,8.1,67.8,8.4,87.0,3.1,15,survey,plain,good,1,0
1800.0,0.5,5.0,73.3,25.3,89.0,4.0,18,survey,ridge,good,0,0
2260.0,1.41,4.0,88.80000000000001,100.5,88.0,3.4000000000000004,5,heavy,vent,excellent,1,1
950.0,0.55,4.4,62.6,27.0,91.0,0.8,4,compact,plain,good,0,0
550.0,0.52,9.2,,5.0,89.0,3.0,10,compact,plain,excellent,1,0
2260.0,0.5,1.5,70.10000000000001,19.9,95.0,4.5,13,survey,ridge,good,1,0
2930.0,0.28,2.8000000000000003,71.4,32.7,77.0,16.0,41,survey,trench,poor,0,0
530.0,0.36,5.300000000000001,68.4,7.5,83.0,3.8,14,compact,plain,good,1,1
440.0,0.49,7.6,65.9,6.300000000000001,88.0,7.1000000000000005,10,compact,plain,good,1,0
3240.0,0.13,2.1,80.60000000000001,13.0,80.0,6.0,7,heavy,vent,good,1,1
4950.0,0.13,1.2000000000000002,75.10000000000001,18.5,83.0,5.6000000000000005,16,heavy,trench,excellent,1,1
750.0,0.45,6.800000000000001,67.10000000000001,25.5,,4.0,18,survey,plain,good,0,0
1470.0,0.39,2.7,75.0,10.5,96.0,2.0,4,survey,ridge,good,1,0
490.0,0.34,10.7,69.4,32.300000000000004,91.0,5.5,19,survey,plain,good,0,0
1320.0,0.78,3.7,67.2,29.3,80.0,4.2,24,compact,ridge,good,1,0
400.0,0.64,7.9,70.4,18.6,88.0,2.4000000000000004,15,survey,plain,good,0,0
750.0,0.43,5.7,61.8,7.4,83.0,1.0,16,compact,plain,fair,1,0
2430.0,0.04,1.8,70.5,6.9,92.0,1.9,10,survey,ridge,excellent,1,0
2630.0,0.39,3.0,72.8,11.8,85.0,6.0,11,survey,trench,good,0,0
3070.0,0.42,1.9,76.4,32.2,92.0,2.0,7,survey,vent,excellent,1,0
1660.0,0.52,3.4000000000000004,72.5,34.9,,4.3,33,survey,ridge,poor,0,0
2610.0,0.23,2.9000000000000004,77.4,11.2,88.0,3.7,8,survey,vent,good,1,0
660.0,0.53,7.7,69.10000000000001,14.2,92.0,,6,survey,plain,good,1,0
2460.0,0.64,4.2,83.5,49.6,88.0,6.5,6,heavy,vent,good,1,0
1470.0,0.67,3.7,76.10000000000001,21.8,87.0,4.0,14,compact,ridge,good,1,0
590.0,0.26,7.5,62.1,13.7,87.0,4.9,23,survey,plain,good,1,0
1850.0,0.74,2.2,72.10000000000001,27.9,88.0,4.2,7,compact,ridge,good,1,0
1160.0,0.22,5.800000000000001,67.10000000000001,12.1,78.0,3.8,21,heavy,plain,fair,0,0
2250.0,1.51,1.6,85.0,,90.0,5.800000000000001,13,survey,ridge,excellent,1,0
3150.0,0.53,3.3000000000000003,73.9,40.400000000000006,92.0,3.1,4,compact,vent,excellent,0,1
880.0,0.17,5.300000000000001,66.3,24.0,85.0,11.5,22,survey,plain,poor,0,0
5630.0,0.31,-0.9,76.3,39.6,88.0,,20,survey,trench,good,1,1
1110.0,0.28,2.7,68.7,8.4,97.0,1.6,6,survey,plain,excellent,1,0
580.0,0.31,6.9,64.4,12.6,86.0,3.0,9,compact,plain,excellent,1,0
1850.0,0.64,2.7,76.60000000000001,33.800000000000004,83.0,2.4000000000000004,9,heavy,ridge,fair,1,0
480.0,0.8300000000000001,8.1,68.2,16.400000000000002,90.0,0.8,19,survey,plain,poor,1,0
4890.0,0.6900000000000001,2.2,84.0,27.9,81.0,9.0,14,heavy,vent,fair,1,1
610.0,0.14,4.9,68.8,3.4000000000000004,90.0,2.8000000000000003,14,survey,plain,good,1,1
590.0,0.36,5.6000000000000005,66.4,6.5,86.0,5.7,3,survey,plain,fair,1,0
720.0,0.18,5.7,63.7,1.7000000000000002,91.0,2.7,17,survey,plain,good,1,0
680.0,0.19,6.1000000000000005,60.1,13.4,83.0,3.9,13,compact,plain,good,0,0
860.0,0.32,5.300000000000001,63.1,13.1,87.0,3.3000000000000003,11,compact,plain,excellent,1,0
610.0,0.07,,66.3,3.1,94.0,2.4000000000000004,0,survey,plain,excellent,1,0
500.0,0.46,7.800000000000001,65.0,,90.0,1.9,11,compact,plain,excellent,1,0
530.0,0.48,,65.5,10.7,88.0,2.4000000000000004,10,compact,plain,good,1,0
760.0,0.56,7.2,62.7,10.2,92.0,4.4,10,compact,plain,excellent,1,0
4180.0,0.32,1.7000000000000002,83.5,36.8,88.0,2.5,5,heavy,vent,excellent,1,0
4280.0,0.03,-1.0,69.5,9.3,93.0,2.2,2,survey,trench,excellent,1,0
1820.0,0.34,4.2,71.4,18.6,89.0,3.5,7,compact,ridge,good,1,0
1150.0,1.46,2.9000000000000004,73.9,75.2,84.0,5.800000000000001,14,compact,ridge,good,1,1
4380.0,0.18,0.7000000000000001,76.2,16.2,79.0,7.9,11,heavy,trench,fair,1,1
1980.0,0.96,3.0,82.9,36.3,90.0,1.9,3,heavy,ridge,excellent,1,1
2710.0,0.21,1.7000000000000002,67.10000000000001,8.8,83.0,4.800000000000001,13,compact,trench,fair,1,0
5310.0,0.09,2.1,70.5,46.400000000000006,82.0,20.0,46,survey,trench,poor,0,1
5650.0,0.58,2.8000000000000003,84.7,17.5,86.0,7.800000000000001,1,heavy,trench,excellent,1,1
2030.0,0.29,1.3,69.0,8.3,90.0,4.9,15,survey,ridge,excellent,1,0
1000.0,0.8,4.800000000000001,74.7,27.3,91.0,5.6000000000000005,8,survey,ridge,excellent,1,0
1810.0,0.5700000000000001,3.5,73.8,21.6,92.0,4.6000000000000005,11,survey,ridge,good,1,0
1060.0,0.41,3.6,64.4,5.5,89.0,5.1000000000000005,13,survey,plain,good,1,0
1000.0,0.27,5.5,65.9,3.0,84.0,6.300000000000001,15,survey,plain,excellent,1,0
1300.0,0.31,3.1,72.7,8.1,86.0,2.3000000000000003,23,survey,ridge,good,1,0
960.0,0.2,4.7,59.6,7.2,88.0,1.7000000000000002,13,compact,plain,excellent,1,0
720.0,0.48,7.7,64.9,20.5,91.0,1.8,1,compact,plain,excellent,1,0
890.0,0.25,5.6000000000000005,66.10000000000001,8.1,85.0,0.8,28,survey,plain,fair,1,0
3030.0,0.96,2.4000000000000004,84.2,34.9,84.0,8.3,5,heavy,ridge,good,1,1
2840.0,1.3,1.9,89.30000000000001,95.8,89.0,1.7000000000000002,14,survey,vent,excellent,0,1
4360.0,0.13,1.8,74.60000000000001,,91.0,1.0,9,survey,trench,excellent,0,0
5080.0,0.1,4.9,78.30000000000001,30.0,87.0,5.6000000000000005,3,heavy,trench,good,1,0
3620.0,0.19,2.8000000000000003,73.4,38.400000000000006,91.0,3.7,14,survey,trench,good,1,0
540.0,0.09,6.4,65.10000000000001,4.0,92.0,4.3,18,survey,plain,good,1,1
3220.0,0.32,2.7,73.0,13.7,90.0,9.9,23,survey,trench,good,1,0
550.0,0.2,7.7,65.9,2.8000000000000003,88.0,5.2,13,compact,plain,good,1,0
2250.0,0.08,1.9,73.10000000000001,9.4,82.0,,8,heavy,ridge,excellent,1,1
570.0,0.03,8.5,58.2,2.3000000000000003,89.0,5.9,5,compact,plain,good,1,1
610.0,0.29,5.6000000000000005,71.2,20.700000000000003,84.0,12.2,12,heavy,plain,fair,1,1
460.0,0.4,6.0,60.8,4.9,92.0,1.6,6,compact,plain,excellent,1,0
730.0,0.8300000000000001,5.5,71.7,10.6,95.0,2.8000000000000003,2,survey,plain,excellent,1,0
670.0,0.8,6.300000000000001,64.3,12.1,88.0,5.9,14,compact,plain,good,1,0
5570.0,0.66,2.7,85.10000000000001,31.700000000000003,88.0,3.7,25,survey,trench,good,1,1
2220.0,1.1,4.9,79.0,42.6,90.0,7.300000000000001,4,compact,vent,,1,1
2990.0,0.27,1.5,70.7,52.7,82.0,2.9000000000000004,11,compact,trench,good,0,1
1640.0,0.59,4.4,81.0,21.200000000000003,89.0,,17,survey,vent,good,1,1
1500.0,0.58,4.1000000000000005,69.60000000000001,23.700000000000003,79.0,8.9,40,survey,plain,poor,0,0
400.0,0.2,9.7,59.8,1.6,85.0,2.3000000000000003,8,compact,plain,excellent,1,0
650.0,0.29,3.8,68.0,23.8,85.0,10.4,15,compact,plain,,0,1
1970.0,1.08,3.3000000000000003,73.5,66.60000000000001,93.0,1.4,1,compact,ridge,excellent,0,1
1640.0,0.68,2.6,74.9,19.8,87.0,5.7,20,survey,ridge,fair,1,0
640.0,0.5700000000000001,6.300000000000001,69.10000000000001,28.6,85.0,9.9,35,survey,plain,poor,0,0
540.0,0.58,8.3,65.8,11.1,80.0,3.5,25,compact,plain,poor,1,0
510.0,0.23,5.9,69.0,23.0,,1.0,15,survey,plain,good,0,1
4950.0,0.12,-0.6000000000000001,74.4,14.9,90.0,6.7,3,heavy,trench,excellent,1,0
920.0,0.46,4.1000000000000005,68.5,17.5,90.0,4.4,13,survey,plain,good,1,0
890.0,0.3,4.7,69.0,14.4,94.0,3.6,17,survey,plain,good,1,1
2440.0,0.45,2.0,72.7,18.5,89.0,5.0,20,survey,ridge,good,0,0
1500.0,0.75,3.8,71.3,47.8,89.0,3.1,9,compact,ridge,fair,1,0
570.0,0.48,5.9,58.6,13.5,90.0,4.800000000000001,3,compact,plain,excellent,1,0
650.0,0.42,8.9,64.60000000000001,13.9,93.0,3.0,10,survey,plain,good,1,1
2390.0,0.63,3.3000000000000003,83.4,14.2,91.0,,14,survey,vent,,1,0
6190.0,1.02,2.8000000000000003,86.0,32.300000000000004,84.0,5.300000000000001,32,survey,trench,poor,0,1
1550.0,0.44,2.5,75.7,13.5,86.0,3.3000000000000003,8,heavy,ridge,excellent,1,0
890.0,0.29,4.4,67.60000000000001,12.8,88.0,2.7,18,survey,plain,good,0,0
480.0,0.18,6.6000000000000005,65.2,3.1,90.0,1.8,10,survey,plain,excellent,1,0
510.0,0.3,,63.5,13.1,,1.8,18,compact,plain,fair,0,0
550.0,0.08,7.4,57.2,4.6000000000000005,92.0,2.5,6,compact,plain,good,1,0
1080.0,0.03,4.2,68.60000000000001,7.800000000000001,84.0,5.7,7,heavy,plain,good,1,0
750.0,0.03,4.0,59.2,4.7,91.0,1.8,10,compact,plain,fair,1,0
1160.0,0.9,5.2,73.5,23.0,89.0,1.5,8,compact,ridge,excellent,1,0
760.0,0.08,8.9,62.7,2.6,89.0,0.4,11,compact,plain,good,1,0
2310.0,0.46,3.3000000000000003,79.0,44.7,82.0,22.3,12,heavy,vent,excellent,0,1
1860.0,0.77,3.4000000000000004,77.9,45.2,86.0,6.2,12,heavy,ridge,fair,1,0
1160.0,0.6900000000000001,5.300000000000001,76.3,28.200000000000003,83.0,8.700000000000001,7,heavy,plain,excellent,1,0
3270.0,0.68,1.7000000000000002,87.80000000000001,46.400000000000006,89.0,5.1000000000000005,9,heavy,vent,good,1,1
3760.0,0.23,-0.5,72.3,19.8,84.0,5.7,22,survey,trench,fair,0,0
1100.0,0.61,5.0,67.5,11.5,,4.3,8,survey,plain,excellent,1,0
670.0,0.1,7.5,60.5,2.0,83.0,2.5,13,compact,plain,good,1,0
810.0,0.49,5.4,65.9,16.900000000000002,88.0,2.6,8,compact,plain,good,1,1
1350.0,0.35,4.1000000000000005,67.0,26.200000000000003,88.0,2.1,18,survey,ridge,good,0,0
990.0,0.36,6.1000000000000005,73.2,11.0,87.0,15.1,8,heavy,plain,good,1,1
1830.0,0.37,3.3000000000000003,73.2,10.2,99.0,3.4000000000000004,10,survey,ridge,excellent,1,0
840.0,0.28,5.7,68.7,16.2,85.0,3.1,26,survey,plain,excellent,0,0
2440.0,0.21,4.6000000000000005,81.2,53.6,88.0,4.3,5,heavy,vent,good,1,0
2590.0,0.39,1.7000000000000002,80.10000000000001,24.6,76.0,18.2,20,heavy,trench,fair,1,1
1530.0,0.52,3.3000000000000003,69.8,6.9,87.0,3.2,7,compact,ridge,excellent,1,0
660.0,0.38,8.700000000000001,69.10000000000001,8.9,88.0,4.6000000000000005,10,heavy,plain,good,1,1
4260.0,0.42,0.9,75.8,24.5,90.0,3.9,22,survey,trench,fair,1,1
370.0,0.41,7.5,64.5,36.5,89.0,4.4,8,compact,plain,good,0,0
1870.0,0.44,2.4000000000000004,67.3,17.5,88.0,4.0,9,compact,ridge,good,0,0
4420.0,0.21,3.4000000000000004,77.60000000000001,51.3,87.0,9.1,4,heavy,trench,excellent,1,0
4620.0,0.44,-0.4,76.0,24.8,84.0,9.6,11,heavy,trench,good,1,1
4440.0,0.24,,78.5,34.4,86.0,2.4000000000000004,2,heavy,trench,good,0,1
3440.0,0.25,1.5,73.2,18.2,87.0,5.7,14,survey,trench,good,1,1
530.0,0.28,5.2,62.8,10.2,87.0,1.6,6,compact,plain,excellent,1,0
500.0,0.37,8.4,62.3,13.7,92.0,2.0,9,compact,plain,excellent,1,0
590.0,0.24,8.8,64.5,3.4000000000000004,86.0,2.9000000000000004,18,compact,plain,good,1,0
1890.0,0.56,2.2,78.10000000000001,18.1,94.0,5.300000000000001,9,survey,ridge,excellent,1,0
1740.0,0.43,3.7,77.2,17.900000000000002,91.0,2.8000000000000003,13,survey,ridge,excellent,1,0
1880.0,1.09,4.3,84.4,26.0,94.0,3.1,11,survey,vent,excellent,1,0
680.0,0.34,7.5,63.0,5.9,89.0,4.800000000000001,14,compact,plain,good,1,0
1430.0,0.35,2.5,74.3,15.8,92.0,7.4,9,survey,ridge,excellent,0,0
990.0,0.11,6.4,68.10000000000001,7.9,83.0,4.7,21,survey,plain,fair,1,0
1100.0,0.11,5.7,62.8,11.8,90.0,6.6000000000000005,18,survey,plain,good,1,1
870.0,0.42,5.9,65.4,7.9,96.0,3.9,6,survey,plain,excellent,1,0
3470.0,0.22,1.0,75.2,25.5,89.0,2.1,11,survey,trench,excellent,0,0
610.0,0.29,6.4,62.7,6.5,88.0,8.0,17,compact,plain,fair,0,0
1080.0,0.52,4.5,68.60000000000001,14.2,90.0,3.0,11,survey,plain,good,1,0
1600.0,0.12,3.1,67.7,14.9,91.0,3.0,12,survey,ridge,excellent,1,0
620.0,0.76,6.4,68.3,26.3,86.0,1.7000000000000002,15,compact,plain,fair,1,0
3590.0,0.03,3.2,84.2,31.700000000000003,85.0,4.800000000000001,9,heavy,vent,fair,1,1
2230.0,0.35,3.1,78.9,34.7,87.0,4.6000000000000005,2,heavy,vent,excellent,1,0
1600.0,0.48,3.2,76.0,30.3,83.0,5.300000000000001,7,heavy,ridge,good,1,0
620.0,0.32,4.800000000000001,61.7,28.1,90.0,4.1000000000000005,9,compact,plain,excellent,0,0
4730.0,0.25,1.6,79.2,32.800000000000004,81.0,2.2,7,heavy,trench,good,1,1
610.0,0.09,7.2,67.10000000000001,6.7,91.0,4.5,15,survey,plain,good,1,0
2370.0,0.78,2.6,75.9,,91.0,5.6000000000000005,13,survey,ridge,good,1,0
5270.0,0.15,1.0,76.5,24.6,90.0,6.2,15,survey,trench,good,1,1
1170.0,0.52,5.4,68.7,21.8,90.0,1.9,8,compact,ridge,good,0,0
3440.0,0.13,-0.0,76.60000000000001,78.5,88.0,9.0,24,survey,trench,good,0,1
1260.0,0.36,4.800000000000001,73.60000000000001,20.6,81.0,3.9,21,compact,ridge,fair,1,0
480.0,0.25,5.7,66.7,12.1,85.0,2.3000000000000003,13,compact,plain,,0,0
1340.0,1.38,4.2,79.0,43.6,85.0,3.7,31,survey,ridge,fair,0,1
1380.0,1.05,3.1,75.60000000000001,24.5,91.0,5.7,10,survey,ridge,excellent,1,0
590.0,0.35,7.9,64.4,6.1000000000000005,93.0,0.9,7,compact,plain,good,1,0
570.0,0.18,7.800000000000001,64.8,5.2,91.0,1.2000000000000002,8,compact,plain,excellent,1,0
480.0,0.46,8.8,64.10000000000001,9.8,85.0,6.1000000000000005,17,compact,plain,fair,1,0
840.0,0.17,7.4,59.8,2.9000000000000004,89.0,5.6000000000000005,6,compact,plain,good,1,0
2800.0,0.72,2.6,79.30000000000001,13.1,91.0,5.1000000000000005,17,survey,vent,,1,1
3900.0,0.22,2.6,76.2,40.6,93.0,,10,survey,trench,excellent,1,0
2020.0,0.13,2.9000000000000004,60.900000000000006,10.8,90.0,,5,compact,ridge,good,0,0
600.0,0.18,9.6,62.1,10.5,83.0,4.2,18,survey,plain,excellent,1,0
1620.0,0.47,5.5,68.0,7.7,93.0,2.4000000000000004,7,compact,ridge,excellent,1,0
2160.0,0.8,3.5,74.0,23.6,93.0,3.9,13,survey,ridge,good,1,0
470.0,0.45,7.6,64.8,10.7,83.0,1.7000000000000002,15,compact,plain,good,0,0
1780.0,0.81,3.5,77.30000000000001,18.0,95.0,3.9,5,survey,ridge,excellent,1,0
1200.0,0.3,5.1000000000000005,64.0,9.8,99.0,6.800000000000001,5,survey,plain,,1,0
540.0,0.08,7.5,60.6,5.2,85.0,1.9,11,compact,plain,good,1,0
1140.0,0.54,4.9,,15.1,89.0,3.4000000000000004,12,compact,ridge,good,1,0
800.0,0.38,5.300000000000001,65.4,5.1000000000000005,93.0,1.7000000000000002,7,survey,plain,good,1,0
1270.0,0.39,4.3,72.60000000000001,28.4,85.0,3.6,7,heavy,plain,good,1,0
2880.0,0.46,4.1000000000000005,79.5,23.9,88.0,8.0,17,survey,vent,good,1,0
720.0,0.26,7.9,65.3,14.0,88.0,4.1000000000000005,28,survey,plain,fair,1,0
1930.0,0.96,2.4000000000000004,86.80000000000001,26.1,86.0,8.700000000000001,12,heavy,ridge,good,1,1
620.0,0.35,8.200000000000001,69.60000000000001,7.4,86.0,1.0,8,survey,plain,good,1,0
1560.0,0.68,2.1,75.3,24.0,93.0,1.7000000000000002,4,survey,ridge,excellent,1,0
1240.0,0.18,4.800000000000001,68.5,6.800000000000001,86.0,8.8,11,compact,ridge,good,1,0
680.0,0.28,4.800000000000001,67.60000000000001,4.800000000000001,85.0,6.300000000000001,13,heavy,plain,good,1,0
4010.0,0.18,0.6000000000000001,73.4,23.200000000000003,92.0,1.5,9,survey,trench,excellent,0,0
830.0,0.46,5.9,68.8,8.9,94.0,3.0,4,survey,plain,excellent,1,0
1670.0,0.71,5.1000000000000005,79.5,23.8,88.0,3.4000000000000004,1,heavy,ridge,excellent,1,0
3380.0,0.28,3.6,72.7,43.400000000000006,90.0,10.9,17,survey,trench,good,1,0
690.0,0.03,7.5,64.2,5.0,88.0,2.5,14,survey,plain,good,1,1
5650.0,0.45,1.1,72.3,15.1,92.0,5.0,19,survey,trench,good,1,1
460.0,0.5,4.9,69.4,11.0,93.0,4.2,8,survey,plain,excellent,1,0
470.0,0.27,9.6,61.1,9.4,84.0,8.1,20,compact,plain,fair,1,0
4560.0,0.2,2.9000000000000004,81.2,29.5,83.0,4.5,5,heavy,trench,excellent,1,0
2510.0,0.4,4.0,78.7,24.9,87.0,6.7,20,survey,vent,fair,1,0
640.0,0.53,5.9,59.900000000000006,8.9,92.0,2.9000000000000004,4,compact,plain,excellent,1,1
1230.0,0.75,2.0,76.60000000000001,13.3,82.0,11.6,40,survey,ridge,poor,1,0
1000.0,0.19,,64.0,13.4,83.0,2.6,22,survey,plain,fair,0,0
5140.0,0.38,0.3,77.5,21.200000000000003,90.0,4.800000000000001,13,survey,trench,good,1,1
3510.0,0.26,2.5,76.5,17.400000000000002,88.0,3.9,17,survey,trench,fair,1,0
2550.0,0.54,3.3000000000000003,80.2,24.3,82.0,4.5,31,survey,vent,poor,0,1
3760.0,0.5,0.5,77.10000000000001,25.8,81.0,3.8,28,survey,trench,poor,0,1
1510.0,0.64,4.6000000000000005,75.0,15.2,93.0,,18,survey,ridge,good,1,0
510.0,0.55,7.300000000000001,62.0,13.7,88.0,4.1000000000000005,3,compact,plain,excellent,1,0
2360.0,0.52,2.2,80.7,31.9,80.0,6.4,35,survey,ridge,fair,1,0
930.0,0.2,4.800000000000001,63.5,3.5,82.0,2.7,7,compact,plain,good,0,0
3730.0,0.2,1.3,76.0,22.1,,4.6000000000000005,11,survey,trench,good,0,0
5210.0,0.33,-0.6000000000000001,75.0,16.6,89.0,7.6,8,survey,trench,excellent,1,1
3630.0,0.31,4.0,79.4,77.80000000000001,86.0,6.1000000000000005,28,survey,vent,poor,0,1
1140.0,0.29,,69.9,12.9,82.0,3.3000000000000003,6,heavy,ridge,good,1,0
3150.0,0.36,2.8000000000000003,76.0,13.1,93.0,4.5,8,survey,vent,excellent,1,0
1020.0,0.7000000000000001,7.5,74.5,14.5,92.0,10.0,6,survey,ridge,excellent,1,1
2440.0,0.56,2.7,76.2,23.9,78.0,10.0,50,survey,vent,poor,1,0
670.0,0.78,6.4,69.5,39.2,88.0,3.7,11,survey,plain,good,0,0
1860.0,0.6,4.2,77.4,11.0,90.0,2.4000000000000004,9,heavy,ridge,good,1,0
5450.0,0.59,2.2,83.4,38.7,94.0,2.4000000000000004,1,heavy,vent,excellent,1,1
2340.0,0.64,2.3000000000000003,80.7,7.1000000000000005,89.0,4.1000000000000005,6,heavy,ridge,good,1,0
2690.0,0.36,2.6,74.7,46.3,87.0,8.6,19,survey,trench,fair,0,1
620.0,0.25,4.9,67.2,6.800000000000001,86.0,4.6000000000000005,29,survey,plain,poor,1,0
2080.0,1.03,2.0,84.4,40.0,,6.5,10,heavy,ridge,good,1,1
690.0,0.13,,67.60000000000001,4.4,90.0,7.2,12,survey,plain,excellent,1,1
420.0,0.6900000000000001,9.5,67.2,39.7,91.0,1.4,14,survey,plain,good,0,1
1190.0,0.46,3.6,70.8,15.5,92.0,7.1000000000000005,10,compact,ridge,excellent,1,0
840.0,0.16,6.800000000000001,63.1,6.1000000000000005,87.0,2.4000000000000004,8,compact,plain,good,1,0
4820.0,0.31,-1.5,79.0,29.1,95.0,2.1,0,survey,trench,excellent,1,0
1460.0,0.53,3.6,72.4,36.7,92.0,2.3000000000000003,2,survey,ridge,excellent,1,0
2030.0,0.91,3.0,85.80000000000001,19.3,88.0,4.3,2,heavy,vent,excellent,1,1
680.0,0.21,6.2,62.900000000000006,5.7,88.0,1.9,18,compact,plain,fair,1,0
610.0,0.63,7.4,63.0,17.3,88.0,4.1000000000000005,8,compact,plain,excellent,0,0
5980.0,0.08,0.9,74.60000000000001,73.0,85.0,6.9,14,heavy,trench,fair,0,1
870.0,0.73,6.6000000000000005,72.5,40.900000000000006,93.0,3.6,11,compact,plain,excellent,1,0
1860.0,0.42,3.1,73.10000000000001,20.0,88.0,6.300000000000001,7,heavy,ridge,fair,1,1
1560.0,0.6,4.7,73.3,43.2,83.0,16.6,24,survey,ridge,good,0,1
2020.0,0.32,2.9000000000000004,80.2,9.8,88.0,3.0,23,survey,vent,fair,1,1
3620.0,0.02,0.3,72.7,28.700000000000003,90.0,6.7,21,survey,trench,good,1,0
1660.0,1.19,0.8,75.4,52.2,90.0,7.6,14,survey,ridge,good,0,1
3000.0,0.34,3.0,70.7,11.5,88.0,5.300000000000001,24,survey,trench,fair,1,0
5500.0,0.15,1.1,74.9,26.700000000000003,89.0,5.5,16,survey,trench,good,1,1
1140.0,0.18,2.6,61.400000000000006,5.5,90.0,5.6000000000000005,7,compact,ridge,excellent,1,0
4150.0,0.46,1.9,73.8,,89.0,4.7,18,survey,trench,fair,1,1
2050.0,0.6,5.300000000000001,80.9,64.5,89.0,4.2,32,survey,vent,poor,0,0
3570.0,0.18,2.2,75.8,11.3,80.0,6.800000000000001,20,heavy,trench,poor,1,0
620.0,0.13,6.1000000000000005,65.3,5.6000000000000005,96.0,5.0,16,survey,plain,good,1,0
2300.0,0.89,4.7,77.4,23.0,81.0,5.0,18,compact,vent,fair,0,1
1200.0,0.1,4.3,68.0,11.9,97.0,4.3,4,survey,ridge,good,1,1
3060.0,0.03,4.3,75.5,35.0,91.0,6.9,6,survey,vent,excellent,1,0
940.0,0.19,6.2,67.3,5.800000000000001,,7.9,19,survey,plain,fair,1,1
1320.0,0.47,3.8,68.8,42.6,87.0,,14,compact,ridge,good,1,0
1170.0,0.2,3.4000000000000004,72.8,9.6,89.0,4.1000000000000005,17,survey,ridge,good,1,0
4670.0,0.26,0.9,76.9,30.0,93.0,3.6,8,survey,trench,excellent,1,0
890.0,0.43,5.4,64.7,11.7,85.0,5.2,7,compact,plain,good,1,0
5970.0,0.12,1.6,78.60000000000001,34.0,85.0,5.300000000000001,4,heavy,trench,excellent,1,1
1880.0,0.47,1.7000000000000002,72.5,26.3,90.0,4.6000000000000005,15,survey,ridge,excellent,1,0
2200.0,1.66,3.0,84.9,70.60000000000001,83.0,6.5,22,survey,ridge,fair,0,1
1860.0,1.27,1.9,80.0,,86.0,10.0,25,survey,ridge,good,1,1
1600.0,0.43,3.6,70.9,21.5,92.0,1.5,13,survey,ridge,good,0,0
440.0,0.61,6.6000000000000005,63.5,12.5,84.0,1.3,17,compact,plain,good,0,0
490.0,0.25,6.6000000000000005,63.7,22.1,91.0,1.4,6,compact,plain,good,0,1
450.0,0.48,8.200000000000001,64.7,5.9,86.0,2.3000000000000003,5,compact,plain,excellent,1,0
1980.0,0.2,1.4,72.10000000000001,44.5,81.0,,10,heavy,ridge,poor,0,0
1840.0,1.05,3.2,72.7,,89.0,1.5,11,survey,ridge,good,1,0
1620.0,0.68,3.7,73.8,7.1000000000000005,86.0,4.0,17,compact,ridge,good,1,0
3460.0,0.21,3.3000000000000003,73.5,20.0,86.0,5.6000000000000005,23,survey,vent,good,1,0
1570.0,0.32,5.0,78.2,13.1,83.0,5.1000000000000005,15,heavy,ridge,poor,1,0
3130.0,0.39,2.9000000000000004,77.9,39.2,82.0,,19,heavy,vent,poor,1,1
500.0,0.2,8.1,64.2,15.0,91.0,7.0,10,compact,plain,good,0,1
1860.0,1.05,1.2000000000000002,79.30000000000001,48.0,87.0,2.3000000000000003,19,survey,ridge,good,0,1
490.0,0.65,8.0,69.3,22.6,89.0,,10,compact,plain,fair,0,1
1900.0,0.27,4.2,84.2,14.6,88.0,2.1,3,heavy,vent,excellent,1,1
610.0,0.6900000000000001,7.5,64.60000000000001,9.6,89.0,4.1000000000000005,12,compact,plain,excellent,1,0
1020.0,0.6900000000000001,4.2,71.10000000000001,20.4,88.0,3.9,8,compact,ridge,,1,0
1860.0,0.12,2.7,76.4,12.0,85.0,6.300000000000001,7,heavy,ridge,good,1,1
1870.0,0.27,2.5,73.4,7.0,99.0,1.9,10,survey,ridge,excellent,1,0
790.0,0.4,5.5,67.9,4.0,82.0,4.5,20,survey,plain,good,1,0
4220.0,0.36,0.0,78.60000000000001,29.200000000000003,86.0,5.6000000000000005,9,heavy,trench,fair,0,0
2580.0,0.34,0.8,74.60000000000001,22.700000000000003,80.0,10.6,23,heavy,ridge,poor,1,0
530.0,0.51,8.200000000000001,69.4,3.4000000000000004,94.0,4.0,13,survey,plain,good,1,0
4060.0,0.11,1.9,73.7,23.4,,1.9,9,survey,trench,excellent,0,0
1790.0,0.4,2.6,75.4,16.1,86.0,3.6,3,heavy,ridge,excellent,1,0
1160.0,0.5,3.8,70.60000000000001,13.8,90.0,3.3000000000000003,6,compact,ridge,excellent,1,0
2850.0,0.49,4.3,82.0,38.2,88.0,6.7,12,survey,vent,good,1,0
3760.0,0.3,-1.0,74.7,10.9,96.0,1.3,1,survey,trench,,1,1
510.0,0.39,4.3,61.6,,90.0,2.2,10,compact,plain,good,1,0
4200.0,0.36,2.1,68.9,12.7,87.0,5.800000000000001,19,survey,trench,fair,1,0
2340.0,0.4,4.0,74.10000000000001,32.0,80.0,13.6,35,survey,vent,fair,1,0
2680.0,1.17,3.7,83.30000000000001,56.2,86.0,12.5,16,survey,vent,good,1,1
760.0,0.56,5.800000000000001,73.5,27.5,85.0,7.9,4,heavy,plain,good,0,0
420.0,,6.0,60.6,4.5,85.0,8.9,21,compact,plain,good,1,0
950.0,0.08,6.7,64.60000000000001,14.2,97.0,3.8,14,survey,plain,excellent,1,1
1660.0,0.52,2.9000000000000004,69.60000000000001,23.3,81.0,3.7,17,compact,ridge,fair,1,1
1390.0,0.48,4.7,68.2,15.6,84.0,7.2,19,survey,ridge,fair,1,0
780.0,0.39,6.1000000000000005,73.10000000000001,11.2,87.0,4.0,4,heavy,plain,excellent,1,1
720.0,0.17,3.8,64.10000000000001,5.5,86.0,6.7,24,survey,plain,good,1,0
530.0,0.18,6.1000000000000005,63.0,7.6,90.0,4.0,10,compact,plain,fair,1,0
3270.0,0.12,3.0,74.4,20.1,87.0,5.5,24,survey,trench,good,0,0
1190.0,0.48,4.3,77.80000000000001,20.700000000000003,96.0,2.9000000000000004,4,survey,ridge,excellent,1,0
3450.0,0.41,0.9,74.0,24.3,82.0,2.5,18,compact,trench,fair,1,1
1290.0,0.71,2.8000000000000003,76.9,28.0,86.0,2.6,14,survey,ridge,excellent,1,0
1980.0,0.76,1.7000000000000002,80.80000000000001,20.700000000000003,88.0,6.300000000000001,10,heavy,ridge,good,1,1
830.0,0.19,4.5,66.8,5.9,89.0,8.8,12,survey,plain,good,1,0
2950.0,0.18,3.2,78.80000000000001,37.4,81.0,,10,heavy,trench,good,1,0
810.0,0.03,5.2,64.2,13.8,86.0,9.1,21,compact,plain,fair,0,0
1200.0,1.0,4.5,68.7,21.0,88.0,1.6,2,compact,ridge,excellent,1,0
820.0,0.19,4.9,68.3,12.2,92.0,1.1,7,survey,plain,excellent,1,0
3410.0,0.34,2.2,76.10000000000001,13.3,85.0,3.6,1,heavy,trench,excellent,1,0
1720.0,0.24,3.6,72.4,16.1,87.0,0.9,21,survey,ridge,fair,1,0
1760.0,0.42,4.800000000000001,69.4,4.800000000000001,88.0,2.2,9,compact,ridge,good,1,0
1810.0,0.61,3.2,74.4,36.4,94.0,6.0,14,survey,ridge,good,1,0
1280.0,0.23,3.9,70.2,9.1,91.0,1.6,6,survey,ridge,good,1,0
730.0,0.44,7.4,61.2,18.4,84.0,6.7,18,compact,plain,good,0,0
580.0,0.44,7.1000000000000005,66.10000000000001,5.4,91.0,6.0,19,survey,plain,fair,1,1
2820.0,0.5,2.1,83.9,21.1,87.0,7.4,4,heavy,vent,excellent,1,1
570.0,0.18,7.300000000000001,59.900000000000006,5.9,80.0,10.2,26,compact,plain,poor,1,0
780.0,0.3,6.7,71.8,10.6,84.0,2.8000000000000003,14,survey,plain,fair,1,0
2790.0,0.87,2.8000000000000003,79.0,24.700000000000003,88.0,3.5,25,survey,vent,poor,1,1
5140.0,0.25,1.8,74.5,38.3,92.0,4.3,20,survey,trench,fair,0,1
3050.0,0.66,2.7,81.7,31.5,85.0,2.3000000000000003,9,heavy,vent,fair,1,1
1960.0,1.28,2.3000000000000003,85.10000000000001,24.8,82.0,10.3,15,heavy,ridge,good,1,1
960.0,0.23,5.2,,6.300000000000001,83.0,7.0,12,heavy,plain,good,1,1
930.0,0.06,6.6000000000000005,70.60000000000001,7.1000000000000005,90.0,1.1,12,survey,plain,excellent,1,1
850.0,0.49,4.800000000000001,67.4,6.7,92.0,3.8,15,survey,plain,excellent,1,0
2790.0,0.44,3.7,83.7,29.9,86.0,9.7,10,heavy,vent,excellent,1,1
840.0,0.36,4.2,58.0,10.3,87.0,4.4,10,compact,plain,excellent,1,0
1730.0,0.4,2.6,66.9,19.6,90.0,3.4000000000000004,27,survey,ridge,good,0,0
2030.0,0.31,3.4000000000000004,71.5,20.0,92.0,2.6,18,survey,vent,good,1,0
2280.0,0.28,0.9,75.3,27.1,86.0,2.2,2,heavy,ridge,good,0,0
2150.0,0.76,3.4000000000000004,72.3,11.4,87.0,10.6,18,compact,ridge,good,1,1
2500.0,0.73,2.7,81.9,35.4,90.0,3.3000000000000003,8,survey,vent,good,0,1
1230.0,0.31,3.7,69.4,36.9,78.0,6.1000000000000005,42,survey,ridge,poor,1,0
1330.0,0.25,3.0,64.4,11.1,87.0,3.1,17,compact,ridge,fair,1,0
1750.0,0.56,4.3,77.80000000000001,51.8,86.0,5.7,11,compact,vent,good,1,0
870.0,0.5700000000000001,4.3,64.9,8.9,84.0,8.9,21,compact,plain,good,1,1
520.0,0.43,7.1000000000000005,61.900000000000006,5.4,89.0,4.2,16,compact,plain,excellent,1,0
1010.0,0.52,4.4,66.7,,85.0,2.6,14,compact,plain,good,1,0
1320.0,0.34,4.2,68.7,10.3,88.0,2.7,4,compact,ridge,excellent,0,0
4750.0,0.05,1.2000000000000002,75.60000000000001,34.2,89.0,1.9,13,survey,trench,good,1,0
2400.0,0.33,2.2,75.5,28.200000000000003,84.0,9.3,28,survey,vent,fair,1,0
870.0,0.02,7.800000000000001,56.900000000000006,2.3000000000000003,89.0,2.4000000000000004,13,compact,plain,excellent,1,0
700.0,0.04,3.9,61.2,3.4000000000000004,86.0,1.1,3,compact,plain,excellent,1,1
4790.0,0.18,1.8,84.30000000000001,60.6,87.0,8.5,5,heavy,trench,excellent,1,0
1270.0,0.74,4.6000000000000005,73.0,71.5,85.0,2.7,24,survey,ridge,good,0,1
1610.0,0.6900000000000001,2.9000000000000004,75.3,18.3,88.0,4.2,11,compact,vent,excellent,1,0
1910.0,0.29,3.1,72.10000000000001,27.3,88.0,6.5,12,survey,ridge,good,0,0
2290.0,0.26,1.2000000000000002,68.0,15.0,99.0,1.6,7,survey,ridge,excellent,1,0
920.0,0.27,5.2,58.8,7.4,91.0,1.1,7,compact,plain,excellent,1,0
580.0,0.14,7.300000000000001,64.7,5.1000000000000005,83.0,2.1,23,survey,plain,,1,1
3860.0,0.47,2.2,75.5,63.0,92.0,2.6,20,survey,trench,excellent,0,0
730.0,0.31,4.3,61.5,26.3,93.0,5.9,4,compact,plain,good,0,0
2060.0,0.02,1.9,72.7,23.8,97.0,3.2,6,survey,ridge,excellent,1,0
760.0,0.08,3.4000000000000004,60.1,4.800000000000001,90.0,1.0,10,compact,plain,excellent,1,0
5380.0,0.18,1.8,73.5,18.2,91.0,2.3000000000000003,4,survey,trench,excellent,1,0
910.0,0.58,4.800000000000001,68.9,6.300000000000001,87.0,2.4000000000000004,17,survey,plain,excellent,1,0
730.0,0.13,6.5,67.5,8.9,96.0,1.3,4,survey,plain,excellent,1,0
1840.0,0.24,2.1,68.8,9.0,92.0,5.7,19,survey,ridge,fair,1,0
1150.0,0.42,4.1000000000000005,70.7,17.900000000000002,89.0,2.4000000000000004,7,compact,vent,excellent,1,0
590.0,0.31,8.6,65.5,4.7,85.0,2.4000000000000004,3,compact,plain,good,1,0
940.0,0.27,4.6000000000000005,64.60000000000001,,87.0,4.3,12,survey,plain,good,1,0
1450.0,0.29,2.6,69.10000000000001,21.700000000000003,84.0,2.1,4,compact,ridge,good,0,0
860.0,0.34,6.5,58.400000000000006,7.2,81.0,0.9,11,compact,plain,fair,1,0
2970.0,0.93,4.1000000000000005,86.0,53.8,94.0,9.5,20,survey,vent,fair,1,1
560.0,0.4,6.6000000000000005,73.7,12.6,85.0,3.3000000000000003,22,survey,plain,fair,1,0
770.0,0.55,5.1000000000000005,65.9,12.2,92.0,5.9,11,survey,plain,excellent,1,0
640.0,0.23,6.300000000000001,62.1,33.9,91.0,1.1,9,compact,plain,excellent,0,1
560.0,0.11,5.6000000000000005,57.900000000000006,7.300000000000001,92.0,1.9,7,compact,plain,good,0,0
3150.0,0.02,3.0,68.7,16.900000000000002,95.0,3.0,3,compact,trench,excellent,1,0
700.0,0.61,5.5,62.400000000000006,11.9,87.0,4.0,10,compact,plain,good,1,0
630.0,0.16,5.5,65.9,24.9,80.0,12.3,36,survey,plain,poor,0,1
700.0,0.63,4.5,72.60000000000001,17.8,83.0,6.9,9,heavy,plain,fair,1,0
3850.0,1.05,4.1000000000000005,90.0,36.0,87.0,5.1000000000000005,8,heavy,vent,good,1,1
3430.0,0.26,1.9,70.8,14.0,88.0,3.0,8,survey,trench,excellent,1,0
2590.0,0.17,1.1,70.9,13.9,93.0,5.1000000000000005,19,survey,ridge,excellent,1,0
650.0,0.29,6.1000000000000005,59.3,12.0,89.0,,8,compact,plain,fair,1,0
4010.0,0.37,0.8,72.60000000000001,12.7,93.0,6.2,14,survey,trench,fair,1,0
600.0,0.08,9.4,62.3,4.3,89.0,1.7000000000000002,5,compact,plain,good,1,0
2460.0,0.49,0.7000000000000001,75.10000000000001,21.1,94.0,1.9,3,survey,trench,excellent,1,0
1400.0,0.31,4.5,66.5,9.3,85.0,4.5,12,compact,ridge,good,1,0
5350.0,0.23,-0.0,79.0,28.0,79.0,4.9,15,heavy,trench,fair,0,1
520.0,0.25,8.9,63.3,13.3,85.0,2.9000000000000004,14,compact,plain,excellent,1,0
1770.0,0.35,2.4000000000000004,68.3,21.200000000000003,93.0,2.1,10,compact,ridge,excellent,1,0
430.0,0.28,8.200000000000001,64.0,,82.0,6.300000000000001,22,compact,plain,good,1,0
530.0,0.12,9.2,60.0,5.6000000000000005,87.0,6.1000000000000005,14,compact,plain,good,1,1
4060.0,0.48,2.1,76.0,32.800000000000004,90.0,1.4,8,survey,trench,good,1,1
2240.0,0.12,1.4,71.8,18.2,90.0,2.9000000000000004,18,survey,ridge,fair,1,0
3000.0,1.02,2.9000000000000004,79.2,34.5,83.0,5.0,17,heavy,ridge,fair,1,0
3760.0,0.38,1.1,72.8,27.5,92.0,3.8,7,survey,trench,excellent,1,0
920.0,0.32,4.800000000000001,63.3,10.7,84.0,3.6,5,survey,plain,excellent,1,0
1710.0,0.33,3.1,66.7,13.2,90.0,6.6000000000000005,7,compact,ridge,good,1,1
2090.0,1.1,3.4000000000000004,83.5,79.60000000000001,91.0,2.7,5,survey,vent,excellent,1,1
830.0,0.44,7.6,69.10000000000001,15.6,95.0,3.6,14,survey,plain,good,1,0
3990.0,0.27,2.8000000000000003,80.7,56.2,90.0,2.1,8,heavy,trench,good,0,0
3640.0,0.27,1.7000000000000002,75.8,71.8,91.0,7.6,17,survey,trench,good,0,1
4260.0,0.09,1.9,74.10000000000001,38.8,87.0,1.1,7,survey,trench,excellent,0,0
2790.0,0.5,3.2,78.80000000000001,41.1,88.0,5.9,4,heavy,vent,good,0,0
600.0,0.22,9.4,63.2,20.9,89.0,2.5,4,compact,plain,good,0,0
3100.0,0.34,1.6,77.30000000000001,17.0,88.0,11.1,9,heavy,ridge,good,1,0
2180.0,0.14,3.0,71.60000000000001,22.0,89.0,7.0,19,survey,ridge,fair,1,0
2530.0,0.66,2.9000000000000004,69.3,17.0,89.0,5.2,10,compact,ridge,good,1,0
1230.0,0.8300000000000001,4.800000000000001,63.400000000000006,3.4000000000000004,90.0,,12,compact,plain,good,1,0
1370.0,0.45,6.1000000000000005,,40.7,84.0,5.300000000000001,19,compact,ridge,good,0,0
740.0,0.25,6.300000000000001,58.400000000000006,9.1,87.0,8.1,15,compact,plain,good,0,0
1490.0,0.43,3.5,73.8,26.4,85.0,2.2,18,compact,ridge,fair,1,0
1400.0,0.5,2.6,69.8,16.0,85.0,2.3000000000000003,21,survey,ridge,fair,1,0
2660.0,0.32,2.8000000000000003,79.10000000000001,28.5,94.0,2.1,4,survey,vent,excellent,1,0
910.0,0.38,4.3,68.0,5.1000000000000005,82.0,5.800000000000001,29,survey,plain,poor,1,0
600.0,0.3,6.2,57.400000000000006,8.700000000000001,91.0,1.5,14,compact,plain,good,1,0
5050.0,0.35,0.2,76.10000000000001,33.4,93.0,3.1,12,survey,trench,excellent,1,0
2970.0,0.51,3.9,68.5,18.3,81.0,3.3000000000000003,23,compact,trench,poor,1,1
3080.0,1.15,4.3,85.80000000000001,47.3,93.0,3.9,22,survey,vent,good,1,1
1940.0,0.6,2.5,75.4,43.7,94.0,5.9,13,survey,vent,good,0,0
2060.0,0.6900000000000001,3.9,76.0,35.2,89.0,1.5,8,compact,vent,excellent,1,0
1450.0,1.01,3.5,73.60000000000001,28.0,93.0,3.0,2,compact,ridge,excellent,0,1
2470.0,0.42,1.8,77.0,12.7,86.0,5.1000000000000005,11,heavy,ridge,excellent,1,0
550.0,0.5700000000000001,5.5,72.2,27.8,86.0,7.800000000000001,25,survey,plain,fair,0,0
770.0,0.44,5.0,63.3,12.8,90.0,5.6000000000000005,5,compact,plain,excellent,1,0
670.0,0.16,5.6000000000000005,67.10000000000001,3.7,89.0,7.9,32,survey,plain,good,1,1
1290.0,1.09,4.3,71.0,25.200000000000003,90.0,1.0,5,compact,ridge,excellent,1,0
770.0,0.05,6.6000000000000005,63.900000000000006,2.3000000000000003,90.0,3.7,15,survey,plain,good,1,1
1650.0,1.12,1.1,77.0,32.6,92.0,,14,survey,ridge,good,1,1
3690.0,0.56,1.7000000000000002,77.80000000000001,27.9,94.0,2.5,5,survey,trench,excellent,1,0
4120.0,0.28,2.4000000000000004,,16.900000000000002,93.0,2.4000000000000004,11,survey,trench,good,1,0
580.0,0.3,8.700000000000001,68.10000000000001,7.300000000000001,87.0,1.2000000000000002,21,survey,plain,fair,1,1
3160.0,0.44,0.0,75.3,13.4,91.0,4.800000000000001,10,survey,trench,excellent,1,0
840.0,0.75,3.5,67.10000000000001,34.7,,4.800000000000001,5,compact,ridge,excellent,1,0
3220.0,0.21,0.6000000000000001,75.8,18.1,81.0,2.3000000000000003,14,heavy,ridge,excellent,0,1
1490.0,0.65,3.0,68.5,6.4,83.0,2.1,13,compact,ridge,fair,1,0
2910.0,1.03,3.0,81.80000000000001,52.5,87.0,2.1,14,survey,vent,excellent,0,1
530.0,0.31,7.800000000000001,68.8,9.0,87.0,9.2,22,survey,plain,good,1,1
3230.0,0.15,2.9000000000000004,80.0,49.900000000000006,91.0,13.6,7,heavy,ridge,good,1,0
720.0,0.02,8.200000000000001,62.7,4.6000000000000005,89.0,1.8,9,survey,plain,good,1,0
750.0,0.43,7.6,75.2,21.0,77.0,10.9,25,heavy,plain,poor,1,1
1320.0,0.51,4.1000000000000005,69.7,9.9,87.0,7.1000000000000005,9,compact,ridge,good,1,0
1320.0,0.27,1.6,71.10000000000001,9.4,89.0,0.7000000000000001,9,survey,ridge,excellent,1,1
890.0,0.34,4.3,71.4,11.8,91.0,6.5,15,survey,plain,good,1,0
3560.0,0.18,2.6,78.9,20.1,92.0,2.3000000000000003,14,survey,trench,excellent,1,0
2120.0,0.97,,76.10000000000001,25.4,84.0,4.6000000000000005,15,survey,ridge,fair,1,1
600.0,0.55,6.5,61.8,9.0,91.0,3.7,5,compact,plain,fair,1,1
1930.0,0.91,5.5,71.60000000000001,22.1,89.0,6.9,13,compact,ridge,excellent,1,1
790.0,0.26,7.0,68.5,7.4,90.0,4.2,20,survey,plain,fair,1,0
1330.0,0.47,4.3,72.7,25.9,87.0,1.8,9,compact,ridge,excellent,1,0
2370.0,0.68,1.2000000000000002,75.9,27.3,91.0,1.9,19,survey,ridge,excellent,1,0
3980.0,0.54,0.3,79.0,41.0,96.0,5.2,6,survey,trench,excellent,1,0
4790.0,0.16,2.9000000000000004,74.8,30.3,90.0,3.9,13,survey,trench,excellent,1,0
720.0,0.64,5.2,67.3,9.2,88.0,3.7,11,survey,plain,excellent,1,0
3270.0,0.27,3.0,69.5,8.700000000000001,,3.2,6,compact,trench,good,1,0
1650.0,0.64,3.0,67.10000000000001,25.200000000000003,,2.6,13,compact,ridge,good,0,1
1730.0,0.56,3.3000000000000003,72.9,9.2,89.0,3.9,9,compact,ridge,good,1,0
890.0,0.11,6.2,62.0,10.1,84.0,2.2,19,compact,plain,fair,1,0
4590.0,0.38,2.3000000000000003,81.0,,87.0,3.5,11,heavy,trench,excellent,1,1
980.0,0.16,5.9,70.8,23.4,87.0,3.8,21,survey,plain,good,0,1
1430.0,0.11,2.3000000000000003,66.7,5.9,90.0,5.5,27,survey,ridge,good,1,1
4180.0,0.79,1.6,79.9,31.200000000000003,83.0,9.6,31,survey,trench,poor,1,1
680.0,0.3,4.5,60.3,33.9,84.0,3.7,22,compact,plain,poor,0,0
620.0,0.03,7.5,60.6,4.0,86.0,1.3,3,compact,plain,excellent,1,0
1260.0,0.39,5.1000000000000005,70.4,9.7,91.0,6.800000000000001,6,survey,plain,good,1,0
4080.0,0.17,2.4000000000000004,78.0,23.1,83.0,5.7,8,heavy,trench,fair,1,1
1780.0,0.38,3.1,72.7,33.1,88.0,6.0,13,compact,vent,good,1,0
800.0,0.41,4.7,65.7,8.8,83.0,2.8000000000000003,26,survey,plain,fair,1,0
470.0,0.13,8.4,63.0,5.2,90.0,3.9,4,compact,plain,good,1,1
1950.0,0.44,2.4000000000000004,80.30000000000001,24.1,91.0,,2,heavy,vent,good,1,0
1360.0,0.53,2.3000000000000003,69.5,12.7,88.0,2.0,10,compact,ridge,fair,1,0
2830.0,0.42,1.9,73.0,48.0,91.0,3.2,10,survey,trench,excellent,1,0
5560.0,0.29,2.9000000000000004,85.0,22.8,92.0,4.3,3,heavy,trench,excellent,1,1
2350.0,0.75,1.6,78.7,50.2,86.0,5.0,7,heavy,ridge,excellent,1,0
1030.0,0.8200000000000001,4.800000000000001,75.2,13.7,91.0,2.4000000000000004,10,survey,ridge,good,1,1
890.0,0.38,5.6000000000000005,69.5,12.9,94.0,4.1000000000000005,16,survey,plain,good,1,0
540.0,0.42,8.3,63.5,10.5,89.0,3.8,5,compact,plain,excellent,1,0
530.0,0.49,9.6,64.8,9.7,80.0,9.7,27,compact,plain,poor,1,0
3090.0,0.23,2.4000000000000004,73.8,21.700000000000003,88.0,4.4,13,survey,trench,good,1,0
720.0,0.05,7.1000000000000005,69.4,2.4000000000000004,96.0,1.9,11,survey,plain,excellent,1,1
1720.0,0.91,2.7,77.80000000000001,83.4,86.0,5.5,26,survey,ridge,fair,0,1
720.0,0.32,7.4,66.60000000000001,4.6000000000000005,87.0,3.7,4,compact,plain,excellent,1,0
2990.0,0.15,3.1,75.60000000000001,34.6,98.0,2.4000000000000004,7,survey,trench,excellent,1,0
830.0,0.13,5.300000000000001,71.7,7.300000000000001,88.0,6.1000000000000005,16,survey,plain,fair,1,0
2020.0,0.46,1.7000000000000002,76.10000000000001,24.1,90.0,4.9,21,survey,ridge,good,0,0
750.0,0.19,7.0,65.8,27.0,88.0,3.9,18,survey,plain,excellent,0,0
2840.0,0.27,2.9000000000000004,78.10000000000001,32.4,86.0,3.7,18,survey,vent,fair,0,0
2540.0,0.47,4.3,84.0,49.1,85.0,1.8,14,heavy,vent,fair,1,0
750.0,0.28,5.7,68.9,3.6,81.0,15.2,40,survey,plain,poor,1,0
370.0,0.11,6.6000000000000005,59.7,2.9000000000000004,73.0,5.6000000000000005,39,compact,plain,poor,1,0
930.0,0.42,6.1000000000000005,64.0,11.2,87.0,10.8,26,survey,plain,poor,1,0
1010.0,0.42,4.5,71.2,15.1,91.0,6.7,3,heavy,plain,excellent,1,1
1740.0,0.93,1.9,80.30000000000001,51.5,89.0,8.4,21,survey,ridge,good,1,1
480.0,0.56,6.6000000000000005,63.8,10.8,89.0,3.0,8,compact,plain,fair,1,0
910.0,0.33,6.1000000000000005,66.60000000000001,20.1,,3.7,7,compact,plain,good,1,0
660.0,0.47,6.800000000000001,62.5,8.700000000000001,85.0,4.7,17,compact,plain,good,1,0
1800.0,0.59,2.6,73.3,29.0,87.0,6.1000000000000005,32,survey,ridge,fair,1,0
3030.0,0.4,2.4000000000000004,82.30000000000001,26.0,85.0,7.7,26,survey,vent,poor,0,0
770.0,0.1,5.0,65.60000000000001,15.8,88.0,1.6,15,survey,plain,good,0,1
2450.0,0.67,2.7,,60.3,86.0,1.8,17,compact,ridge,good,0,1
890.0,0.44,5.9,70.0,21.4,89.0,3.6,4,survey,plain,excellent,0,0
3920.0,0.25,1.6,76.7,19.6,88.0,4.7,20,survey,trench,good,1,1
4770.0,0.3,3.0,77.2,36.5,85.0,5.4,13,heavy,trench,fair,1,0
420.0,0.19,9.7,63.0,4.7,91.0,3.1,4,compact,plain,excellent,1,0
870.0,1.0,5.6000000000000005,73.5,50.900000000000006,91.0,2.0,18,survey,ridge,good,1,1
2210.0,0.68,5.300000000000001,81.9,30.5,86.0,6.0,2,heavy,ridge,excellent,1,0
3370.0,0.93,4.2,86.10000000000001,73.10000000000001,79.0,10.7,41,survey,vent,poor,0,1
3150.0,0.53,4.2,79.2,21.4,85.0,7.4,16,survey,vent,good,1,1
2980.0,0.21,3.7,76.0,20.200000000000003,84.0,3.6,5,compact,vent,excellent,1,0
3610.0,0.15,2.2,72.5,14.9,86.0,5.2,10,survey,trench,good,1,0
3370.0,0.13,1.3,69.9,13.1,97.0,7.1000000000000005,5,survey,trench,excellent,1,0
430.0,0.25,6.5,62.6,3.9,82.0,9.0,13,compact,plain,fair,1,0
4800.0,0.14,1.5,72.5,40.0,85.0,1.6,18,survey,trench,good,1,0
760.0,0.73,6.1000000000000005,72.4,9.5,87.0,10.7,22,survey,plain,fair,1,1
3500.0,0.54,3.7,79.7,18.8,95.0,2.6,7,survey,vent,excellent,1,0
1180.0,0.8,4.4,72.5,6.9,96.0,3.0,6,survey,ridge,excellent,1,0
3440.0,0.71,,82.80000000000001,20.200000000000003,86.0,6.4,19,survey,vent,good,0,1
3300.0,0.24,3.3000000000000003,76.0,30.700000000000003,93.0,5.1000000000000005,16,survey,vent,good,1,0
480.0,0.16,6.5,60.0,7.9,86.0,2.5,14,compact,plain,good,0,0
2180.0,1.53,1.7000000000000002,82.5,89.80000000000001,91.0,3.0,6,survey,ridge,good,1,1
1760.0,0.5700000000000001,3.2,78.60000000000001,23.5,87.0,5.300000000000001,6,heavy,ridge,good,1,0
2530.0,0.75,3.9,78.10000000000001,55.5,90.0,5.2,18,survey,vent,fair,0,1
3250.0,0.05,0.8,75.10000000000001,14.9,,7.6,2,heavy,trench,good,0,0
2000.0,0.47,2.5,67.9,17.400000000000002,87.0,3.5,10,compact,ridge,fair,1,0
1540.0,0.43,2.6,69.8,11.0,90.0,4.0,19,survey,ridge,excellent,1,0
690.0,0.27,6.9,68.5,9.6,89.0,3.1,18,survey,plain,good,1,0
1840.0,0.26,3.5,74.9,17.7,91.0,2.8000000000000003,7,survey,ridge,good,1,0
530.0,0.67,8.200000000000001,72.2,20.8,82.0,5.6000000000000005,20,compact,plain,fair,0,0
1610.0,0.6,6.0,73.5,23.700000000000003,94.0,3.0,9,survey,ridge,excellent,1,0
1700.0,0.85,3.4000000000000004,79.5,24.5,92.0,8.8,11,survey,ridge,good,1,0
640.0,0.84,4.3,70.10000000000001,11.3,83.0,3.4000000000000004,20,survey,plain,fair,1,1
870.0,0.29,5.2,64.10000000000001,6.7,86.0,2.2,0,compact,plain,excellent,1,0
660.0,0.26,6.300000000000001,66.5,3.9,94.0,2.0,7,survey,plain,excellent,1,0
660.0,0.27,9.4,67.9,6.300000000000001,93.0,4.4,7,survey,plain,good,1,0
830.0,0.31,6.4,61.6,5.300000000000001,82.0,6.1000000000000005,19,compact,plain,poor,1,0
830.0,0.2,5.800000000000001,60.7,25.1,76.0,2.3000000000000003,29,compact,plain,poor,0,0
520.0,0.39,5.7,66.0,8.1,87.0,3.0,6,compact,plain,excellent,1,0
5600.0,0.27,0.4,75.60000000000001,28.1,86.0,5.7,3,heavy,trench,good,1,1
640.0,0.37,4.4,59.2,11.8,83.0,3.1,8,compact,plain,good,0,0
1200.0,0.26,5.4,69.8,7.7,89.0,6.5,12,survey,ridge,excellent,1,0
510.0,0.58,7.5,69.10000000000001,15.5,89.0,1.7000000000000002,12,survey,plain,excellent,1,0
1550.0,0.64,2.5,76.3,21.200000000000003,86.0,7.4,17,heavy,ridge,fair,1,0
530.0,0.2,9.2,65.4,7.2,96.0,2.1,7,survey,plain,excellent,1,0
4380.0,0.95,3.1,88.10000000000001,24.1,85.0,7.9,14,heavy,vent,fair,1,1
640.0,0.1,7.2,64.8,4.7,88.0,5.5,14,survey,plain,fair,1,0
740.0,0.21,5.300000000000001,60.1,9.3,90.0,8.8,16,survey,plain,good,0,1
1530.0,0.37,,73.4,11.3,92.0,2.8000000000000003,5,survey,plain,good,1,0
1070.0,0.36,3.8,63.400000000000006,11.3,84.0,5.4,13,compact,plain,good,1,0
5460.0,0.08,2.5,73.7,25.8,94.0,4.3,11,survey,trench,good,0,0
3460.0,0.53,3.4000000000000004,80.2,25.700000000000003,89.0,4.800000000000001,13,heavy,vent,good,1,0
3830.0,0.23,0.2,78.4,54.900000000000006,87.0,3.9,5,heavy,trench,good,1,0
670.0,0.45,4.3,67.8,10.0,88.0,2.8000000000000003,18,compact,plain,good,1,0
1310.0,0.37,4.3,70.60000000000001,24.5,89.0,2.5,10,compact,ridge,good,1,0
710.0,0.58,6.800000000000001,69.8,4.5,92.0,1.7000000000000002,21,survey,plain,fair,1,0
2700.0,0.88,1.9,81.2,30.1,78.0,11.0,26,compact,vent,fair,1,1
1030.0,0.29,5.800000000000001,67.5,5.4,83.0,7.800000000000001,25,survey,plain,fair,1,0
1920.0,0.31,3.2,74.5,47.900000000000006,89.0,5.9,14,compact,vent,fair,0,0
1610.0,0.23,4.800000000000001,77.10000000000001,17.1,92.0,1.4,8,survey,vent,excellent,0,0
1960.0,0.13,5.6000000000000005,73.5,36.5,88.0,3.7,23,survey,vent,good,0,0
830.0,0.2,6.1000000000000005,67.10000000000001,9.5,89.0,1.5,25,survey,plain,good,0,0
490.0,0.72,,66.60000000000001,22.9,90.0,5.6000000000000005,12,survey,plain,good,0,0
3870.0,0.68,4.1000000000000005,81.4,37.7,89.0,2.8000000000000003,17,survey,vent,good,1,1
3190.0,0.46,3.5,88.0,29.200000000000003,,5.1000000000000005,11,heavy,vent,fair,1,1
3980.0,0.34,1.0,75.5,16.5,92.0,13.8,6,survey,trench,excellent,1,1
560.0,0.53,7.1000000000000005,67.4,25.6,89.0,1.6,5,compact,plain,excellent,1,1
520.0,0.26,6.300000000000001,70.10000000000001,6.6000000000000005,95.0,5.4,2,survey,plain,excellent,1,1
1750.0,1.1,2.9000000000000004,81.60000000000001,49.7,88.0,2.8000000000000003,8,heavy,ridge,good,1,0
1110.0,0.18,3.6,60.1,8.4,88.0,2.9000000000000004,11,compact,ridge,good,1,0
680.0,0.53,6.7,60.400000000000006,52.3,89.0,1.5,9,compact,plain,fair,0,1
2420.0,0.24,1.7000000000000002,74.3,22.6,90.0,0.8,10,survey,ridge,fair,1,0
500.0,0.14,7.300000000000001,60.2,22.1,91.0,2.3000000000000003,6,compact,plain,good,0,1
610.0,0.29,3.4000000000000004,61.2,7.9,86.0,6.1000000000000005,10,compact,plain,,1,0
500.0,0.3,8.8,64.3,9.6,90.0,3.4000000000000004,11,compact,plain,fair,0,0
5050.0,0.75,1.4,86.7,34.1,79.0,4.9,11,heavy,trench,good,0,1
2690.0,0.78,2.3000000000000003,83.60000000000001,18.3,87.0,4.4,26,survey,vent,fair,1,1
2170.0,1.59,3.2,86.5,95.7,86.0,4.2,24,survey,vent,good,0,1
2290.0,0.25,3.0,82.9,34.0,83.0,2.9000000000000004,18,heavy,vent,fair,1,1
1580.0,0.42,3.6,73.4,24.9,86.0,8.6,28,survey,ridge,fair,0,1
3880.0,0.5700000000000001,2.3000000000000003,77.80000000000001,38.400000000000006,89.0,1.4,18,survey,trench,good,1,1
1770.0,0.48,4.1000000000000005,78.7,8.700000000000001,91.0,4.9,6,survey,ridge,excellent,1,0
750.0,0.3,3.4000000000000004,72.10000000000001,10.9,95.0,3.2,5,survey,plain,excellent,1,0
1330.0,0.21,3.4000000000000004,72.7,17.2,88.0,1.8,5,compact,vent,excellent,1,0
1870.0,0.32,3.7,76.3,13.0,88.0,13.0,21,survey,vent,fair,1,1
1080.0,0.46,3.1,71.10000000000001,36.3,88.0,0.9,8,compact,ridge,excellent,0,0
1540.0,0.67,3.2,65.8,20.200000000000003,90.0,2.4000000000000004,3,compact,ridge,good,0,1
4370.0,0.45,2.2,81.7,12.2,84.0,2.1,9,heavy,trench,fair,1,1
5430.0,0.05,4.3,76.3,18.9,91.0,4.5,16,survey,trench,fair,1,0
1690.0,0.54,4.7,68.3,27.3,88.0,3.0,12,compact,vent,good,1,0
590.0,0.8200000000000001,7.5,68.7,12.5,87.0,2.2,4,compact,plain,excellent,1,0
1860.0,0.18,4.2,71.7,6.1000000000000005,82.0,8.5,13,heavy,ridge,fair,1,1
600.0,0.44,6.6000000000000005,62.400000000000006,5.5,85.0,4.4,17,compact,plain,good,1,0
430.0,0.29,7.1000000000000005,65.7,9.4,88.0,0.7000000000000001,0,compact,plain,excellent,1,0
2760.0,0.72,3.9,73.4,40.7,89.0,2.8000000000000003,15,survey,ridge,good,1,0
2270.0,0.77,3.3000000000000003,82.10000000000001,30.5,87.0,6.300000000000001,20,survey,vent,fair,1,1
3500.0,0.29,1.2000000000000002,74.2,16.8,91.0,4.0,19,survey,trench,fair,1,0
1730.0,0.22,3.4000000000000004,63.7,26.0,91.0,0.9,7,compact,ridge,excellent,0,0
650.0,0.17,5.2,62.6,8.1,88.0,4.5,13,survey,plain,fair,0,0
3360.0,0.31,2.0,78.5,18.9,88.0,1.7000000000000002,16,survey,vent,good,1,0
4590.0,0.2,2.8000000000000003,79.10000000000001,36.9,84.0,5.6000000000000005,6,heavy,vent,excellent,1,0
2240.0,0.51,2.6,74.7,,86.0,5.2,14,compact,vent,,1,0
3850.0,0.55,1.5,85.9,36.0,88.0,6.2,5,heavy,vent,,1,1
2110.0,0.23,1.9,73.10000000000001,7.4,82.0,3.5,6,heavy,ridge,good,1,0
1980.0,0.25,,72.10000000000001,22.3,86.0,8.3,6,heavy,ridge,excellent,1,0
840.0,0.52,3.1,66.7,13.9,85.0,2.0,17,compact,plain,fair,1,0
1170.0,0.43,3.3000000000000003,65.10000000000001,5.800000000000001,92.0,0.9,14,survey,ridge,good,1,0
2110.0,0.18,2.6,67.60000000000001,18.5,87.0,1.1,14,survey,ridge,good,1,0
3060.0,0.51,2.3000000000000003,73.10000000000001,21.1,93.0,1.8,14,survey,ridge,good,1,0
1360.0,0.18,5.2,75.10000000000001,14.9,84.0,4.5,17,heavy,ridge,fair,0,0
1650.0,0.45,3.2,76.7,23.9,85.0,2.8000000000000003,20,survey,vent,fair,1,0
3880.0,0.09,-0.3,73.0,39.900000000000006,93.0,2.5,12,survey,trench,good,0,1
1820.0,0.71,4.1000000000000005,81.80000000000001,48.1,83.0,18.2,33,survey,vent,fair,1,1
970.0,0.16,,67.2,8.1,90.0,1.6,19,survey,plain,good,1,0
2080.0,0.71,1.2000000000000002,78.10000000000001,38.3,77.0,5.2,39,survey,ridge,poor,1,1
950.0,0.14,5.4,66.5,2.2,96.0,1.7000000000000002,8,survey,plain,excellent,1,0
850.0,0.22,5.2,65.60000000000001,6.300000000000001,95.0,4.5,7,survey,plain,good,1,0
1360.0,0.53,4.9,71.3,23.9,93.0,1.8,13,survey,ridge,good,1,0
2420.0,0.1,1.8,68.3,9.5,95.0,5.4,6,survey,ridge,excellent,1,0
3570.0,0.18,2.6,82.7,22.9,89.0,4.800000000000001,4,heavy,trench,excellent,1,0
1060.0,0.46,3.7,71.0,15.1,87.0,2.9000000000000004,12,survey,ridge,good,1,0
1410.0,1.16,3.0,75.8,12.4,93.0,3.6,5,survey,ridge,good,1,1
730.0,0.33,5.2,66.7,12.8,86.0,2.8000000000000003,8,survey,plain,excellent,1,0
650.0,0.46,7.7,68.2,13.1,84.0,5.1000000000000005,31,survey,plain,poor,1,0
910.0,0.22,5.6000000000000005,73.60000000000001,15.2,89.0,7.0,3,heavy,plain,excellent,1,1
6080.0,0.26,,80.7,14.1,83.0,3.1,20,heavy,trench,fair,1,1
850.0,0.45,6.7,74.2,16.1,90.0,3.7,27,survey,plain,poor,1,0
1690.0,0.34,3.1,65.0,4.6000000000000005,85.0,4.4,4,compact,ridge,excellent,1,0
1010.0,0.12,5.6000000000000005,63.5,2.6,94.0,5.9,8,survey,plain,excellent,1,1
590.0,0.64,7.2,67.9,8.4,92.0,2.7,4,survey,plain,excellent,1,0
2370.0,0.49,2.1,75.0,18.1,88.0,3.5,5,heavy,ridge,excellent,1,1
4010.0,0.23,1.8,75.3,10.7,82.0,,21,heavy,trench,poor,1,1
590.0,0.25,7.800000000000001,64.60000000000001,7.1000000000000005,97.0,1.9,6,survey,plain,excellent,1,0
840.0,0.39,6.1000000000000005,67.3,16.8,85.0,6.4,12,compact,ridge,good,1,0
510.0,0.12,8.5,61.3,4.2,87.0,2.5,16,compact,plain,good,1,1
1350.0,1.08,3.9,69.9,37.7,85.0,5.2,14,compact,ridge,fair,1,1
6130.0,0.32,3.2,77.7,66.4,83.0,7.2,12,heavy,trench,fair,1,1
5640.0,0.34,1.0,78.7,37.9,92.0,3.8,9,survey,trench,excellent,1,1
1750.0,0.5,4.0,71.60000000000001,20.9,89.0,2.7,5,compact,vent,good,1,0
1160.0,0.27,5.7,73.60000000000001,15.2,85.0,2.5,12,heavy,plain,good,1,0
3890.0,0.38,1.2000000000000002,73.10000000000001,17.0,94.0,3.7,7,survey,trench,good,1,0
1660.0,0.87,0.3,73.8,35.1,92.0,2.7,2,compact,ridge,excellent,0,0
5320.0,0.06,2.5,73.8,18.2,88.0,4.9,15,survey,trench,fair,1,1
3070.0,0.45,1.2000000000000002,73.2,25.6,84.0,3.3000000000000003,31,survey,trench,good,1,0
3960.0,0.76,2.8000000000000003,85.2,29.200000000000003,84.0,6.0,8,heavy,vent,good,1,1
3420.0,0.68,4.9,85.10000000000001,37.9,89.0,4.1000000000000005,8,heavy,trench,good,1,1
950.0,0.34,3.9,68.60000000000001,10.4,87.0,3.4000000000000004,4,heavy,plain,good,0,0
840.0,0.24,3.5,71.0,11.4,88.0,1.5,15,survey,plain,fair,1,0
500.0,0.04,10.3,61.900000000000006,2.9000000000000004,89.0,8.4,8,compact,plain,excellent,1,1
3800.0,0.3,1.1,74.7,12.5,93.0,3.3000000000000003,9,survey,trench,good,1,1
2700.0,0.41,2.3000000000000003,77.2,29.6,89.0,8.6,5,heavy,vent,excellent,1,0
2130.0,1.04,2.7,73.2,26.6,88.0,3.5,7,compact,ridge,good,1,0
2050.0,0.62,3.6,80.10000000000001,14.4,91.0,3.4000000000000004,15,survey,vent,good,1,0
3470.0,0.67,1.7000000000000002,82.60000000000001,47.1,83.0,13.3,9,heavy,vent,good,0,1
710.0,0.6,5.9,64.60000000000001,8.9,83.0,4.9,14,compact,plain,poor,1,0
950.0,0.05,3.4000000000000004,65.7,6.1000000000000005,88.0,3.1,17,survey,plain,fair,1,0
1130.0,0.2,5.0,70.2,9.4,,,16,survey,plain,good,1,0
2150.0,0.31,3.5,73.4,11.8,86.0,8.700000000000001,6,heavy,ridge,fair,1,0
2750.0,1.06,3.2,83.4,58.2,80.0,4.9,12,heavy,ridge,fair,1,1
1220.0,0.56,3.3000000000000003,65.9,13.4,85.0,4.6000000000000005,21,compact,ridge,fair,1,0
2810.0,0.98,3.8,82.7,,89.0,1.2000000000000002,7,heavy,ridge,fair,1,1
550.0,0.08,6.7,62.3,2.6,90.0,1.9,19,survey,plain,fair,1,1
690.0,0.3,6.4,58.5,5.7,89.0,1.8,18,compact,plain,good,1,0
1560.0,0.75,3.0,74.8,,86.0,7.2,10,heavy,ridge,good,0,1
1350.0,0.34,4.3,66.2,7.2,88.0,5.1000000000000005,20,survey,plain,fair,1,0
3410.0,0.2,-0.0,74.4,29.8,84.0,8.8,15,heavy,trench,good,1,0
1560.0,0.52,2.2,73.8,25.5,90.0,5.2,9,survey,ridge,good,1,0
590.0,0.22,6.4,62.0,15.5,90.0,4.4,14,compact,plain,excellent,0,0
4400.0,0.39,0.6000000000000001,75.60000000000001,53.1,86.0,10.4,14,heavy,trench,fair,0,0
3800.0,0.62,1.4,76.9,32.9,,3.3000000000000003,4,survey,trench,excellent,1,0
840.0,0.22,6.9,64.9,7.5,79.0,10.9,39,survey,plain,poor,0,0
1200.0,0.49,2.6,68.9,12.8,86.0,6.6000000000000005,10,compact,ridge,excellent,1,0
2380.0,0.68,3.4000000000000004,81.10000000000001,17.8,92.0,3.5,6,survey,vent,excellent,1,0
1850.0,0.25,3.7,74.0,32.300000000000004,88.0,4.5,23,survey,ridge,good,0,0
3940.0,0.32,0.1,75.7,23.9,96.0,3.0,5,survey,trench,excellent,1,0
1260.0,0.15,5.6000000000000005,72.10000000000001,9.3,96.0,4.2,9,survey,ridge,good,1,0
3110.0,0.91,2.9000000000000004,83.9,48.400000000000006,78.0,2.8000000000000003,7,heavy,vent,good,1,1
1050.0,0.32,5.300000000000001,63.2,11.9,90.0,1.0,10,compact,plain,excellent,1,0
4170.0,0.47,2.5,81.60000000000001,19.1,85.0,12.9,17,heavy,trench,fair,0,1
1850.0,0.63,3.4000000000000004,78.2,8.3,92.0,4.7,8,compact,vent,excellent,1,1
600.0,0.11,5.0,56.0,15.5,90.0,3.7,7,compact,plain,excellent,0,0
1370.0,0.59,3.9,76.4,33.300000000000004,84.0,6.5,23,survey,ridge,fair,1,0
700.0,0.11,7.4,70.10000000000001,4.9,90.0,4.9,5,heavy,plain,excellent,1,1
820.0,0.28,6.300000000000001,65.7,7.9,90.0,4.7,15,survey,plain,good,1,0
3470.0,0.1,0.8,68.8,5.5,92.0,2.0,7,survey,trench,,1,0
4380.0,0.19,3.9,79.4,45.5,82.0,12.4,6,heavy,vent,excellent,1,1
1180.0,0.54,3.1,67.10000000000001,15.2,89.0,3.1,7,compact,ridge,good,1,0
5330.0,0.27,1.4,77.2,14.7,91.0,1.6,9,survey,trench,excellent,1,1
2640.0,0.48,3.0,77.10000000000001,60.1,86.0,1.4,7,compact,vent,good,0,1
2430.0,0.29,1.1,79.0,12.1,88.0,2.5,0,heavy,vent,excellent,1,0
1740.0,0.1,2.6,66.8,6.9,92.0,5.4,3,compact,ridge,excellent,1,0
890.0,0.24,5.800000000000001,61.6,4.1000000000000005,83.0,10.4,14,survey,plain,fair,1,0
480.0,0.34,5.5,63.1,11.0,86.0,2.7,15,compact,plain,fair,0,0
4180.0,0.45,3.9,81.9,31.200000000000003,85.0,1.8,10,heavy,trench,good,1,1
2070.0,0.4,2.6,70.2,13.8,76.0,4.4,33,compact,trench,poor,1,0
4350.0,0.79,3.0,85.2,54.3,85.0,6.800000000000001,13,heavy,vent,fair,1,1
760.0,0.33,7.0,70.0,9.1,96.0,1.7000000000000002,15,survey,plain,fair,0,1
1860.0,0.52,2.0,75.3,30.200000000000003,90.0,2.6,5,survey,ridge,excellent,0,0
430.0,0.58,9.8,68.4,22.4,84.0,3.0,18,compact,plain,good,0,0
6020.0,0.28,2.2,79.80000000000001,19.1,84.0,3.2,7,heavy,trench,good,1,1
750.0,0.33,6.4,70.60000000000001,28.200000000000003,,3.1,23,survey,plain,fair,0,0
1850.0,0.37,4.3,67.7,5.7,86.0,0.9,9,compact,vent,good,1,0
3900.0,0.27,0.5,75.0,19.6,93.0,1.9,6,survey,trench,good,1,0
1330.0,0.53,4.7,65.0,,85.0,6.2,4,compact,ridge,good,1,0
910.0,0.21,6.300000000000001,65.2,7.5,78.0,2.3000000000000003,27,compact,plain,poor,1,0
4050.0,0.22,3.0,72.3,17.3,89.0,4.2,18,survey,trench,good,1,0
890.0,0.41,6.1000000000000005,71.5,17.2,90.0,5.6000000000000005,4,heavy,plain,excellent,1,0
5480.0,0.24,1.9,83.80000000000001,46.5,83.0,6.800000000000001,10,heavy,trench,,1,1
4720.0,0.52,1.7000000000000002,79.9,35.2,84.0,,30,survey,trench,poor,1,1
3310.0,0.54,6.0,82.5,25.9,,2.4000000000000004,2,heavy,vent,good,1,0
5640.0,0.21,4.5,78.9,34.300000000000004,87.0,4.9,3,heavy,trench,excellent,1,0
850.0,0.33,1.7000000000000002,63.2,7.0,92.0,3.0,5,compact,plain,good,1,0
750.0,0.4,6.9,70.8,15.7,85.0,2.4000000000000004,12,compact,ridge,good,1,0
690.0,0.72,6.300000000000001,69.10000000000001,16.3,88.0,,11,compact,plain,good,1,0
1550.0,0.29,4.4,74.10000000000001,12.4,89.0,10.2,23,survey,ridge,fair,0,0
1850.0,0.46,4.1000000000000005,69.7,35.5,84.0,1.2000000000000002,10,compact,ridge,fair,1,0
750.0,0.1,5.800000000000001,66.8,2.8000000000000003,89.0,1.9,19,survey,plain,fair,1,0
990.0,0.11,6.6000000000000005,67.0,9.3,90.0,8.4,6,heavy,plain,excellent,1,1
2820.0,0.25,3.3000000000000003,76.2,35.4,86.0,1.4,29,survey,vent,fair,0,0
1430.0,1.23,2.0,72.2,29.1,91.0,9.2,9,compact,ridge,excellent,0,1
780.0,0.24,4.800000000000001,61.8,16.5,89.0,4.1000000000000005,7,compact,plain,good,0,0
510.0,0.78,9.3,63.7,24.700000000000003,79.0,1.2000000000000002,19,compact,plain,fair,1,0
1600.0,0.15,4.1000000000000005,71.3,14.5,84.0,4.1000000000000005,16,compact,vent,good,1,0
1010.0,0.11,5.800000000000001,64.3,9.5,87.0,4.9,13,compact,plain,excellent,0,0
2080.0,0.89,3.0,79.5,90.3,87.0,4.1000000000000005,16,compact,vent,good,1,1
5400.0,0.55,1.0,82.9,41.0,85.0,2.2,2,heavy,trench,excellent,1,1
2290.0,0.48,3.6,69.7,14.3,,2.9000000000000004,1,survey,ridge,excellent,1,0
460.0,0.1,7.800000000000001,64.60000000000001,2.6,92.0,4.7,1,compact,plain,good,1,1
1550.0,1.06,2.7,77.2,,90.0,1.4,11,survey,ridge,good,1,1
720.0,0.17,5.2,61.1,6.5,86.0,5.5,9,compact,plain,fair,1,0
3740.0,0.2,1.4,78.2,34.6,87.0,4.7,6,heavy,trench,excellent,1,0
1910.0,0.91,5.0,85.2,45.7,87.0,4.5,5,heavy,vent,good,1,1
790.0,0.16,6.1000000000000005,64.2,15.7,87.0,2.0,22,compact,plain,poor,0,1
2240.0,0.74,2.8000000000000003,80.60000000000001,15.9,89.0,3.5,17,survey,vent,fair,1,1
770.0,0.27,6.4,68.60000000000001,20.5,83.0,6.6000000000000005,22,survey,plain,fair,1,1
5380.0,0.3,2.4000000000000004,75.2,25.200000000000003,89.0,2.5,9,survey,trench,good,1,0
1030.0,0.38,5.0,64.2,9.2,95.0,1.9,13,survey,plain,good,1,0
4410.0,0.36,2.6,70.10000000000001,28.9,82.0,3.7,23,compact,trench,poor,0,1
1600.0,0.37,2.8000000000000003,69.9,15.2,93.0,3.6,9,compact,ridge,excellent,1,0
3250.0,0.62,1.8,75.5,,87.0,2.8000000000000003,18,compact,vent,good,0,1
970.0,0.16,3.9,62.900000000000006,3.2,87.0,4.9,15,survey,plain,good,1,0
790.0,0.54,4.800000000000001,68.4,44.6,87.0,5.7,10,compact,plain,excellent,0,1
560.0,0.44,7.300000000000001,69.5,7.9,91.0,4.6000000000000005,11,survey,plain,good,1,0
2840.0,0.24,2.5,73.4,24.6,,3.4000000000000004,11,compact,trench,good,0,0
910.0,0.51,4.3,66.10000000000001,16.0,96.0,8.1,16,survey,plain,good,1,0
4130.0,0.06,2.1,74.5,13.5,86.0,6.0,7,heavy,trench,excellent,1,0
4050.0,0.24,2.0,73.60000000000001,22.700000000000003,92.0,3.6,5,survey,trench,excellent,1,0
3530.0,0.44,,81.9,29.9,88.0,6.5,11,heavy,vent,good,1,1
3060.0,0.61,3.2,80.0,18.2,89.0,3.4000000000000004,7,survey,vent,excellent,1,0
1680.0,0.23,2.3000000000000003,71.7,5.800000000000001,96.0,3.9,12,survey,ridge,excellent,1,0
900.0,0.59,4.2,73.10000000000001,18.0,80.0,2.3000000000000003,8,heavy,plain,good,1,0
730.0,0.2,8.0,64.10000000000001,7.4,89.0,1.9,11,compact,plain,excellent,1,0
920.0,0.21,4.4,63.900000000000006,2.2,86.0,,15,survey,plain,fair,1,1
490.0,0.28,10.1,67.5,,90.0,5.2,17,survey,plain,fair,1,1
670.0,0.54,6.5,63.900000000000006,16.1,82.0,7.2,12,compact,plain,good,1,0
3890.0,0.19,1.8,79.0,13.4,85.0,5.6000000000000005,14,heavy,vent,poor,1,1
1640.0,0.29,4.2,75.5,20.9,91.0,1.7000000000000002,11,survey,ridge,good,1,0
890.0,0.28,4.7,64.10000000000001,7.9,93.0,6.300000000000001,12,survey,plain,good,1,0
2910.0,0.07,2.4000000000000004,71.7,20.0,90.0,8.0,10,survey,vent,excellent,1,1
1280.0,0.21,5.0,75.0,16.8,85.0,6.2,11,compact,ridge,excellent,1,0
2230.0,0.35,2.9000000000000004,73.0,36.6,95.0,2.3000000000000003,5,survey,ridge,excellent,1,0
1970.0,0.06,4.4,73.9,9.8,97.0,1.7000000000000002,4,survey,vent,excellent,1,1
4960.0,0.35,0.6000000000000001,77.4,14.5,93.0,4.800000000000001,9,survey,trench,good,1,1
740.0,0.44,6.7,71.60000000000001,11.4,80.0,9.1,11,heavy,plain,fair,1,1
1820.0,0.62,2.3000000000000003,69.3,14.6,88.0,2.4000000000000004,8,survey,ridge,good,1,1
710.0,0.43,5.5,64.7,2.6,86.0,8.5,16,survey,plain,poor,1,0
700.0,0.42,5.9,70.4,17.400000000000002,87.0,9.0,19,survey,plain,good,0,0
2390.0,0.24,1.3,68.4,18.6,89.0,6.5,10,survey,ridge,,0,0
3020.0,0.24,3.4000000000000004,77.0,37.1,90.0,3.5,15,survey,vent,good,1,1
3850.0,0.28,2.2,74.10000000000001,30.9,92.0,4.7,10,survey,trench,excellent,1,0
3730.0,0.05,2.6,,18.6,94.0,3.3000000000000003,8,survey,vent,excellent,1,0
3180.0,0.08,3.4000000000000004,79.2,7.2,83.0,9.5,12,heavy,vent,fair,1,1
830.0,0.12,4.4,63.1,4.5,93.0,3.9,7,compact,plain,excellent,1,0
4100.0,0.25,0.2,79.80000000000001,28.5,83.0,5.9,10,heavy,trench,good,1,1
2440.0,0.36,3.0,78.9,14.8,94.0,1.3,4,survey,vent,excellent,1,0
4580.0,0.27,0.6000000000000001,72.2,15.0,84.0,2.4000000000000004,14,compact,trench,poor,1,1
1140.0,0.84,3.9,76.2,54.3,82.0,4.800000000000001,24,survey,ridge,fair,0,0
3680.0,0.21,1.6,74.5,16.0,90.0,5.800000000000001,16,survey,trench,fair,1,0
2340.0,0.08,4.3,72.5,15.7,94.0,6.0,1,survey,trench,excellent,0,0
450.0,0.22,6.0,65.7,30.8,85.0,1.3,19,survey,plain,fair,0,1
1430.0,0.5,4.2,,28.200000000000003,89.0,0.8,7,compact,ridge,good,1,0
1990.0,1.05,1.5,83.0,18.5,92.0,4.6000000000000005,11,survey,vent,excellent,1,1
3630.0,1.04,2.6,83.80000000000001,35.7,96.0,2.5,14,survey,vent,good,1,1
820.0,0.51,6.5,69.60000000000001,,90.0,6.0,16,survey,plain,fair,0,0
540.0,0.25,7.5,61.0,7.0,90.0,4.0,9,compact,plain,excellent,1,0
1960.0,0.68,,74.5,,85.0,5.6000000000000005,27,survey,ridge,fair,1,0
1410.0,0.41,3.3000000000000003,69.4,18.8,86.0,4.1000000000000005,22,survey,ridge,fair,0,0
550.0,0.34,8.200000000000001,63.8,6.4,89.0,2.7,6,compact,plain,,1,0
2050.0,0.58,3.7,80.80000000000001,30.200000000000003,88.0,7.7,16,survey,vent,fair,1,0
710.0,0.31,6.6000000000000005,63.8,8.9,95.0,1.9,8,survey,plain,excellent,1,0
3000.0,0.6900000000000001,2.3000000000000003,77.4,28.700000000000003,91.0,7.1000000000000005,18,survey,ridge,poor,0,0
790.0,0.8200000000000001,3.4000000000000004,66.60000000000001,30.0,93.0,10.9,4,survey,plain,good,0,0
5810.0,0.53,-0.2,81.80000000000001,20.4,88.0,2.2,4,heavy,trench,good,1,1
410.0,0.62,11.6,66.7,15.8,88.0,3.7,12,compact,plain,fair,1,0
3620.0,0.29,4.5,81.0,45.900000000000006,90.0,8.0,3,heavy,vent,good,1,0
5850.0,0.26,0.7000000000000001,81.30000000000001,38.2,79.0,5.2,20,heavy,trench,fair,1,1
790.0,0.47,7.4,64.8,5.9,82.0,9.5,31,survey,plain,poor,1,1
880.0,0.24,6.2,68.60000000000001,15.8,83.0,3.0,23,survey,plain,fair,0,0
1460.0,0.84,4.4,78.10000000000001,15.4,97.0,2.0,7,survey,ridge,excellent,1,1
1490.0,0.52,2.3000000000000003,65.2,19.6,82.0,3.9,13,compact,ridge,fair,1,1
810.0,0.12,2.9000000000000004,64.9,5.5,89.0,4.9,8,compact,plain,good,1,0
3580.0,0.48,0.5,74.4,23.8,91.0,7.300000000000001,11,survey,trench,good,1,0
2780.0,0.3,4.3,75.9,37.7,94.0,0.9,7,survey,vent,excellent,1,0
2310.0,1.04,5.0,77.60000000000001,39.1,85.0,1.1,8,compact,vent,good,1,1
640.0,0.5,7.4,64.8,9.1,93.0,1.8,4,survey,plain,good,1,0
1990.0,0.66,2.2,77.0,22.5,86.0,1.5,16,survey,ridge,good,0,0
2180.0,0.05,3.4000000000000004,75.10000000000001,12.9,88.0,2.0,14,compact,vent,excellent,1,1
3170.0,0.24,3.1,67.10000000000001,19.5,85.0,1.3,14,compact,vent,fair,0,0
650.0,0.35,5.2,62.0,6.4,94.0,2.6,3,survey,plain,excellent,1,0
760.0,0.15,6.800000000000001,66.7,11.0,89.0,2.1,23,survey,plain,fair,1,0
5570.0,0.32,2.0,81.30000000000001,23.6,88.0,3.1,17,survey,trench,good,1,1
2750.0,0.44,3.1,81.0,25.9,87.0,2.4000000000000004,7,heavy,vent,,1,0
2540.0,0.35,1.9,69.2,46.1,93.0,1.5,1,compact,vent,excellent,0,0
5590.0,0.27,0.5,78.4,46.1,85.0,4.2,6,heavy,trench,excellent,1,1
1270.0,0.37,3.8,74.5,34.5,93.0,3.7,6,survey,ridge,excellent,1,0
540.0,0.6,7.6,64.2,12.0,86.0,1.8,9,compact,plain,good,0,0
1770.0,0.46,3.2,,19.700000000000003,99.0,4.6000000000000005,8,survey,ridge,good,1,0
650.0,0.59,6.4,66.2,11.8,92.0,3.5,6,compact,plain,good,1,0
770.0,0.07,5.4,65.4,16.400000000000002,88.0,4.4,17,survey,plain,good,0,1
2280.0,0.1,2.2,73.8,23.700000000000003,87.0,2.2,2,heavy,ridge,good,1,0
1770.0,0.2,4.0,69.4,17.1,92.0,3.4000000000000004,4,survey,ridge,excellent,1,0
490.0,0.28,7.5,63.1,13.6,81.0,3.4000000000000004,16,compact,plain,poor,1,0
650.0,0.24,7.4,62.5,5.800000000000001,92.0,2.8000000000000003,7,survey,plain,good,1,0
3160.0,0.49,1.7000000000000002,78.10000000000001,21.6,89.0,1.3,16,survey,vent,excellent,1,0
640.0,0.15,5.300000000000001,63.900000000000006,3.6,83.0,2.8000000000000003,19,compact,plain,,1,0
1650.0,0.54,3.5,69.10000000000001,16.7,88.0,1.2000000000000002,5,compact,ridge,excellent,1,0
1690.0,0.53,2.0,69.8,21.0,86.0,3.2,12,compact,ridge,good,1,0
2260.0,0.34,2.9000000000000004,75.2,13.3,83.0,9.5,23,survey,trench,good,1,1
1130.0,0.11,4.2,69.0,10.3,88.0,1.4,13,survey,ridge,excellent,1,0
500.0,0.33,5.9,59.400000000000006,8.3,90.0,0.7000000000000001,6,compact,plain,excellent,1,1
3280.0,0.41,2.5,77.4,28.9,82.0,3.7,29,survey,vent,poor,1,1
820.0,0.35,7.1000000000000005,69.60000000000001,8.0,93.0,3.2,9,survey,plain,excellent,1,0
3990.0,0.25,1.0,74.3,27.8,92.0,4.6000000000000005,12,survey,trench,good,1,0
980.0,0.37,4.6000000000000005,67.0,25.8,90.0,2.6,18,survey,plain,excellent,0,0
730.0,0.23,5.800000000000001,64.8,9.4,94.0,6.9,14,survey,plain,good,1,1
550.0,0.13,6.800000000000001,62.400000000000006,3.1,82.0,11.3,28,compact,plain,fair,1,1
570.0,0.36,9.0,68.7,17.7,82.0,4.4,13,heavy,plain,fair,0,1
560.0,0.28,6.5,63.1,13.5,81.0,6.300000000000001,18,compact,plain,fair,1,0
2390.0,0.21,3.0,73.8,46.8,87.0,5.4,14,survey,trench,fair,1,1
440.0,0.75,9.7,63.0,22.200000000000003,89.0,3.7,5,compact,plain,excellent,0,0
2890.0,0.19,-1.5,72.2,11.4,91.0,3.6,16,survey,trench,good,1,0
2690.0,0.24,1.8,76.10000000000001,21.3,93.0,1.2000000000000002,9,survey,vent,good,1,0
680.0,0.23,6.0,68.5,31.5,82.0,4.4,29,survey,plain,fair,0,0
920.0,0.5700000000000001,6.300000000000001,67.5,23.4,89.0,2.2,9,compact,ridge,excellent,1,0
630.0,0.09,7.7,68.9,2.8000000000000003,85.0,2.1,5,survey,plain,good,1,0
800.0,0.24,6.2,64.60000000000001,31.8,90.0,1.6,9,compact,plain,excellent,0,1
590.0,0.11,5.1000000000000005,60.2,18.8,87.0,4.5,6,compact,plain,good,0,0
810.0,0.46,6.4,65.9,6.2,89.0,2.8000000000000003,9,survey,plain,good,1,0
630.0,0.31,7.2,61.900000000000006,9.0,91.0,2.2,8,compact,plain,good,1,0
1250.0,0.5,5.5,66.0,23.3,85.0,3.0,12,compact,ridge,good,1,0
1520.0,1.0,4.7,75.7,43.1,81.0,4.5,21,compact,ridge,good,1,1
2570.0,0.32,,78.9,20.1,81.0,4.2,8,heavy,vent,excellent,1,0
5300.0,0.27,0.6000000000000001,78.30000000000001,38.5,91.0,0.4,13,survey,trench,good,1,1
1010.0,0.23,4.800000000000001,64.8,6.2,88.0,1.4,3,compact,plain,excellent,1,1
2330.0,0.87,2.7,79.5,14.8,91.0,,9,survey,vent,excellent,1,1
900.0,0.24,5.0,65.5,6.6000000000000005,90.0,9.2,13,survey,plain,good,1,1
460.0,0.44,9.9,65.5,7.300000000000001,83.0,6.9,20,survey,plain,fair,1,0
2280.0,0.23,5.300000000000001,76.10000000000001,19.8,92.0,3.6,13,survey,vent,excellent,1,0
1310.0,0.11,5.1000000000000005,66.8,4.7,83.0,2.9000000000000004,10,heavy,plain,good,1,0
750.0,0.23,4.4,70.2,4.0,94.0,1.4,9,survey,plain,excellent,1,0
2340.0,0.38,4.800000000000001,76.3,15.4,88.0,7.9,11,heavy,ridge,fair,1,0
1600.0,0.41,2.6,81.4,23.3,85.0,1.4,5,heavy,ridge,,1,0
660.0,0.63,3.6,68.3,15.7,91.0,1.6,3,survey,plain,excellent,1,1
630.0,0.39,8.200000000000001,72.0,12.6,87.0,4.4,16,survey,plain,excellent,1,0
3950.0,0.53,1.4,75.5,30.1,90.0,9.8,16,survey,trench,excellent,0,1
1410.0,0.8300000000000001,3.5,79.4,22.4,89.0,5.9,9,survey,ridge,good,1,0
4350.0,0.74,1.9,85.5,37.4,84.0,8.6,7,heavy,vent,good,1,1
4490.0,0.23,2.2,,27.0,88.0,5.4,4,heavy,trench,excellent,1,0
610.0,0.45,7.5,67.0,8.8,80.0,10.4,37,survey,plain,poor,1,1
4160.0,0.4,1.2000000000000002,79.10000000000001,30.700000000000003,88.0,11.6,8,heavy,trench,good,1,0
3110.0,0.59,2.2,,33.1,89.0,3.6,17,survey,vent,good,0,0
610.0,0.33,,64.9,12.5,90.0,5.0,7,survey,plain,excellent,1,0
750.0,0.06,5.2,72.2,6.4,88.0,3.1,2,heavy,plain,excellent,1,1
2210.0,0.35,2.8000000000000003,73.0,21.0,88.0,4.7,8,heavy,ridge,excellent,0,0
2080.0,0.87,3.0,78.9,27.4,85.0,5.5,32,survey,vent,poor,1,1
4460.0,0.05,1.0,73.10000000000001,12.5,94.0,8.6,10,survey,trench,good,1,1
810.0,0.45,5.5,66.5,6.2,89.0,3.7,20,survey,plain,excellent,1,0
1170.0,0.56,2.8000000000000003,71.0,18.3,94.0,2.6,6,survey,ridge,excellent,1,0
5100.0,0.66,1.3,90.7,37.2,80.0,9.8,13,heavy,vent,good,1,1
350.0,0.13,8.9,64.5,6.1000000000000005,86.0,1.5,9,compact,plain,good,1,0
2050.0,0.3,-0.1,72.0,55.400000000000006,83.0,11.6,37,survey,ridge,poor,0,1
1620.0,0.4,3.5,70.0,13.0,86.0,1.9,10,compact,ridge,good,1,0
1770.0,0.43,3.1,76.2,23.5,93.0,2.8000000000000003,14,survey,ridge,good,1,1
3840.0,0.11,2.3000000000000003,73.7,9.8,90.0,6.4,7,survey,trench,good,1,0
980.0,0.18,6.300000000000001,61.900000000000006,5.4,91.0,4.1000000000000005,15,survey,plain,excellent,1,0
750.0,0.13,6.6000000000000005,62.7,8.200000000000001,91.0,4.4,6,compact,plain,good,0,0
1270.0,0.25,2.3000000000000003,74.3,20.4,89.0,4.7,21,survey,ridge,fair,1,0
2500.0,0.61,3.2,80.5,38.2,96.0,6.5,14,survey,vent,excellent,0,0
1290.0,0.81,4.5,77.9,42.1,89.0,7.9,16,survey,ridge,good,1,0
520.0,0.22,11.0,61.2,6.2,93.0,4.0,4,compact,plain,excellent,1,0
650.0,0.48,6.2,66.8,2.1,88.0,2.5,7,compact,plain,excellent,1,0
5470.0,0.22,1.5,75.2,20.6,81.0,10.5,29,survey,trench,,0,1
5740.0,0.39,2.2,75.8,20.4,88.0,4.7,17,survey,trench,fair,1,1
2130.0,0.29,2.8000000000000003,77.80000000000001,9.8,86.0,3.4000000000000004,24,survey,ridge,good,1,0
1930.0,0.58,4.5,75.8,54.6,,5.6000000000000005,13,compact,vent,fair,0,0
800.0,0.09,7.300000000000001,64.0,3.9,95.0,6.6000000000000005,1,survey,plain,excellent,1,0
3300.0,0.33,2.6,82.2,17.3,76.0,26.4,24,heavy,vent,poor,1,1
590.0,0.39,6.9,67.9,3.6,88.0,3.9,11,survey,plain,excellent,1,0
630.0,0.14,8.200000000000001,62.2,4.1000000000000005,85.0,1.8,14,compact,plain,fair,1,0
1100.0,0.11,6.2,72.60000000000001,11.8,89.0,8.0,8,heavy,plain,fair,1,1
700.0,0.16,6.4,58.900000000000006,26.200000000000003,86.0,8.200000000000001,31,survey,plain,fair,0,1
5470.0,0.26,2.3000000000000003,79.60000000000001,8.6,89.0,3.4000000000000004,3,heavy,trench,fair,1,1
760.0,0.22,5.2,71.0,14.2,85.0,8.1,9,heavy,plain,excellent,1,1
1970.0,0.8,1.9,72.10000000000001,34.300000000000004,85.0,3.0,18,compact,ridge,good,1,0
530.0,0.11,5.7,60.400000000000006,6.5,88.0,3.8,16,compact,plain,good,1,0
3490.0,0.76,3.0,84.80000000000001,21.4,90.0,5.7,10,heavy,vent,good,1,1
920.0,0.08,5.1000000000000005,69.7,6.1000000000000005,89.0,7.4,17,survey,plain,fair,1,1
660.0,0.1,7.300000000000001,62.1,5.9,92.0,4.2,10,compact,plain,good,1,0
540.0,0.25,7.7,60.900000000000006,19.1,94.0,3.0,3,compact,plain,good,0,1
2790.0,0.37,2.1,76.80000000000001,44.400000000000006,87.0,2.6,21,survey,vent,good,0,0
2360.0,0.49,1.3,72.2,34.5,86.0,5.6000000000000005,2,heavy,ridge,excellent,1,0
1160.0,0.49,3.7,68.5,7.300000000000001,91.0,5.300000000000001,5,heavy,plain,good,1,0
720.0,0.51,5.300000000000001,66.5,8.8,90.0,3.7,10,compact,plain,good,1,0
1050.0,0.05,5.5,70.10000000000001,10.1,88.0,5.300000000000001,0,heavy,plain,excellent,1,1
1550.0,1.47,3.1,80.7,33.9,95.0,3.5,5,survey,ridge,excellent,1,1
600.0,0.15,6.0,63.2,3.3000000000000003,83.0,7.6,10,compact,plain,good,1,0
3960.0,0.5700000000000001,2.5,78.30000000000001,64.2,88.0,5.7,13,survey,trench,excellent,1,1
1500.0,0.44,3.4000000000000004,70.5,20.9,96.0,3.4000000000000004,9,survey,ridge,good,1,0
4510.0,0.27,1.7000000000000002,72.2,25.0,86.0,1.8,17,survey,trench,good,1,1
980.0,0.71,3.8,75.0,44.0,87.0,5.300000000000001,6,compact,ridge,excellent,1,0
620.0,0.53,5.6000000000000005,63.7,46.8,90.0,2.7,8,compact,plain,good,0,0
5490.0,0.03,1.0,74.60000000000001,23.3,80.0,10.4,14,heavy,trench,fair,1,1
690.0,1.03,8.5,69.0,19.3,79.0,2.2,23,compact,plain,fair,1,1
540.0,0.14,7.6,60.400000000000006,2.8000000000000003,90.0,3.1,15,compact,plain,fair,1,0
4460.0,0.41,0.5,84.30000000000001,37.6,85.0,5.4,17,heavy,trench,fair,1,0
1410.0,0.28,3.7,66.2,11.0,89.0,4.4,4,compact,ridge,excellent,1,1
5200.0,0.21,0.0,75.3,25.3,84.0,7.4,23,survey,trench,good,1,1
770.0,0.07,6.0,64.8,8.700000000000001,84.0,7.2,24,survey,plain,fair,0,0
880.0,0.26,4.1000000000000005,66.8,10.3,91.0,6.300000000000001,13,survey,plain,good,1,1
3170.0,0.11,0.2,72.9,11.0,92.0,4.1000000000000005,2,survey,trench,excellent,1,0
620.0,0.14,6.9,64.3,6.0,86.0,3.7,18,compact,plain,good,1,0
520.0,0.49,6.800000000000001,67.0,12.7,84.0,8.0,35,survey,plain,fair,1,0
2090.0,0.88,1.4,82.80000000000001,26.1,91.0,4.0,6,heavy,ridge,excellent,0,1
,0.25,5.0,69.9,10.0,91.0,,7,compact,ridge,excellent,1,0
1620.0,1.7,3.7,79.10000000000001,40.0,91.0,1.5,12,survey,ridge,good,1,1
480.0,0.37,7.2,61.2,10.0,84.0,7.300000000000001,12,compact,plain,good,1,0
450.0,0.12,7.800000000000001,62.3,7.2,85.0,3.1,9,compact,plain,excellent,1,0
3920.0,0.51,1.8,82.60000000000001,3.5,86.0,3.7,4,heavy,trench,good,1,0
790.0,0.43,3.9,64.4,12.7,90.0,2.9000000000000004,9,compact,plain,excellent,1,0
3410.0,1.06,1.6,79.80000000000001,47.8,90.0,3.3000000000000003,23,survey,vent,good,1,1
2190.0,0.27,3.2,74.2,16.1,85.0,4.1000000000000005,5,heavy,ridge,good,1,0
1450.0,0.46,3.7,75.3,20.8,93.0,5.0,10,survey,ridge,good,1,0
2990.0,0.99,4.0,82.9,,84.0,6.7,12,survey,vent,good,1,1
2490.0,0.59,1.4,75.8,38.0,85.0,1.9,22,survey,vent,fair,1,0
710.0,0.28,6.9,62.7,18.7,91.0,1.3,6,compact,plain,fair,1,0
2380.0,0.38,1.2000000000000002,75.8,33.4,91.0,2.4000000000000004,17,survey,vent,fair,1,0
4610.0,0.34,1.6,78.10000000000001,28.4,85.0,18.2,29,survey,trench,poor,0,1
450.0,0.32,,60.6,6.7,86.0,3.1,8,compact,plain,excellent,1,0
870.0,0.19,5.5,66.60000000000001,5.4,81.0,6.5,11,heavy,plain,good,1,0
890.0,0.16,3.5,62.2,19.3,93.0,7.0,10,survey,plain,excellent,0,1
1600.0,0.16,4.9,70.60000000000001,15.2,90.0,2.2,24,survey,ridge,fair,1,0
2550.0,0.38,2.2,77.80000000000001,25.8,90.0,6.1000000000000005,7,survey,vent,excellent,1,0
3540.0,0.22,3.2,77.7,30.0,82.0,7.1000000000000005,4,heavy,vent,excellent,1,0
4920.0,0.31,4.2,75.4,8.3,87.0,18.2,24,survey,trench,poor,1,1
1520.0,0.2,2.9000000000000004,64.2,5.5,81.0,2.3000000000000003,12,compact,ridge,fair,1,0
1910.0,0.53,3.5,70.9,22.700000000000003,89.0,2.2,24,survey,ridge,fair,1,0
2600.0,0.2,3.5,77.0,24.3,94.0,3.4000000000000004,8,survey,vent,excellent,1,0
1280.0,0.19,4.9,63.2,13.2,95.0,2.0,6,survey,plain,excellent,0,0
2190.0,0.39,1.4,74.60000000000001,14.3,84.0,13.9,17,heavy,ridge,fair,1,0
2260.0,0.52,3.5,80.2,30.8,85.0,2.5,6,heavy,ridge,good,1,0
2440.0,0.52,,77.60000000000001,10.8,90.0,4.2,1,heavy,ridge,excellent,1,0
550.0,0.17,5.6000000000000005,69.2,12.3,87.0,4.800000000000001,7,survey,plain,excellent,1,0
3840.0,0.27,5.0,75.8,20.4,91.0,7.0,14,survey,trench,excellent,1,1
4280.0,0.38,2.2,72.2,64.0,94.0,1.3,8,survey,trench,excellent,0,1
1850.0,0.63,4.2,80.10000000000001,26.6,97.0,6.800000000000001,5,survey,vent,good,1,0
2830.0,0.42,3.8,83.4,19.5,86.0,1.0,6,heavy,vent,excellent,1,0
780.0,0.16,5.2,67.5,7.6,95.0,4.7,7,survey,plain,good,1,0
780.0,0.26,7.4,63.7,3.1,81.0,4.3,31,compact,plain,poor,1,0
400.0,0.27,9.7,59.7,12.9,,2.2,5,compact,plain,,0,0
2370.0,1.17,2.4000000000000004,80.0,28.700000000000003,90.0,6.9,18,survey,ridge,fair,0,1
1430.0,1.3,4.5,72.7,38.900000000000006,89.0,2.8000000000000003,13,survey,ridge,good,1,1
2760.0,0.54,3.1,78.30000000000001,27.4,93.0,3.9,5,survey,vent,excellent,1,0
590.0,0.5,5.0,67.10000000000001,14.6,,3.1,9,survey,plain,excellent,1,0
850.0,0.31,4.800000000000001,69.5,15.2,84.0,1.1,26,survey,plain,fair,1,0
1400.0,0.65,2.6,65.3,18.5,84.0,3.6,17,compact,ridge,fair,1,0
4590.0,0.42,2.1,76.80000000000001,25.6,95.0,1.3,3,survey,trench,good,1,0
2770.0,0.19,1.7000000000000002,73.7,7.7,94.0,1.3,7,survey,trench,,1,0
630.0,0.28,7.6,65.8,8.8,,3.6,5,compact,plain,good,1,0
1020.0,0.34,5.2,66.8,11.4,87.0,3.5,15,compact,plain,excellent,1,0
660.0,0.07,7.6,59.8,23.8,89.0,4.1000000000000005,8,compact,plain,excellent,0,0
1530.0,0.12,3.1,66.10000000000001,12.1,89.0,7.5,22,survey,ridge,good,1,0
1660.0,1.3,3.3000000000000003,76.5,14.0,91.0,5.0,11,survey,ridge,good,0,1
2150.0,0.2,5.0,70.2,13.1,84.0,2.4000000000000004,21,compact,vent,fair,1,0
410.0,0.5700000000000001,7.1000000000000005,,15.2,91.0,1.7000000000000002,7,compact,plain,good,0,0
620.0,0.3,5.6000000000000005,64.9,13.8,83.0,2.3000000000000003,23,compact,plain,good,1,0
3930.0,0.35,1.8,69.2,14.2,86.0,1.5,2,compact,trench,,1,1
2240.0,0.91,2.8000000000000003,77.60000000000001,61.1,85.0,6.2,16,survey,ridge,excellent,1,1
560.0,0.18,6.800000000000001,62.900000000000006,12.4,86.0,13.0,24,survey,plain,good,0,1
,0.93,3.0,75.7,36.9,93.0,2.4000000000000004,9,survey,ridge,excellent,1,0
2110.0,0.53,3.9,66.10000000000001,19.9,82.0,8.8,28,survey,ridge,fair,1,1
3540.0,0.29,0.6000000000000001,71.4,24.1,85.0,7.7,14,survey,trench,,1,0
1860.0,0.78,4.0,79.80000000000001,24.200000000000003,94.0,2.1,5,survey,ridge,excellent,1,0
3460.0,0.41,1.8,79.2,12.2,84.0,10.1,10,heavy,trench,fair,1,1
1330.0,0.27,3.7,67.10000000000001,10.3,87.0,1.8,7,compact,ridge,fair,0,0
1600.0,1.39,5.5,82.10000000000001,37.8,87.0,8.6,24,survey,ridge,good,0,1
1160.0,0.5,3.9,68.9,17.900000000000002,89.0,2.7,10,survey,ridge,excellent,1,0
540.0,0.29,7.7,60.5,4.9,84.0,8.4,21,compact,plain,fair,1,0
570.0,0.09,8.5,59.3,5.9,87.0,2.1,6,compact,plain,good,1,0
890.0,0.34,4.2,65.8,10.6,84.0,9.7,28,survey,plain,poor,1,0
1960.0,0.34,3.1,74.5,32.800000000000004,96.0,2.4000000000000004,6,survey,vent,excellent,0,0
590.0,0.37,6.1000000000000005,67.0,5.6000000000000005,87.0,3.5,23,survey,plain,good,0,0
590.0,0.28,5.9,67.5,9.8,79.0,3.1,24,heavy,plain,poor,0,1
1610.0,0.13,3.3000000000000003,75.3,15.8,89.0,5.1000000000000005,7,heavy,ridge,excellent,1,1
760.0,0.8,4.1000000000000005,64.60000000000001,10.8,89.0,1.7000000000000002,2,compact,plain,good,1,0
700.0,0.33,6.1000000000000005,65.7,8.4,83.0,15.0,32,survey,plain,poor,1,0
1710.0,0.38,2.3000000000000003,71.10000000000001,21.700000000000003,78.0,3.7,32,compact,ridge,poor,0,0
3660.0,0.76,5.0,84.5,38.400000000000006,93.0,3.1,8,survey,vent,good,1,1
1550.0,0.53,3.5,75.4,42.6,90.0,1.1,4,heavy,ridge,excellent,1,0
910.0,0.45,4.1000000000000005,66.60000000000001,8.3,92.0,4.2,18,survey,plain,good,1,0
1190.0,0.22,3.3000000000000003,67.9,4.9,94.0,2.3000000000000003,7,survey,ridge,good,1,0
950.0,0.3,3.1,62.6,8.6,90.0,11.2,20,survey,plain,good,1,0
920.0,0.43,5.9,65.7,7.5,86.0,4.5,13,compact,ridge,fair,1,0
720.0,0.06,6.4,65.5,,90.0,2.6,8,compact,plain,excellent,1,0
4490.0,0.33,0.4,76.10000000000001,26.3,90.0,1.4,8,survey,trench,good,1,0
4580.0,0.7000000000000001,1.0,79.7,25.6,96.0,4.6000000000000005,11,survey,trench,excellent,1,1
1450.0,0.31,3.3000000000000003,70.5,21.3,88.0,2.3000000000000003,15,survey,plain,fair,0,0
4270.0,0.2,0.8,77.80000000000001,36.7,83.0,5.2,3,heavy,trench,excellent,0,1
1610.0,0.59,2.5,,48.400000000000006,90.0,3.9,5,survey,vent,excellent,1,0
2660.0,1.1,4.6000000000000005,81.2,29.5,94.0,2.2,9,survey,vent,good,1,1
1650.0,0.68,3.9,77.2,11.7,89.0,5.5,18,survey,ridge,excellent,1,0
4310.0,0.02,0.6000000000000001,70.10000000000001,11.1,84.0,6.4,17,survey,trench,good,1,1
570.0,0.85,6.6000000000000005,69.3,18.8,88.0,5.2,6,compact,plain,good,1,0
3960.0,0.16,2.7,79.80000000000001,16.5,89.0,0.2,1,heavy,trench,excellent,1,0
1610.0,0.17,3.3000000000000003,66.10000000000001,11.5,93.0,1.9,4,survey,ridge,excellent,0,0
3740.0,0.37,3.5,75.8,45.1,89.0,4.800000000000001,10,survey,trench,excellent,1,1
780.0,0.43,8.0,59.6,10.8,91.0,5.300000000000001,7,compact,plain,excellent,1,0
1490.0,0.91,2.8000000000000003,75.0,25.1,96.0,2.2,4,survey,ridge,excellent,1,0
2170.0,1.06,1.1,84.5,31.3,91.0,2.8000000000000003,16,survey,vent,good,1,1
670.0,0.22,6.7,64.8,8.3,95.0,3.6,6,survey,plain,excellent,1,0
2290.0,0.68,4.3,77.0,51.1,92.0,4.5,17,survey,vent,fair,1,0
1060.0,0.17,6.1000000000000005,73.0,4.7,85.0,3.9,9,heavy,plain,excellent,1,1
330.0,0.31,9.2,61.2,7.300000000000001,86.0,10.0,19,compact,plain,good,1,1
4620.0,0.3,1.1,77.10000000000001,36.5,93.0,4.6000000000000005,9,survey,trench,excellent,1,0
4400.0,0.26,1.2000000000000002,69.7,46.2,86.0,2.4000000000000004,11,compact,trench,good,1,1
1170.0,0.16,,67.2,4.9,94.0,2.1,13,survey,plain,good,1,0
630.0,0.28,7.0,67.4,5.5,90.0,4.0,13,survey,plain,excellent,1,0
2090.0,0.14,1.9,69.3,13.5,88.0,2.4000000000000004,19,survey,ridge,good,1,0
560.0,0.23,5.2,65.10000000000001,3.2,87.0,4.7,24,survey,plain,good,1,0
840.0,1.01,5.1000000000000005,73.5,25.1,90.0,5.800000000000001,13,survey,plain,excellent,1,1
540.0,0.29,7.6,60.5,7.5,89.0,6.2,9,compact,plain,good,1,0
730.0,0.34,5.9,68.7,10.0,88.0,3.9,21,survey,plain,good,1,0
5550.0,0.36,0.1,80.10000000000001,22.200000000000003,82.0,3.7,7,heavy,trench,excellent,1,1
4110.0,0.02,0.3,74.5,56.0,92.0,3.8,10,survey,trench,excellent,1,0
800.0,0.25,5.5,68.60000000000001,24.3,83.0,7.9,24,survey,plain,fair,0,0
720.0,0.21,6.9,65.9,5.800000000000001,89.0,7.5,20,survey,plain,good,1,0
1380.0,0.41,3.3000000000000003,72.3,13.0,86.0,1.1,13,compact,ridge,good,1,0
470.0,0.15,6.6000000000000005,67.2,2.9000000000000004,75.0,4.6000000000000005,41,survey,plain,poor,1,1
1890.0,1.0,3.3000000000000003,74.9,66.9,85.0,2.0,6,compact,ridge,good,1,1
800.0,0.52,7.5,65.8,13.5,95.0,1.3,8,survey,plain,excellent,1,0
720.0,0.12,7.6,65.10000000000001,3.3000000000000003,90.0,1.6,15,survey,plain,good,1,0
460.0,0.71,7.300000000000001,65.9,5.9,83.0,2.1,13,compact,plain,excellent,1,0
510.0,0.21,6.800000000000001,72.4,5.4,84.0,7.0,24,survey,plain,poor,1,0
2270.0,0.24,2.3000000000000003,74.0,14.3,84.0,5.4,30,survey,vent,poor,1,0
650.0,0.8200000000000001,5.5,70.10000000000001,6.7,86.0,10.5,10,survey,plain,good,1,0
810.0,0.34,7.7,58.3,6.300000000000001,86.0,2.1,16,compact,plain,good,1,0
1560.0,0.18,2.3000000000000003,67.2,21.4,87.0,2.5,4,compact,ridge,excellent,1,0
3410.0,0.5700000000000001,3.4000000000000004,82.5,41.3,79.0,1.6,12,heavy,vent,good,0,1
1950.0,1.74,1.2000000000000002,84.0,60.6,87.0,2.2,8,survey,ridge,excellent,0,1
2620.0,0.12,2.4000000000000004,80.30000000000001,17.6,84.0,4.4,14,heavy,vent,excellent,0,0
940.0,0.28,7.6,64.9,20.6,89.0,0.9,1,compact,ridge,excellent,1,0
3350.0,0.05,1.4,67.60000000000001,17.7,80.0,4.2,30,compact,trench,poor,1,0
4480.0,0.51,2.8000000000000003,77.80000000000001,10.3,88.0,7.6,7,heavy,trench,excellent,1,1
2400.0,0.65,2.5,75.5,56.3,90.0,1.8,19,survey,vent,good,1,0
540.0,0.29,8.8,62.900000000000006,4.9,90.0,2.8000000000000003,14,compact,plain,good,1,0
2020.0,1.02,2.3000000000000003,77.80000000000001,35.5,86.0,3.1,14,survey,ridge,excellent,1,1
790.0,0.04,8.4,62.0,6.800000000000001,85.0,6.800000000000001,29,survey,plain,poor,1,0
650.0,0.27,5.4,64.4,17.3,82.0,,17,compact,plain,good,0,0
1290.0,0.2,2.3000000000000003,71.0,12.0,93.0,3.0,19,survey,ridge,fair,1,0
1960.0,0.84,2.8000000000000003,74.2,24.9,,2.9000000000000004,5,compact,ridge,excellent,1,1
2320.0,0.32,0.1,67.7,23.3,84.0,7.300000000000001,23,compact,trench,fair,1,1
560.0,0.24,6.800000000000001,60.3,18.8,87.0,4.6000000000000005,17,compact,plain,fair,0,0
760.0,0.21,5.4,60.900000000000006,7.9,90.0,4.0,10,compact,plain,fair,1,0
1940.0,0.52,2.3000000000000003,70.4,25.700000000000003,86.0,2.5,6,compact,vent,fair,1,0
1450.0,0.07,2.4000000000000004,61.0,6.4,85.0,1.8,3,compact,ridge,good,1,0
4310.0,0.61,2.4000000000000004,77.60000000000001,26.5,84.0,6.2,10,heavy,trench,good,1,1
2510.0,0.7000000000000001,1.5,82.10000000000001,31.3,88.0,8.4,3,heavy,vent,fair,1,1
1530.0,0.22,4.0,69.60000000000001,5.9,99.0,5.0,1,survey,ridge,excellent,1,0
710.0,0.3,6.300000000000001,66.2,13.1,85.0,2.0,27,survey,plain,fair,0,0
730.0,0.34,6.4,65.8,5.2,87.0,1.2000000000000002,7,compact,plain,excellent,1,0
810.0,0.13,5.300000000000001,64.7,12.9,,1.9,6,survey,plain,good,0,1
4080.0,0.4,1.2000000000000002,79.60000000000001,29.6,89.0,13.2,7,heavy,trench,good,0,1
1640.0,0.32,4.1000000000000005,80.0,24.0,83.0,10.6,10,heavy,ridge,good,0,1
2710.0,0.18,1.1,73.9,23.700000000000003,93.0,5.0,10,survey,trench,excellent,1,0
1180.0,0.53,2.9000000000000004,71.7,35.800000000000004,81.0,3.2,15,compact,ridge,good,1,0
6260.0,0.6900000000000001,0.8,80.0,43.3,91.0,3.0,7,survey,trench,good,1,1
2650.0,0.16,2.3000000000000003,77.80000000000001,18.5,89.0,3.0,2,heavy,vent,excellent,1,0
2020.0,0.64,3.5,73.60000000000001,55.1,89.0,11.5,14,survey,ridge,good,0,0
660.0,0.3,7.5,63.400000000000006,6.9,79.0,5.300000000000001,25,compact,plain,good,1,0
470.0,0.5700000000000001,7.4,66.8,15.4,86.0,6.0,11,compact,plain,good,1,0
4350.0,0.21,1.0,72.8,22.8,93.0,4.5,6,survey,trench,good,1,0
1030.0,0.13,3.4000000000000004,64.7,18.2,89.0,6.5,21,survey,plain,good,0,0
2180.0,0.43,2.9000000000000004,76.9,8.200000000000001,87.0,,24,survey,vent,fair,1,0
1250.0,0.45,4.4,71.4,16.400000000000002,91.0,0.8,4,compact,ridge,excellent,1,0
1100.0,0.47,5.6000000000000005,64.10000000000001,27.8,89.0,4.4,12,survey,plain,good,1,0
4070.0,0.11,1.0,,23.0,82.0,7.0,23,survey,trench,excellent,1,1
1280.0,0.5,3.9,69.9,20.700000000000003,85.0,3.8,23,survey,ridge,good,1,0
2180.0,0.67,3.6,82.5,46.400000000000006,89.0,5.6000000000000005,17,survey,vent,fair,1,0
5480.0,0.24,1.4,79.4,36.3,78.0,18.5,23,heavy,trench,,1,1
930.0,0.15,6.1000000000000005,61.1,3.9,87.0,3.1,8,compact,plain,excellent,1,0
760.0,0.25,5.800000000000001,63.5,8.200000000000001,80.0,4.6000000000000005,20,compact,plain,fair,1,0
690.0,0.24,4.7,,5.1000000000000005,86.0,5.2,20,survey,plain,excellent,1,0
2990.0,0.92,3.4000000000000004,83.5,48.400000000000006,85.0,4.2,5,heavy,vent,excellent,1,1
1340.0,0.35,3.3000000000000003,73.0,5.0,86.0,6.800000000000001,9,survey,ridge,excellent,1,0
640.0,0.2,7.5,62.1,5.800000000000001,84.0,6.300000000000001,19,compact,plain,fair,1,0
4620.0,0.53,1.7000000000000002,70.60000000000001,79.2,92.0,4.0,13,survey,trench,good,0,1
4550.0,0.54,3.0,78.60000000000001,57.900000000000006,95.0,2.1,4,survey,trench,excellent,1,1
4150.0,0.49,2.8000000000000003,82.7,21.5,80.0,3.3000000000000003,10,heavy,trench,good,1,1
410.0,0.15,7.5,61.1,6.7,92.0,1.2000000000000002,5,compact,plain,excellent,1,0
1420.0,1.31,2.5,82.30000000000001,73.2,88.0,7.5,12,survey,ridge,excellent,1,1
2040.0,0.11,4.0,70.3,10.7,88.0,3.2,6,compact,vent,fair,1,0
900.0,0.81,5.300000000000001,71.60000000000001,8.9,87.0,2.2,26,survey,plain,good,1,0
4830.0,0.37,3.0,81.9,14.2,91.0,2.4000000000000004,4,heavy,trench,good,1,1
3460.0,0.33,2.2,73.0,36.7,86.0,2.4000000000000004,23,survey,trench,fair,0,0
720.0,0.14,3.5,65.10000000000001,25.8,83.0,3.0,19,compact,plain,good,0,0
870.0,0.37,5.1000000000000005,70.8,18.9,92.0,3.0,16,survey,plain,good,0,0
590.0,0.61,8.700000000000001,66.5,12.3,86.0,2.0,8,compact,plain,good,1,0
1140.0,0.07,5.0,74.0,12.0,94.0,5.0,6,survey,ridge,excellent,1,1
1400.0,0.98,2.6,72.9,,89.0,3.8,5,compact,ridge,good,1,0
1420.0,0.14,2.7,71.10000000000001,8.8,91.0,1.7000000000000002,5,survey,ridge,excellent,1,0
900.0,0.46,4.800000000000001,68.7,25.5,85.0,4.7,30,survey,plain,good,0,0
630.0,0.25,9.1,70.10000000000001,9.1,80.0,15.9,12,heavy,plain,fair,1,1
1700.0,0.44,2.8000000000000003,77.9,50.3,80.0,4.4,12,heavy,ridge,good,1,0
1720.0,0.27,2.7,67.10000000000001,5.1000000000000005,75.0,25.0,55,survey,ridge,poor,1,0
740.0,0.61,8.3,65.4,17.3,93.0,1.5,6,compact,plain,excellent,0,0
640.0,0.18,,67.9,5.6000000000000005,93.0,5.7,11,survey,plain,excellent,1,1
5060.0,0.39,2.6,75.7,8.200000000000001,93.0,10.9,10,survey,trench,excellent,1,1
950.0,0.35,5.300000000000001,69.8,26.9,89.0,3.5,15,survey,plain,good,0,0
700.0,0.14,6.2,63.7,7.0,98.0,4.5,6,survey,plain,excellent,1,0
1810.0,1.11,2.9000000000000004,78.4,25.200000000000003,86.0,3.1,8,compact,ridge,good,1,1
820.0,0.8300000000000001,4.2,66.10000000000001,22.3,93.0,3.2,6,compact,plain,good,1,0
1640.0,1.27,4.4,83.2,115.8,84.0,2.3000000000000003,4,heavy,ridge,good,1,1
600.0,0.56,6.800000000000001,62.6,15.5,89.0,3.5,20,survey,plain,good,1,0
5740.0,0.31,1.1,77.7,28.1,86.0,3.2,8,heavy,trench,excellent,1,1
720.0,0.41,5.0,62.900000000000006,6.300000000000001,89.0,2.1,11,compact,plain,good,1,0
1460.0,0.61,1.7000000000000002,72.2,11.4,89.0,4.7,9,compact,ridge,excellent,1,0
620.0,0.36,6.800000000000001,72.10000000000001,15.6,88.0,1.5,9,heavy,plain,good,1,1
,0.6900000000000001,1.1,82.2,26.700000000000003,84.0,11.3,10,heavy,trench,good,1,1
3230.0,0.29,-0.2,73.60000000000001,28.9,90.0,7.2,10,survey,trench,good,1,0
3400.0,0.18,3.1,73.4,29.8,90.0,2.8000000000000003,17,survey,trench,excellent,1,0
1750.0,0.71,4.0,73.10000000000001,41.3,92.0,5.1000000000000005,13,survey,ridge,good,1,0
2000.0,0.52,3.7,80.0,21.0,86.0,5.7,8,heavy,vent,good,1,0
5370.0,0.13,-0.5,78.10000000000001,29.0,88.0,3.6,3,heavy,trench,excellent,1,0
700.0,0.15,6.2,64.3,2.4000000000000004,86.0,3.1,3,compact,plain,good,1,0
4160.0,0.48,2.9000000000000004,79.2,24.1,92.0,4.0,21,survey,vent,,1,0
1350.0,0.43,3.8,70.60000000000001,9.1,95.0,3.5,10,survey,ridge,excellent,1,0
1640.0,0.56,3.6,69.3,19.0,85.0,6.9,16,survey,ridge,good,1,0
880.0,0.47,4.9,,17.3,93.0,0.3,10,survey,plain,excellent,0,1
300.0,0.15,8.6,61.0,15.4,85.0,3.6,14,compact,plain,good,0,0
1190.0,0.24,3.4000000000000004,69.3,8.4,89.0,0.7000000000000001,14,survey,plain,good,1,0
3370.0,0.12,2.8000000000000003,72.9,10.8,92.0,5.9,9,survey,trench,excellent,0,0
570.0,0.06,8.700000000000001,61.900000000000006,20.1,90.0,1.4,12,survey,plain,good,0,1
3600.0,0.33,1.7000000000000002,77.2,24.1,85.0,5.9,14,survey,vent,,1,0
3720.0,0.12,1.0,71.5,18.0,90.0,2.1,5,survey,trench,excellent,0,0
660.0,0.25,8.3,65.7,2.8000000000000003,90.0,3.4000000000000004,13,survey,plain,excellent,1,0
3420.0,0.11,3.3000000000000003,69.3,16.8,83.0,8.6,27,survey,trench,,1,0
1020.0,0.47,2.8000000000000003,68.10000000000001,13.7,84.0,2.5,12,compact,ridge,good,1,0
540.0,0.1,6.7,61.0,13.1,87.0,3.1,19,compact,plain,fair,0,0
1620.0,0.42,4.1000000000000005,66.3,16.7,93.0,2.9000000000000004,5,compact,ridge,excellent,1,0
870.0,0.05,8.200000000000001,63.5,7.2,92.0,8.9,13,survey,plain,good,0,1
1530.0,0.34,2.7,72.4,15.7,86.0,7.9,33,survey,ridge,poor,1,0
550.0,0.34,5.800000000000001,71.4,10.4,88.0,8.0,25,survey,plain,fair,0,0
880.0,0.29,4.5,62.6,15.8,91.0,2.2,9,survey,plain,excellent,0,0
1950.0,0.49,1.8,74.8,13.8,93.0,2.4000000000000004,9,survey,ridge,good,1,0
1770.0,0.39,4.9,68.9,7.6,85.0,3.0,15,compact,ridge,fair,1,0
1510.0,1.05,4.6000000000000005,74.3,26.6,92.0,5.300000000000001,10,compact,ridge,excellent,1,1
3910.0,0.85,3.2,85.30000000000001,73.5,85.0,3.8,12,heavy,trench,excellent,1,1
2000.0,0.51,3.0,71.9,33.7,84.0,3.8,18,compact,vent,good,1,0
810.0,0.36,3.4000000000000004,71.3,44.400000000000006,79.0,4.0,39,survey,plain,poor,0,1
920.0,0.14,7.1000000000000005,68.3,8.1,82.0,1.8,15,heavy,plain,good,1,0
1400.0,0.72,4.0,73.7,47.5,92.0,6.1000000000000005,15,survey,ridge,good,0,0
2340.0,0.9,2.8000000000000003,77.4,45.0,91.0,7.0,19,survey,ridge,good,1,1
4570.0,0.37,1.9,85.80000000000001,32.4,,7.0,13,heavy,trench,good,1,1
1830.0,0.61,,74.8,45.1,90.0,5.2,4,survey,ridge,excellent,1,0
2220.0,0.32,1.7000000000000002,74.0,24.1,89.0,2.5,2,heavy,ridge,excellent,1,0
4810.0,0.35,1.3,73.8,14.2,88.0,8.9,20,survey,trench,good,1,1
1450.0,0.4,3.8,67.9,8.5,92.0,1.9,5,survey,ridge,excellent,1,0
980.0,0.58,7.7,71.0,11.3,87.0,4.0,5,heavy,plain,good,1,0
3720.0,0.24,2.1,76.7,14.4,78.0,6.1000000000000005,6,heavy,trench,good,1,1
1640.0,0.3,2.7,77.9,24.3,89.0,2.5,2,heavy,ridge,excellent,1,0
580.0,0.21,6.7,67.5,7.5,88.0,2.4000000000000004,29,survey,plain,fair,1,0
540.0,0.39,6.7,70.8,9.1,82.0,11.5,36,survey,plain,fair,0,1
770.0,0.31,5.1000000000000005,61.900000000000006,8.0,86.0,1.9,11,compact,plain,excellent,1,0
740.0,0.1,4.9,70.10000000000001,6.4,84.0,6.800000000000001,0,heavy,plain,good,1,1
630.0,0.35,6.800000000000001,65.2,10.9,94.0,2.8000000000000003,3,survey,plain,excellent,1,0
1650.0,0.79,5.7,79.0,51.0,87.0,12.5,33,survey,ridge,poor,1,0
1870.0,0.32,1.7000000000000002,74.8,15.5,84.0,1.6,23,survey,vent,poor,1,0
1000.0,0.21,4.4,68.2,6.7,83.0,7.0,8,heavy,plain,good,1,1
840.0,0.81,6.9,75.2,13.1,93.0,1.9,6,compact,ridge,excellent,1,0
640.0,0.93,7.4,69.10000000000001,18.4,85.0,4.800000000000001,19,compact,plain,fair,1,0
390.0,0.18,7.300000000000001,59.5,2.9000000000000004,90.0,0.7000000000000001,5,compact,plain,good,1,0
2370.0,0.21,2.6,75.8,25.3,89.0,1.7000000000000002,8,survey,vent,good,0,0
1260.0,0.64,3.0,69.7,21.0,86.0,1.8,11,compact,ridge,fair,1,0
1030.0,0.89,4.5,73.3,,90.0,7.2,20,survey,plain,good,0,1
900.0,0.22,4.6000000000000005,63.5,4.800000000000001,88.0,3.1,24,survey,plain,good,1,0
1670.0,0.27,1.4,,39.0,88.0,1.6,17,survey,ridge,fair,0,0
1080.0,0.6,3.7,68.0,28.4,87.0,2.2,10,compact,ridge,excellent,0,0
2680.0,0.22,3.3000000000000003,84.5,15.7,82.0,5.300000000000001,11,heavy,vent,poor,1,1
800.0,0.06,5.300000000000001,57.900000000000006,4.4,84.0,3.1,3,compact,plain,excellent,1,1
2350.0,0.43,,74.60000000000001,9.2,91.0,5.0,3,heavy,ridge,good,1,0
3260.0,0.37,2.0,69.0,19.5,85.0,2.8000000000000003,10,compact,trench,good,0,1
3470.0,0.42,3.4000000000000004,77.60000000000001,32.5,96.0,1.0,0,survey,vent,excellent,1,0
2060.0,0.63,3.1,76.60000000000001,24.200000000000003,87.0,5.9,17,survey,ridge,good,1,0
1960.0,1.09,1.3,79.0,26.700000000000003,94.0,4.3,12,survey,ridge,good,1,0
2350.0,0.94,3.1,81.7,76.10000000000001,91.0,4.4,6,survey,vent,good,1,1
3110.0,0.95,0.6000000000000001,77.60000000000001,52.400000000000006,89.0,2.4000000000000004,8,compact,vent,good,1,1
740.0,0.59,7.5,70.5,25.6,84.0,22.4,13,heavy,plain,good,0,1
2150.0,0.21,3.9,69.10000000000001,13.6,86.0,3.2,15,compact,ridge,excellent,1,0
680.0,0.4,7.6,66.60000000000001,6.800000000000001,90.0,2.9000000000000004,13,survey,plain,excellent,1,0
630.0,0.55,6.1000000000000005,65.0,9.0,93.0,1.9,7,compact,plain,excellent,1,0
1850.0,0.41,1.1,75.3,,90.0,2.2,18,survey,ridge,excellent,1,0
3330.0,0.06,1.6,68.0,12.8,86.0,4.800000000000001,6,compact,trench,good,1,0
670.0,0.4,5.2,67.60000000000001,8.0,86.0,4.0,17,survey,plain,excellent,1,0
740.0,0.39,5.0,70.3,8.700000000000001,87.0,3.8,24,survey,plain,fair,1,0
680.0,0.2,5.5,58.6,10.2,84.0,2.8000000000000003,10,compact,plain,fair,0,0
2180.0,0.19,3.8,72.60000000000001,35.7,89.0,3.8,8,compact,vent,good,1,0
630.0,0.3,6.800000000000001,68.7,7.800000000000001,90.0,,10,survey,plain,good,1,1
740.0,0.1,5.300000000000001,63.0,7.7,85.0,2.7,13,compact,plain,excellent,1,0
2690.0,0.26,2.8000000000000003,68.9,16.900000000000002,91.0,2.0,4,compact,trench,good,1,0
670.0,0.25,7.6,65.4,4.7,91.0,4.6000000000000005,24,survey,plain,excellent,1,1
1930.0,1.37,3.2,77.80000000000001,37.9,83.0,3.5,17,compact,ridge,fair,1,1
1630.0,0.6900000000000001,3.5,75.4,32.5,92.0,5.2,10,survey,ridge,good,1,0
750.0,0.02,6.2,61.8,2.1,89.0,1.3,8,compact,plain,fair,1,1
4330.0,0.42,1.4,74.0,25.700000000000003,88.0,4.6000000000000005,15,survey,trench,fair,1,0
3420.0,0.1,0.5,77.0,16.900000000000002,88.0,12.0,5,heavy,trench,excellent,1,1
710.0,0.2,4.800000000000001,64.60000000000001,5.6000000000000005,90.0,0.9,2,compact,plain,excellent,1,0
540.0,0.35,,68.3,29.9,81.0,2.7,13,compact,plain,good,0,0
3540.0,0.19,1.9,71.8,21.9,90.0,3.6,7,survey,trench,good,1,0
6160.0,0.25,2.8000000000000003,76.2,22.4,93.0,4.7,6,survey,trench,good,1,1
960.0,0.55,6.800000000000001,63.2,10.3,88.0,3.5,6,compact,plain,excellent,1,0
670.0,0.19,7.4,60.0,8.1,87.0,2.5,11,compact,plain,good,1,0
1260.0,0.47,4.4,68.2,10.4,91.0,1.8,4,compact,ridge,excellent,1,0
2560.0,0.41,2.1,73.2,31.5,87.0,0.5,7,compact,vent,good,1,0
640.0,0.54,7.800000000000001,65.2,19.6,92.0,5.2,7,compact,plain,excellent,0,0
3070.0,0.27,2.9000000000000004,79.80000000000001,42.0,82.0,6.2,17,heavy,vent,fair,1,1
3800.0,0.33,3.4000000000000004,79.9,9.2,80.0,4.4,6,heavy,trench,excellent,1,1
3530.0,0.35,4.4,78.0,13.2,93.0,1.3,6,survey,trench,excellent,1,0
570.0,0.08,5.300000000000001,62.900000000000006,6.0,97.0,3.0,2,survey,plain,excellent,1,0
4500.0,0.15,2.9000000000000004,76.80000000000001,17.2,74.0,15.8,20,heavy,trench,poor,1,1
3560.0,0.47,2.5,75.0,27.1,89.0,3.0,19,survey,trench,,0,1
2750.0,1.44,3.3000000000000003,91.0,84.4,92.0,3.1,11,survey,vent,excellent,1,1
580.0,0.28,7.2,65.5,9.6,,4.1000000000000005,19,survey,plain,fair,1,0
540.0,0.67,,69.0,15.6,87.0,5.7,34,survey,plain,fair,1,0
610.0,0.15,6.300000000000001,61.1,40.3,83.0,7.4,25,compact,plain,poor,0,1
1240.0,1.49,4.1000000000000005,82.5,,95.0,1.2000000000000002,7,survey,ridge,excellent,1,1
4200.0,0.47,1.2000000000000002,70.7,30.8,85.0,5.800000000000001,18,survey,trench,fair,1,1
540.0,0.4,4.0,58.900000000000006,8.5,88.0,3.6,9,compact,plain,good,1,0
1660.0,0.39,4.1000000000000005,76.9,19.4,88.0,2.5,16,survey,vent,fair,0,0
2670.0,0.4,4.5,76.60000000000001,20.200000000000003,94.0,3.2,5,survey,vent,excellent,1,0
4400.0,0.1,1.5,78.2,49.900000000000006,91.0,7.0,8,heavy,trench,good,1,0
1360.0,0.33,3.0,72.60000000000001,5.800000000000001,97.0,6.0,7,survey,ridge,good,1,1
1860.0,0.38,3.5,79.0,26.200000000000003,90.0,2.4000000000000004,11,survey,vent,good,1,0
800.0,0.51,6.2,68.9,14.4,87.0,6.0,15,survey,plain,good,1,0
2540.0,0.49,3.9,78.2,43.0,89.0,9.1,4,heavy,vent,good,1,0
850.0,0.23,4.9,64.8,,82.0,2.6,13,compact,plain,good,1,0
710.0,0.23,4.3,65.7,12.1,90.0,2.2,8,compact,plain,good,1,0
3250.0,0.26,1.5,75.8,24.3,92.0,2.4000000000000004,20,survey,trench,good,1,0
660.0,0.04,4.3,60.3,5.800000000000001,92.0,4.1000000000000005,9,survey,plain,good,1,0
2820.0,0.37,3.1,73.7,25.5,87.0,4.800000000000001,5,heavy,trench,good,1,0
760.0,0.34,6.0,58.7,11.9,86.0,4.4,13,compact,plain,good,1,0
4140.0,0.98,2.8000000000000003,90.9,43.900000000000006,89.0,7.7,2,heavy,vent,excellent,1,1
1130.0,0.54,2.2,67.4,17.0,84.0,3.6,16,compact,plain,fair,1,0
1590.0,0.59,2.7,77.80000000000001,15.6,90.0,1.6,2,heavy,ridge,excellent,1,0
900.0,0.3,2.9000000000000004,65.8,8.4,86.0,5.1000000000000005,20,survey,plain,excellent,1,0
730.0,0.25,7.0,61.900000000000006,4.2,86.0,1.2000000000000002,17,compact,plain,good,1,0
810.0,0.75,7.7,72.9,36.5,89.0,6.7,9,heavy,plain,good,1,0
1710.0,0.28,4.0,74.7,10.1,92.0,2.6,9,heavy,ridge,excellent,1,0
1010.0,0.48,3.6,70.5,19.0,86.0,3.6,17,survey,ridge,good,1,0
960.0,0.16,5.5,60.8,7.4,,9.3,29,survey,plain,fair,1,0
4210.0,0.04,2.5,72.2,35.0,88.0,4.4,15,survey,trench,good,1,0
710.0,0.21,6.0,68.2,9.3,86.0,1.2000000000000002,19,survey,plain,fair,1,0
4260.0,0.89,3.3000000000000003,83.60000000000001,36.8,87.0,5.1000000000000005,21,survey,vent,good,1,1
560.0,0.55,8.0,64.60000000000001,13.0,87.0,2.8000000000000003,9,compact,plain,good,1,0
4800.0,0.16,1.1,75.2,30.8,90.0,4.5,13,survey,trench,good,1,0
2150.0,0.5,3.9,75.10000000000001,28.5,89.0,3.7,10,survey,ridge,excellent,1,0
790.0,0.24,7.2,67.5,5.9,82.0,6.5,20,survey,plain,fair,1,0
670.0,0.07,7.9,63.8,,86.0,4.1000000000000005,18,compact,plain,fair,1,0
690.0,0.25,,67.5,6.9,90.0,3.1,7,survey,plain,excellent,1,0
1600.0,0.92,4.1000000000000005,84.2,13.7,85.0,3.8,12,heavy,ridge,excellent,1,1
2730.0,0.23,4.6000000000000005,79.10000000000001,34.9,82.0,11.2,21,survey,vent,fair,1,0
1260.0,0.94,3.1,76.10000000000001,12.7,92.0,4.3,17,survey,ridge,fair,1,0
5290.0,0.26,1.7000000000000002,81.30000000000001,16.2,85.0,12.5,7,heavy,trench,good,1,1
730.0,0.35,5.7,63.8,5.5,79.0,4.2,20,compact,plain,poor,1,0
2020.0,0.46,3.0,76.80000000000001,9.5,88.0,1.5,7,survey,vent,fair,1,0
600.0,0.27,6.9,69.10000000000001,12.3,92.0,2.5,9,survey,plain,excellent,1,1
1500.0,0.67,5.800000000000001,77.7,,92.0,1.8,9,survey,ridge,excellent,1,0
6230.0,0.18,1.4,77.60000000000001,34.300000000000004,86.0,3.0,10,heavy,trench,excellent,1,1
770.0,0.2,5.9,65.7,4.800000000000001,84.0,5.4,17,compact,plain,good,1,0
1760.0,0.11,3.9,71.3,7.7,82.0,12.5,40,survey,ridge,poor,1,0
510.0,0.09,7.6,56.5,42.0,78.0,5.2,27,compact,plain,poor,0,1
2120.0,0.52,0.9,70.60000000000001,19.0,91.0,5.0,10,survey,ridge,good,1,0
4000.0,0.37,1.4,82.7,15.2,92.0,3.7,2,heavy,trench,excellent,1,0
2090.0,0.36,4.1000000000000005,76.4,18.8,89.0,5.800000000000001,9,survey,vent,good,1,0
700.0,0.31,5.4,69.4,3.4000000000000004,94.0,1.9,6,survey,plain,excellent,1,0
600.0,0.27,6.4,67.3,9.3,92.0,3.8,6,survey,plain,good,1,0
560.0,0.3,9.9,65.0,9.0,92.0,2.5,5,survey,plain,excellent,1,0
1200.0,0.03,3.5,65.8,5.0,88.0,,7,survey,ridge,good,1,1
3740.0,0.16,0.7000000000000001,76.80000000000001,12.6,85.0,2.7,8,heavy,trench,good,1,0
4090.0,0.2,0.8,75.60000000000001,56.6,86.0,5.2,19,survey,trench,fair,0,0
1830.0,0.74,2.5,75.9,13.6,94.0,6.4,14,survey,ridge,good,1,0
4260.0,0.19,2.9000000000000004,74.4,,93.0,3.7,9,survey,trench,excellent,1,0
700.0,0.04,8.3,60.6,4.800000000000001,85.0,2.7,10,compact,plain,good,1,0
730.0,0.27,6.4,73.3,3.5,86.0,10.6,23,survey,plain,fair,1,0
4020.0,0.68,1.6,79.4,16.8,87.0,5.7,21,survey,trench,fair,1,1
1950.0,1.29,3.8,83.30000000000001,55.6,83.0,6.9,6,heavy,ridge,good,1,1
3640.0,0.25,2.6,77.9,28.4,83.0,6.7,10,heavy,trench,good,1,0
2070.0,0.68,,80.9,20.5,84.0,12.5,19,heavy,ridge,fair,0,1
1560.0,1.18,4.5,,28.8,80.0,3.5,26,compact,ridge,poor,0,1
5490.0,0.15,2.0,75.10000000000001,31.4,85.0,5.5,16,survey,trench,good,1,1
1900.0,0.51,2.8000000000000003,77.0,34.5,79.0,7.4,28,survey,vent,poor,0,1
1990.0,0.42,3.7,79.7,13.9,82.0,5.5,9,heavy,ridge,good,1,1
1510.0,0.67,2.9000000000000004,73.10000000000001,21.700000000000003,86.0,5.7,15,survey,ridge,good,1,0
4360.0,0.23,0.3,80.30000000000001,62.3,84.0,9.6,12,heavy,trench,good,0,0
1010.0,0.34,3.6,62.6,13.6,85.0,5.800000000000001,9,compact,ridge,fair,1,0
1260.0,0.5700000000000001,2.0,73.0,6.800000000000001,93.0,1.5,6,survey,ridge,excellent,1,0
620.0,0.44,9.1,74.5,37.2,84.0,,10,heavy,plain,good,0,0
1650.0,1.26,3.5,76.2,37.9,81.0,5.2,23,compact,ridge,poor,0,1
1310.0,0.8300000000000001,5.9,77.5,46.8,89.0,3.3000000000000003,13,survey,ridge,excellent,1,0
2710.0,0.45,3.8,77.5,29.700000000000003,88.0,5.6000000000000005,8,survey,vent,excellent,1,0
2550.0,0.51,5.0,83.4,13.2,88.0,1.7000000000000002,3,heavy,vent,good,1,0
2630.0,0.04,1.8,72.0,6.5,85.0,2.3000000000000003,25,survey,trench,good,1,0
3420.0,0.37,0.6000000000000001,74.2,19.3,96.0,5.2,4,survey,trench,excellent,1,0
690.0,0.32,5.5,68.9,37.9,90.0,8.700000000000001,19,survey,plain,fair,0,1
480.0,0.42,7.1000000000000005,63.3,16.0,89.0,5.300000000000001,19,compact,plain,excellent,0,0
2250.0,0.37,1.9,75.60000000000001,24.200000000000003,89.0,4.1000000000000005,18,survey,ridge,good,1,0
860.0,0.14,4.9,64.9,7.5,94.0,2.5,3,survey,plain,excellent,1,0
1710.0,0.13,3.4000000000000004,67.10000000000001,9.7,80.0,2.2,30,compact,ridge,poor,1,0
910.0,0.91,5.300000000000001,74.3,51.1,83.0,10.5,20,heavy,plain,poor,1,1
890.0,0.13,4.7,59.5,13.9,,1.7000000000000002,11,compact,plain,good,0,0
1690.0,0.38,2.8000000000000003,69.2,9.3,86.0,3.9,10,compact,ridge,fair,1,0
1830.0,0.28,3.6,73.7,17.400000000000002,91.0,3.5,1,survey,ridge,excellent,1,0
1990.0,0.16,2.2,68.0,11.9,89.0,1.0,4,compact,vent,good,1,0
3480.0,0.18,3.5,82.9,10.8,81.0,2.2,14,heavy,vent,good,1,0
2960.0,0.42,2.2,74.3,4.9,87.0,6.0,15,survey,trench,good,1,0
2360.0,0.51,2.5,80.4,12.2,89.0,1.6,6,heavy,trench,fair,1,0
1510.0,0.77,2.9000000000000004,70.7,23.0,88.0,1.7000000000000002,10,compact,ridge,good,1,0
2190.0,0.79,1.9,76.5,46.1,91.0,2.5,10,survey,ridge,excellent,1,0
4610.0,0.13,2.0,75.2,9.1,97.0,2.6,5,survey,trench,excellent,1,0
1210.0,0.07,5.0,63.6,18.8,74.0,7.6,31,compact,ridge,,0,0
1190.0,0.49,3.1,68.10000000000001,11.5,87.0,1.8,10,compact,ridge,fair,1,0
650.0,0.03,5.300000000000001,70.8,8.1,84.0,7.800000000000001,9,heavy,plain,fair,1,1
2360.0,0.37,3.2,78.5,20.0,85.0,10.9,24,survey,vent,good,1,0
3120.0,0.14,2.9000000000000004,69.10000000000001,12.0,92.0,3.1,14,survey,trench,excellent,1,0
650.0,0.29,6.800000000000001,63.8,7.4,84.0,3.7,20,compact,plain,poor,1,0
1260.0,1.1,3.8,76.10000000000001,29.200000000000003,88.0,2.1,6,compact,ridge,excellent,1,1
1120.0,0.05,2.6,69.5,7.0,89.0,1.2000000000000002,6,compact,ridge,excellent,1,0
3010.0,0.1,0.5,75.0,31.8,85.0,5.800000000000001,6,heavy,trench,good,1,0
730.0,0.4,7.1000000000000005,62.900000000000006,7.4,87.0,5.5,11,compact,plain,fair,1,0
4380.0,0.22,0.7000000000000001,73.4,45.1,97.0,4.0,1,survey,trench,good,1,0
3540.0,0.55,0.7000000000000001,77.10000000000001,63.8,90.0,2.7,21,survey,trench,fair,1,0
1990.0,0.47,1.9,71.9,17.900000000000002,93.0,6.800000000000001,8,survey,ridge,excellent,1,0
700.0,0.15,7.0,64.5,1.6,,4.2,11,survey,plain,excellent,1,1
1160.0,0.49,5.6000000000000005,64.10000000000001,10.8,90.0,3.7,6,compact,ridge,excellent,1,0
840.0,0.32,5.4,72.4,21.1,85.0,4.9,4,heavy,plain,good,1,0
2020.0,0.76,3.0,79.5,36.8,86.0,2.4000000000000004,12,heavy,ridge,good,1,0
630.0,0.2,3.9,60.3,7.6,87.0,2.3000000000000003,5,compact,plain,good,1,0
720.0,0.14,6.5,59.900000000000006,4.1000000000000005,87.0,5.4,9,survey,plain,excellent,1,0
840.0,0.36,6.7,69.7,12.9,87.0,1.8,3,heavy,plain,excellent,1,0
780.0,0.39,4.9,,5.6000000000000005,90.0,3.2,12,survey,plain,good,1,0
610.0,0.07,6.9,62.8,5.6000000000000005,90.0,4.5,2,compact,plain,excellent,1,0
5510.0,0.14,2.5,77.2,40.2,88.0,14.6,5,heavy,trench,excellent,1,1
1270.0,0.59,2.1,69.60000000000001,15.4,91.0,1.4,10,compact,ridge,excellent,1,0
1000.0,0.26,5.0,63.0,6.300000000000001,93.0,9.9,15,survey,plain,excellent,1,0
660.0,0.63,6.7,71.0,41.400000000000006,89.0,3.5,14,survey,plain,excellent,0,0
730.0,0.2,4.2,66.0,4.3,93.0,2.1,14,survey,plain,excellent,1,0
870.0,0.35,5.1000000000000005,72.60000000000001,33.800000000000004,85.0,5.4,5,heavy,plain,excellent,0,0
1880.0,0.28,4.4,74.0,16.8,97.0,2.5,1,survey,ridge,excellent,1,0
2180.0,0.75,1.9,75.4,64.0,96.0,4.0,5,survey,ridge,excellent,1,0
1170.0,0.31,3.3000000000000003,68.0,9.1,84.0,6.800000000000001,18,compact,ridge,good,1,0
2880.0,0.55,4.800000000000001,78.30000000000001,32.1,89.0,5.2,9,heavy,vent,excellent,1,0
1860.0,0.66,2.3000000000000003,76.0,30.0,88.0,6.2,18,survey,ridge,excellent,1,0
1640.0,0.33,6.4,84.4,24.1,80.0,6.800000000000001,13,heavy,vent,fair,1,0
2220.0,0.5700000000000001,0.8,77.60000000000001,17.400000000000002,82.0,4.0,14,heavy,ridge,fair,1,0
1980.0,0.31,5.1000000000000005,76.2,18.9,94.0,3.7,5,survey,vent,excellent,1,0
5870.0,0.14,0.9,77.30000000000001,16.6,76.0,8.9,21,heavy,trench,poor,1,1
1470.0,0.13,4.4,63.1,19.4,79.0,2.9000000000000004,25,compact,ridge,fair,0,0
2950.0,0.41,2.2,80.60000000000001,17.2,84.0,17.2,13,heavy,trench,fair,1,1
2480.0,0.5700000000000001,4.1000000000000005,81.4,52.1,90.0,2.3000000000000003,4,survey,vent,excellent,1,0
2510.0,1.06,3.7,84.5,21.1,90.0,7.300000000000001,6,heavy,ridge,good,1,0
4110.0,0.48,0.7000000000000001,78.10000000000001,39.6,91.0,5.0,23,survey,trench,good,1,1
1410.0,0.84,2.8000000000000003,75.10000000000001,18.5,90.0,3.1,18,survey,ridge,good,1,1
980.0,0.14,6.6000000000000005,70.3,11.1,83.0,3.7,14,heavy,plain,fair,1,1
2540.0,0.63,1.3,80.80000000000001,36.7,90.0,4.0,10,heavy,vent,good,1,0
4380.0,0.32,0.8,75.2,22.8,89.0,1.7000000000000002,8,survey,trench,good,1,0
3870.0,0.61,2.8000000000000003,79.4,40.0,85.0,10.9,24,survey,trench,fair,1,1
870.0,0.8200000000000001,5.9,69.5,27.700000000000003,92.0,9.4,17,survey,plain,fair,1,0
970.0,0.51,5.9,73.8,12.5,88.0,2.2,22,survey,plain,good,1,0
560.0,0.07,5.9,59.8,7.300000000000001,86.0,1.5,10,compact,plain,fair,1,0
3850.0,1.1,1.4,87.7,47.3,96.0,1.7000000000000002,11,survey,vent,excellent,0,1
470.0,0.29,7.1000000000000005,61.7,4.1000000000000005,89.0,3.6,6,compact,plain,excellent,1,0
660.0,0.42,6.7,68.0,,85.0,5.5,11,compact,plain,good,1,0
630.0,0.48,8.8,71.2,9.3,93.0,4.6000000000000005,14,survey,plain,good,1,0
800.0,0.09,5.7,60.7,4.4,88.0,4.800000000000001,9,compact,plain,excellent,1,0
1740.0,0.39,2.9000000000000004,69.9,31.700000000000003,,6.4,25,survey,ridge,fair,1,0
770.0,0.12,6.6000000000000005,63.2,4.800000000000001,91.0,3.2,5,compact,plain,excellent,1,0
4250.0,0.38,1.3,74.7,27.9,88.0,2.5,11,survey,trench,good,1,0
2100.0,0.38,1.5,75.5,20.5,86.0,4.800000000000001,4,heavy,ridge,excellent,1,0
1510.0,0.5,5.2,73.8,17.2,90.0,3.9,18,survey,ridge,good,1,0
1100.0,0.7000000000000001,3.8,72.5,20.3,89.0,2.2,8,compact,ridge,good,1,0
1860.0,0.25,5.300000000000001,75.5,9.1,90.0,2.2,14,compact,vent,fair,1,0
680.0,0.39,7.5,61.1,6.800000000000001,83.0,2.4000000000000004,14,compact,plain,good,1,0
3820.0,0.18,2.0,66.10000000000001,25.200000000000003,87.0,2.5,4,compact,trench,good,1,0
5120.0,0.2,2.6,73.60000000000001,12.0,91.0,5.2,5,compact,trench,excellent,1,1
2910.0,0.08,2.5,73.7,42.400000000000006,93.0,3.5,10,survey,trench,good,1,0
710.0,0.06,5.2,64.4,4.2,88.0,11.7,19,survey,plain,good,1,1
2360.0,0.5700000000000001,2.0,81.10000000000001,17.0,96.0,2.0,10,survey,vent,good,1,0
2210.0,0.21,4.1000000000000005,73.3,24.6,88.0,4.0,15,survey,vent,fair,0,0
810.0,0.4,6.1000000000000005,66.7,7.2,87.0,0.8,17,survey,plain,excellent,1,0
3280.0,0.67,,86.10000000000001,62.1,86.0,2.8000000000000003,7,heavy,vent,excellent,1,1
530.0,0.28,8.9,,8.1,93.0,7.0,8,survey,plain,good,1,1
1100.0,0.41,4.3,67.2,10.0,90.0,2.7,11,compact,ridge,good,1,0
2150.0,1.04,2.8000000000000003,77.80000000000001,74.0,87.0,1.9,6,compact,vent,excellent,1,1
4050.0,0.31,0.8,73.4,28.6,91.0,8.1,11,survey,trench,good,1,0
790.0,0.37,6.7,61.900000000000006,38.2,84.0,6.300000000000001,14,compact,plain,good,0,0
4370.0,0.17,0.5,66.9,7.800000000000001,89.0,4.0,9,compact,trench,excellent,1,1
4230.0,0.24,1.6,70.10000000000001,29.4,90.0,3.3000000000000003,3,survey,trench,excellent,1,0
1770.0,0.97,3.5,76.60000000000001,22.0,89.0,1.1,7,compact,ridge,excellent,1,1
2230.0,0.18,3.7,70.8,20.9,79.0,7.9,29,compact,vent,fair,0,0
790.0,0.07,5.6000000000000005,55.5,4.1000000000000005,87.0,1.0,8,compact,plain,good,1,0
1730.0,0.72,4.6000000000000005,78.10000000000001,17.2,85.0,2.5,1,heavy,ridge,good,1,1
550.0,0.27,6.7,61.1,9.8,85.0,2.9000000000000004,8,compact,plain,good,0,0
2120.0,0.95,3.2,75.7,30.3,,4.9,14,survey,ridge,good,1,1
2860.0,0.8200000000000001,4.6000000000000005,82.30000000000001,28.5,83.0,11.2,15,heavy,ridge,good,1,1
2440.0,0.14,0.2,72.8,8.1,88.0,10.6,24,survey,ridge,fair,1,0
570.0,0.09,7.2,60.0,2.1,88.0,1.6,3,compact,plain,excellent,1,0
4870.0,0.37,1.4,77.2,9.3,84.0,10.0,12,heavy,trench,good,1,1
3940.0,0.16,2.1,77.4,41.7,89.0,3.1,4,heavy,trench,excellent,1,0
710.0,0.62,4.4,66.10000000000001,24.700000000000003,91.0,2.0,8,survey,plain,excellent,1,0
630.0,0.56,7.2,67.60000000000001,20.3,91.0,5.0,7,survey,plain,fair,1,0
3130.0,0.13,0.8,69.8,27.8,89.0,5.2,14,compact,trench,fair,1,0
3940.0,0.34,0.3,77.80000000000001,21.9,88.0,3.7,8,heavy,trench,good,1,1
520.0,0.59,7.300000000000001,69.10000000000001,21.3,90.0,1.4,11,compact,plain,excellent,1,1
600.0,0.64,6.5,70.2,26.1,99.0,3.5,5,survey,plain,excellent,0,0
5080.0,0.32,-0.3,70.5,27.700000000000003,90.0,7.1000000000000005,17,survey,trench,good,0,1
770.0,0.04,6.300000000000001,67.9,5.5,87.0,3.8,7,heavy,plain,excellent,1,0
2130.0,1.17,3.9,95.0,65.2,85.0,4.7,12,heavy,vent,good,1,1
480.0,0.24,8.5,65.9,5.5,88.0,3.0,21,survey,plain,fair,0,0
4650.0,0.49,1.2000000000000002,80.10000000000001,55.900000000000006,81.0,8.3,19,heavy,trench,poor,1,1
1240.0,0.5,3.7,71.8,7.800000000000001,85.0,1.9,15,compact,ridge,excellent,1,0
2970.0,0.21,2.0,78.30000000000001,35.300000000000004,96.0,6.0,6,survey,vent,excellent,1,0
2160.0,0.98,4.6000000000000005,77.4,16.2,83.0,6.800000000000001,21,survey,ridge,good,1,1
4650.0,0.33,1.5,79.9,25.8,85.0,7.0,6,heavy,trench,good,0,1
1720.0,0.13,2.6,74.9,8.5,,1.7000000000000002,6,heavy,ridge,fair,1,1
1860.0,0.5,2.0,73.60000000000001,4.1000000000000005,82.0,3.5,17,compact,ridge,excellent,1,0
400.0,0.24,12.1,61.900000000000006,20.3,93.0,0.9,10,survey,plain,good,0,1
690.0,0.1,6.800000000000001,70.10000000000001,7.6,90.0,1.2000000000000002,22,survey,plain,fair,1,1
500.0,0.3,6.6000000000000005,69.7,17.2,86.0,6.2,10,heavy,plain,good,1,1
570.0,0.23,5.5,66.10000000000001,4.7,87.0,4.0,9,compact,plain,good,1,0
4020.0,0.33,1.8,74.3,49.8,86.0,8.6,17,survey,trench,good,0,0
2650.0,0.87,3.4000000000000004,85.80000000000001,56.5,85.0,3.9,10,heavy,vent,good,1,1
3960.0,0.28,1.5,68.9,10.7,93.0,3.9,10,survey,trench,good,1,0
530.0,0.3,6.300000000000001,64.60000000000001,8.4,90.0,5.1000000000000005,14,survey,plain,good,1,1
450.0,0.34,8.0,58.5,9.4,88.0,0.6000000000000001,12,compact,plain,good,0,1
3530.0,0.29,2.1,77.60000000000001,44.1,94.0,2.4000000000000004,7,survey,trench,good,1,0
1820.0,0.48,3.6,70.10000000000001,14.3,86.0,2.0,11,compact,ridge,excellent,1,0
440.0,0.38,7.0,60.0,7.1000000000000005,88.0,7.1000000000000005,7,compact,plain,fair,1,1
2280.0,0.86,2.3000000000000003,80.9,86.2,90.0,2.0,19,survey,vent,excellent,1,1
650.0,0.47,7.0,64.2,8.3,77.0,5.7,25,compact,plain,poor,1,0
1840.0,1.06,3.6,81.5,48.900000000000006,82.0,13.3,20,heavy,ridge,fair,0,1
2150.0,0.44,2.6,79.0,30.1,87.0,7.800000000000001,6,heavy,ridge,excellent,1,0
750.0,0.09,6.4,57.3,4.5,88.0,3.0,8,compact,plain,excellent,1,0
4000.0,0.19,0.4,78.60000000000001,25.5,90.0,1.8,8,heavy,trench,excellent,0,0
2220.0,0.4,0.6000000000000001,71.3,9.2,77.0,6.5,40,survey,ridge,poor,1,0
1460.0,0.21,3.9,68.10000000000001,5.800000000000001,93.0,1.5,9,survey,ridge,excellent,1,0
2450.0,0.1,2.8000000000000003,67.7,50.0,96.0,3.6,4,survey,ridge,excellent,0,0
2230.0,0.5,2.4000000000000004,73.10000000000001,25.9,85.0,0.8,20,compact,vent,poor,1,0
2270.0,0.93,3.1,81.80000000000001,32.4,83.0,4.800000000000001,6,heavy,ridge,good,1,1
3670.0,0.3,2.2,75.0,31.200000000000003,84.0,7.7,28,survey,trench,poor,1,1
690.0,0.5700000000000001,7.6,65.7,10.5,81.0,4.6000000000000005,26,compact,plain,fair,1,0
880.0,0.36,5.7,64.0,13.5,77.0,,29,survey,plain,fair,0,0
1180.0,0.06,4.3,66.9,5.1000000000000005,91.0,3.6,5,survey,plain,excellent,1,1
1100.0,0.21,3.6,69.60000000000001,5.9,94.0,8.6,16,survey,plain,excellent,1,1
1460.0,0.18,2.7,67.60000000000001,4.800000000000001,87.0,12.9,17,survey,ridge,excellent,1,1
3450.0,0.31,2.7,85.9,,82.0,6.800000000000001,8,heavy,vent,excellent,1,0
720.0,0.29,6.5,65.60000000000001,7.6,86.0,1.8,11,compact,plain,fair,1,0
1250.0,0.58,,68.8,35.7,85.0,4.5,14,compact,ridge,fair,0,0
3520.0,0.54,2.0,74.3,16.400000000000002,91.0,2.5,18,survey,trench,fair,1,0
790.0,0.24,4.4,68.7,3.6,87.0,3.0,1,heavy,plain,excellent,1,1
2270.0,0.95,3.4000000000000004,82.9,34.4,85.0,1.6,14,heavy,vent,fair,1,1
3910.0,0.84,2.9000000000000004,81.9,20.0,99.0,2.6,0,survey,trench,excellent,1,1
600.0,0.48,6.5,65.60000000000001,12.8,89.0,6.300000000000001,12,compact,plain,excellent,1,1
570.0,0.09,7.0,61.2,1.7000000000000002,89.0,1.4,13,compact,plain,good,1,1
1580.0,0.87,2.1,77.5,25.700000000000003,91.0,0.8,16,survey,ridge,good,1,1
810.0,0.12,5.300000000000001,65.8,3.7,93.0,2.6,8,survey,plain,excellent,1,0
740.0,0.34,5.0,73.8,7.300000000000001,90.0,5.0,12,survey,plain,excellent,1,0
920.0,0.2,6.6000000000000005,68.2,2.5,99.0,5.4,3,survey,plain,good,1,1
1140.0,0.37,4.3,70.9,14.5,90.0,4.2,16,survey,plain,fair,1,0
3140.0,0.23,4.4,84.5,22.1,86.0,2.9000000000000004,8,heavy,vent,good,1,1
500.0,0.79,6.1000000000000005,67.0,14.2,,3.1,7,compact,plain,excellent,1,0
1310.0,0.11,2.8000000000000003,63.5,15.9,90.0,3.7,7,compact,ridge,excellent,1,0
1930.0,0.97,3.3000000000000003,80.60000000000001,40.900000000000006,90.0,4.7,9,compact,vent,good,1,1
2240.0,0.86,2.9000000000000004,85.0,,94.0,10.4,2,heavy,vent,excellent,1,1
1240.0,0.53,5.800000000000001,72.4,28.8,89.0,5.800000000000001,18,compact,ridge,good,1,1
1520.0,0.24,4.2,76.2,9.5,87.0,11.7,6,heavy,ridge,good,1,1
870.0,0.46,6.7,66.7,8.0,94.0,5.1000000000000005,10,survey,plain,excellent,1,0
1890.0,0.42,2.4000000000000004,74.2,5.1000000000000005,95.0,2.5,9,survey,ridge,excellent,1,0
1260.0,0.19,3.4000000000000004,66.0,16.5,84.0,3.2,17,compact,ridge,fair,0,0
3260.0,0.14,0.5,70.60000000000001,42.3,90.0,3.7,15,survey,trench,excellent,1,1
1820.0,0.38,4.1000000000000005,71.60000000000001,44.8,87.0,4.2,20,survey,ridge,poor,1,0
1020.0,1.4,5.4,74.9,46.0,89.0,1.6,7,compact,ridge,good,1,1
1320.0,0.87,3.2,,55.400000000000006,92.0,0.8,4,compact,ridge,excellent,1,0
760.0,0.17,6.1000000000000005,68.60000000000001,6.2,76.0,20.0,32,survey,plain,fair,0,0
2480.0,0.26,2.2,80.7,46.8,87.0,6.5,7,heavy,vent,good,1,0
1690.0,0.67,2.8000000000000003,74.60000000000001,26.1,85.0,11.9,17,survey,ridge,good,1,0
1290.0,0.61,4.2,70.60000000000001,64.0,83.0,5.4,11,compact,ridge,good,1,1
5230.0,0.48,2.1,83.5,43.5,81.0,7.2,18,heavy,trench,good,1,1
3430.0,0.53,3.2,80.4,36.2,88.0,4.7,8,heavy,vent,good,1,0
760.0,0.29,7.0,66.10000000000001,5.6000000000000005,94.0,4.2,17,survey,plain,excellent,1,1
1730.0,0.47,3.1,70.8,13.2,91.0,6.300000000000001,10,survey,ridge,excellent,1,0
2410.0,0.17,1.7000000000000002,71.10000000000001,10.1,97.0,7.2,14,survey,vent,good,0,0
830.0,0.63,4.9,69.0,12.2,96.0,1.3,7,compact,plain,,1,0
6010.0,0.29,2.2,83.30000000000001,55.900000000000006,89.0,10.0,9,heavy,trench,excellent,1,1
3930.0,0.5700000000000001,,79.0,30.5,94.0,4.0,8,survey,trench,excellent,1,0
2280.0,0.24,3.6,71.3,15.7,87.0,2.2,7,heavy,ridge,excellent,1,0
560.0,0.13,7.6,65.4,5.800000000000001,88.0,5.0,17,survey,plain,good,0,1
1180.0,0.76,4.2,74.8,35.800000000000004,91.0,1.9,6,survey,plain,good,1,0
1440.0,0.95,3.9,76.2,20.700000000000003,86.0,0.2,12,compact,vent,good,1,1
3860.0,0.05,2.2,75.10000000000001,19.700000000000003,82.0,1.4,7,heavy,trench,fair,1,0
2090.0,0.51,2.0,69.8,34.800000000000004,89.0,5.1000000000000005,13,survey,ridge,fair,1,0
2110.0,0.56,3.8,77.30000000000001,15.5,80.0,8.3,18,heavy,ridge,fair,1,1
380.0,0.27,9.3,60.7,3.2,91.0,2.6,1,compact,plain,excellent,1,0
1870.0,0.29,3.5,74.10000000000001,13.5,79.0,17.1,42,survey,ridge,poor,0,0
470.0,0.46,7.0,62.3,32.300000000000004,89.0,0.3,8,compact,plain,excellent,0,0
5400.0,0.19,1.2000000000000002,77.7,10.6,85.0,6.9,11,heavy,trench,good,1,1
1670.0,1.37,3.2,76.4,27.0,91.0,3.9,15,survey,ridge,good,1,1
4800.0,0.44,,86.80000000000001,32.2,83.0,1.6,12,heavy,trench,fair,1,1
570.0,0.42,5.300000000000001,62.2,11.6,90.0,2.7,7,compact,plain,fair,1,0
960.0,0.21,5.1000000000000005,65.2,5.800000000000001,89.0,3.1,6,survey,plain,excellent,1,0
2740.0,0.62,4.2,77.4,35.0,93.0,2.0,13,survey,vent,good,1,0
2990.0,0.18,4.4,74.9,27.200000000000003,88.0,4.6000000000000005,21,survey,vent,good,0,0
1960.0,0.16,4.4,75.3,38.7,85.0,10.8,18,survey,vent,fair,1,0
720.0,0.4,5.9,65.9,8.1,88.0,2.2,6,survey,plain,good,1,0
910.0,0.05,4.9,67.10000000000001,2.0,90.0,2.3000000000000003,12,survey,plain,excellent,1,1
4160.0,0.6,1.1,82.0,49.900000000000006,90.0,13.8,15,survey,vent,fair,1,1
3550.0,0.2,3.3000000000000003,72.8,14.3,87.0,3.2,18,survey,trench,good,1,1
960.0,0.24,7.6,65.0,6.800000000000001,92.0,2.2,10,survey,plain,excellent,1,0
4810.0,0.12,1.6,80.30000000000001,24.200000000000003,88.0,4.6000000000000005,7,heavy,trench,good,1,0
5240.0,0.49,3.4000000000000004,80.0,49.2,86.0,12.3,13,heavy,trench,good,1,1
1600.0,0.75,2.8000000000000003,72.60000000000001,24.3,75.0,,50,survey,ridge,poor,0,1
2000.0,0.93,2.0,81.30000000000001,25.0,86.0,11.7,13,heavy,ridge,poor,1,1
5480.0,0.08,2.3000000000000003,73.7,50.6,89.0,4.9,23,survey,trench,fair,1,0
3990.0,0.39,3.5,78.4,20.1,85.0,1.4,4,heavy,vent,excellent,1,0
1610.0,0.24,3.1,69.0,43.7,77.0,12.8,52,survey,ridge,poor,0,0
520.0,0.27,10.4,63.7,7.4,94.0,1.6,8,survey,plain,excellent,1,0
4570.0,0.33,0.2,73.7,19.200000000000003,82.0,11.7,34,survey,trench,poor,1,1
2580.0,,1.7000000000000002,85.2,38.5,81.0,2.9000000000000004,19,heavy,vent,fair,1,1
1200.0,1.01,,76.9,26.1,86.0,2.4000000000000004,10,compact,ridge,excellent,1,1
2070.0,1.13,2.8000000000000003,83.2,67.4,82.0,5.9,7,heavy,ridge,excellent,0,1
2140.0,0.54,2.3000000000000003,74.9,27.1,88.0,4.800000000000001,4,heavy,ridge,good,1,0
790.0,0.51,6.1000000000000005,66.5,15.3,90.0,5.7,13,survey,plain,excellent,1,0
2500.0,0.98,3.4000000000000004,86.2,21.5,85.0,4.4,9,heavy,vent,excellent,1,0
630.0,0.65,5.5,64.9,4.0,82.0,2.1,17,compact,plain,good,1,0
470.0,0.89,6.800000000000001,69.8,35.7,78.0,18.9,33,compact,plain,poor,1,0
570.0,0.61,6.6000000000000005,65.4,10.5,87.0,5.7,12,compact,plain,good,1,0
3560.0,0.74,2.6,82.30000000000001,22.3,88.0,7.7,13,survey,vent,good,1,1
980.0,0.36,5.2,67.0,6.2,94.0,2.1,5,survey,plain,excellent,1,0
3510.0,0.51,2.0,81.10000000000001,22.0,87.0,6.7,25,survey,vent,good,1,1
1920.0,0.27,4.6000000000000005,81.0,17.2,82.0,4.5,8,heavy,vent,good,1,1
3590.0,0.8300000000000001,3.5,84.7,66.10000000000001,83.0,3.1,12,survey,vent,good,1,1
4700.0,0.26,0.6000000000000001,79.9,18.4,86.0,,13,heavy,trench,good,1,1
3530.0,0.2,2.8000000000000003,72.0,11.7,88.0,,15,survey,trench,,1,0
950.0,0.07,5.5,63.1,6.1000000000000005,91.0,6.300000000000001,13,survey,plain,excellent,0,0
510.0,0.3,7.1000000000000005,62.900000000000006,1.8,83.0,2.1,10,compact,plain,good,1,0
1720.0,0.39,1.5,76.3,13.5,79.0,7.800000000000001,11,heavy,ridge,good,1,1
650.0,0.09,7.300000000000001,66.4,3.9,83.0,4.5,9,heavy,plain,good,1,0
1200.0,0.36,5.4,72.0,11.3,83.0,2.5,20,compact,ridge,fair,1,0
4330.0,0.34,0.9,77.60000000000001,49.400000000000006,88.0,5.7,17,survey,trench,fair,1,0
4600.0,0.31,0.7000000000000001,75.2,9.7,83.0,5.5,6,heavy,trench,good,1,1
990.0,0.2,4.3,68.8,8.700000000000001,88.0,10.7,6,heavy,plain,excellent,1,0
660.0,0.46,,64.60000000000001,24.200000000000003,84.0,7.4,23,compact,plain,good,0,0
1000.0,0.08,4.5,65.60000000000001,3.8,87.0,6.0,1,heavy,plain,excellent,1,1
2130.0,0.66,1.4,72.4,33.9,76.0,7.2,24,compact,ridge,poor,0,1
3260.0,0.2,0.5,76.10000000000001,29.700000000000003,91.0,4.6000000000000005,3,survey,trench,excellent,1,0
2450.0,0.35,2.5,74.2,15.5,95.0,8.200000000000001,14,survey,trench,good,1,0
570.0,0.09,6.7,63.400000000000006,7.0,91.0,0.5,0,compact,plain,excellent,1,1
4510.0,0.17,2.1,78.30000000000001,36.4,88.0,6.7,11,heavy,trench,good,1,0
620.0,0.21,5.0,60.7,3.7,85.0,11.8,27,survey,plain,good,1,1
4880.0,0.92,2.7,89.30000000000001,13.4,82.0,1.1,8,heavy,vent,excellent,1,0
600.0,0.31,6.300000000000001,64.2,32.7,93.0,6.4,15,survey,plain,good,0,1
4220.0,0.53,3.2,85.9,34.6,87.0,7.4,2,heavy,vent,excellent,1,1
1680.0,0.9,3.4000000000000004,77.80000000000001,51.8,90.0,3.4000000000000004,13,survey,ridge,fair,1,1
2910.0,0.33,1.3,71.5,10.3,86.0,6.300000000000001,24,survey,ridge,fair,1,0
620.0,0.46,6.2,62.2,5.7,87.0,2.8000000000000003,12,compact,plain,excellent,1,0
650.0,0.38,7.4,66.5,13.5,82.0,2.3000000000000003,15,compact,plain,fair,0,0
2630.0,1.03,2.6,77.9,17.7,94.0,5.300000000000001,3,survey,ridge,excellent,1,1
600.0,0.12,7.300000000000001,61.400000000000006,6.800000000000001,91.0,4.3,6,compact,plain,excellent,1,1
700.0,0.05,6.9,58.7,4.2,83.0,4.4,12,compact,plain,,1,0
1550.0,0.91,2.5,79.30000000000001,33.4,89.0,4.1000000000000005,19,survey,ridge,fair,0,1
1310.0,0.97,3.5,73.2,23.9,90.0,3.0,5,compact,ridge,excellent,1,0
620.0,0.1,7.7,66.0,5.800000000000001,92.0,5.300000000000001,11,survey,plain,excellent,1,1
1060.0,0.42,4.3,69.10000000000001,16.900000000000002,95.0,2.2,13,survey,plain,excellent,0,0
650.0,0.21,7.0,63.1,2.4000000000000004,90.0,3.3000000000000003,9,compact,plain,good,1,0
3750.0,0.31,1.4,80.5,34.9,90.0,3.4000000000000004,20,survey,vent,fair,1,0
1700.0,0.47,3.7,72.60000000000001,33.800000000000004,88.0,3.1,11,compact,vent,excellent,1,0
2160.0,0.93,1.9,86.7,21.9,93.0,2.1,13,survey,vent,good,1,1
330.0,0.14,8.8,55.1,4.6000000000000005,88.0,1.8,3,compact,plain,excellent,1,0
1120.0,0.06,4.5,62.5,19.8,84.0,4.5,22,compact,plain,fair,0,0
710.0,0.51,6.7,68.2,23.1,86.0,6.0,4,heavy,plain,good,0,0
3200.0,0.49,2.5,,12.5,88.0,4.0,21,survey,vent,good,1,1
2010.0,0.18,2.8000000000000003,69.5,49.900000000000006,85.0,4.0,35,survey,ridge,poor,0,0
2060.0,0.67,2.4000000000000004,76.3,31.1,93.0,7.1000000000000005,2,survey,ridge,excellent,1,0
750.0,0.43,6.7,63.0,29.4,77.0,2.4000000000000004,23,compact,plain,fair,0,0
890.0,0.19,5.5,66.8,3.6,92.0,3.4000000000000004,12,survey,plain,excellent,1,1
6170.0,0.07,2.2,82.7,33.7,85.0,4.6000000000000005,9,heavy,trench,excellent,1,1
1750.0,0.78,3.5,71.0,30.5,81.0,4.2,28,compact,ridge,poor,1,1
4960.0,0.5,1.9,81.80000000000001,76.7,84.0,7.1000000000000005,13,heavy,trench,poor,1,1
670.0,0.5700000000000001,7.5,71.60000000000001,14.8,95.0,2.9000000000000004,4,survey,plain,excellent,1,0
1760.0,0.03,4.4,72.8,13.1,83.0,6.6000000000000005,24,survey,ridge,poor,1,0
2180.0,0.85,3.4000000000000004,76.7,21.3,93.0,5.2,11,survey,ridge,excellent,1,0
2710.0,0.58,3.0,78.9,27.5,90.0,2.3000000000000003,7,survey,vent,excellent,1,0
6080.0,0.6,3.0,84.2,48.6,85.0,11.6,6,heavy,trench,good,1,1
4600.0,0.29,1.8,75.8,14.4,96.0,5.5,2,survey,trench,excellent,1,0
3260.0,0.7000000000000001,3.0,85.5,64.0,,13.7,9,heavy,vent,good,0,1
500.0,0.33,7.5,64.60000000000001,6.5,87.0,2.6,4,compact,plain,good,1,0
1830.0,0.17,4.2,78.80000000000001,20.3,90.0,3.2,9,heavy,ridge,good,1,1
570.0,0.26,5.9,66.5,9.4,81.0,5.7,22,survey,plain,poor,1,0
5090.0,0.25,3.9,75.0,31.4,87.0,3.9,13,survey,trench,fair,1,0
2320.0,0.45,2.6,,25.6,86.0,6.6000000000000005,23,survey,vent,poor,1,0
400.0,0.42,7.800000000000001,63.1,11.6,,2.8000000000000003,19,compact,plain,fair,0,0
4940.0,0.76,2.3000000000000003,80.4,29.9,92.0,4.6000000000000005,13,survey,trench,good,1,1
780.0,0.41,6.800000000000001,66.60000000000001,19.700000000000003,85.0,11.6,20,compact,plain,fair,0,0
1210.0,0.5,6.5,74.10000000000001,14.3,87.0,7.300000000000001,8,heavy,plain,excellent,0,0
940.0,0.51,5.2,67.0,17.5,86.0,7.0,8,heavy,plain,good,1,0
1640.0,0.24,3.7,65.2,36.7,79.0,1.3,20,compact,ridge,,0,0
4610.0,0.58,2.4000000000000004,80.60000000000001,19.4,90.0,1.4,8,survey,trench,excellent,1,0
4280.0,0.53,2.2,80.5,31.1,84.0,3.3000000000000003,7,heavy,trench,good,1,1
1900.0,0.88,3.7,73.5,63.8,94.0,,17,survey,ridge,poor,1,1
680.0,0.18,6.1000000000000005,63.0,6.2,76.0,8.4,41,survey,plain,poor,1,1
1440.0,0.36,4.5,62.900000000000006,22.700000000000003,89.0,3.8,11,compact,ridge,good,1,0
2750.0,0.22,0.6000000000000001,66.3,15.5,80.0,1.5,19,compact,trench,good,1,1
1400.0,0.62,4.800000000000001,71.10000000000001,25.9,96.0,12.6,18,survey,ridge,good,1,1
1920.0,0.62,3.7,76.5,30.3,92.0,1.4,9,survey,ridge,excellent,1,0
550.0,0.13,5.7,68.10000000000001,3.7,91.0,6.1000000000000005,7,survey,plain,excellent,1,1
740.0,0.07,6.1000000000000005,65.3,,95.0,2.1,5,survey,plain,excellent,1,0
440.0,0.14,7.5,66.5,6.6000000000000005,92.0,2.0,2,compact,plain,excellent,1,0
1630.0,0.78,4.1000000000000005,80.4,9.1,85.0,3.2,2,heavy,ridge,good,1,1
1740.0,0.22,1.4,69.0,13.7,92.0,3.1,8,survey,ridge,excellent,1,0
520.0,0.32,5.4,66.0,9.3,90.0,3.5,6,compact,plain,excellent,1,0
430.0,0.21,11.3,62.6,8.200000000000001,90.0,3.1,9,compact,plain,good,1,0
2890.0,0.42,4.5,76.2,29.8,90.0,2.9000000000000004,15,survey,vent,good,1,0
1020.0,0.11,3.6,60.5,7.300000000000001,83.0,5.9,27,survey,plain,good,1,0
1580.0,0.74,4.2,73.4,20.6,85.0,2.2,5,survey,ridge,good,1,0
1090.0,0.31,4.7,72.4,10.4,89.0,6.4,16,survey,plain,fair,1,0
3710.0,0.74,,85.4,33.800000000000004,90.0,4.6000000000000005,3,heavy,vent,excellent,1,1
540.0,0.37,7.300000000000001,62.6,8.6,87.0,6.4,7,compact,plain,excellent,1,0
2380.0,0.97,4.4,86.2,40.6,91.0,5.800000000000001,3,heavy,vent,excellent,0,1
1890.0,0.44,4.6000000000000005,74.60000000000001,22.4,84.0,5.800000000000001,19,survey,ridge,poor,1,0
2180.0,1.7,3.5,88.60000000000001,42.7,86.0,4.2,4,heavy,ridge,excellent,1,1
1650.0,1.37,3.6,81.60000000000001,132.20000000000002,87.0,1.4,19,survey,ridge,good,0,1
1280.0,0.37,2.4000000000000004,67.0,6.0,87.0,,17,compact,ridge,good,1,0
2210.0,0.6900000000000001,3.0,77.2,62.8,88.0,5.4,12,survey,ridge,good,0,1
2610.0,0.29,2.3000000000000003,74.8,34.1,92.0,2.0,10,survey,vent,excellent,1,0
740.0,0.17,6.4,66.5,4.9,87.0,7.5,16,survey,plain,good,1,1
2430.0,0.39,1.3,76.7,38.900000000000006,85.0,4.9,29,survey,vent,poor,1,0
1950.0,0.86,2.4000000000000004,81.60000000000001,33.9,81.0,1.0,10,heavy,ridge,good,1,1
2930.0,0.04,2.1,72.10000000000001,11.8,89.0,1.3,8,survey,trench,good,1,0
980.0,0.24,5.6000000000000005,64.8,8.1,89.0,1.3,16,survey,plain,good,1,0
3850.0,0.29,2.7,81.0,12.7,96.0,1.7000000000000002,3,heavy,trench,excellent,1,0
2980.0,0.3,2.4000000000000004,72.60000000000001,40.900000000000006,84.0,3.7,8,compact,trench,good,1,0
440.0,0.38,5.300000000000001,64.4,2.8000000000000003,92.0,3.4000000000000004,2,compact,plain,excellent,1,0
450.0,0.3,10.0,65.7,4.800000000000001,85.0,10.3,13,survey,plain,good,1,1
2030.0,0.76,2.7,74.3,34.5,88.0,3.0,26,survey,ridge,good,1,0
450.0,0.58,,68.60000000000001,14.5,,0.8,7,survey,plain,good,1,0
1050.0,0.15,4.9,66.8,6.0,90.0,4.4,7,survey,plain,good,1,0
510.0,0.22,10.3,64.3,3.4000000000000004,89.0,2.3000000000000003,2,compact,plain,excellent,1,0
2760.0,0.26,3.1,77.0,34.5,98.0,3.1,10,survey,vent,excellent,1,0
1520.0,1.14,4.2,79.80000000000001,80.10000000000001,87.0,7.1000000000000005,13,survey,ridge,poor,1,1
2100.0,0.36,2.7,72.5,14.0,92.0,4.0,14,survey,ridge,good,1,0
2670.0,0.46,2.0,81.4,45.2,94.0,2.2,9,survey,vent,excellent,1,0
5340.0,0.46,2.1,78.2,20.9,97.0,2.2,10,survey,trench,excellent,0,1
940.0,0.05,5.4,63.7,26.6,81.0,4.4,22,survey,plain,fair,0,0
980.0,0.29,5.6000000000000005,71.4,9.4,87.0,5.0,18,survey,plain,excellent,1,0
730.0,0.2,3.7,62.3,10.7,89.0,1.3,3,compact,plain,excellent,0,0
1830.0,1.45,2.5,80.0,32.2,86.0,5.6000000000000005,24,survey,ridge,fair,1,1
440.0,0.24,10.0,63.6,4.1000000000000005,91.0,2.6,5,survey,plain,excellent,1,1
4630.0,0.43,2.2,81.30000000000001,,85.0,5.800000000000001,10,heavy,trench,good,1,1
1730.0,0.32,2.3000000000000003,65.7,7.9,92.0,4.9,7,compact,ridge,excellent,1,0
930.0,0.93,5.800000000000001,70.4,20.6,90.0,0.4,5,compact,plain,good,1,0
3880.0,0.14,2.0,72.4,18.3,92.0,2.5,3,survey,trench,excellent,1,0
620.0,0.36,8.0,69.60000000000001,3.3000000000000003,88.0,4.9,3,heavy,plain,good,1,1
1620.0,0.6900000000000001,1.6,68.2,5.6000000000000005,86.0,2.2,10,compact,ridge,good,1,0
5340.0,0.94,2.5,79.10000000000001,39.6,90.0,5.0,19,survey,vent,good,1,1
390.0,0.47,8.5,63.8,8.6,94.0,4.2,2,compact,plain,good,1,0
1450.0,0.91,3.3000000000000003,71.5,16.400000000000002,,1.6,7,compact,ridge,poor,1,1
530.0,0.46,8.4,68.3,7.2,84.0,12.3,28,survey,plain,poor,1,1
3790.0,0.54,1.0,83.9,30.4,82.0,12.9,9,heavy,vent,excellent,1,1
750.0,0.33,5.7,65.7,9.4,83.0,2.7,33,survey,plain,poor,0,0
1340.0,1.3,4.4,77.10000000000001,57.900000000000006,86.0,4.3,20,compact,ridge,fair,0,1
2650.0,0.2,1.7000000000000002,70.7,24.700000000000003,89.0,5.2,12,survey,ridge,,0,0
1550.0,0.65,3.0,72.3,8.3,85.0,4.5,14,compact,ridge,good,1,1
500.0,0.37,,66.3,9.3,91.0,7.6,12,compact,plain,excellent,1,1
1590.0,0.32,3.2,63.900000000000006,6.9,87.0,3.9,14,survey,ridge,good,1,0
4230.0,0.74,0.3,86.60000000000001,51.7,91.0,11.2,12,heavy,vent,excellent,1,1
1810.0,0.07,6.0,71.3,12.8,92.0,7.1000000000000005,16,survey,vent,excellent,1,1
2490.0,0.06,2.0,71.8,12.0,93.0,4.800000000000001,11,survey,vent,,0,0
2410.0,0.24,1.6,69.5,23.0,91.0,2.2,2,survey,ridge,excellent,1,0
2940.0,0.36,2.1,70.7,11.9,88.0,3.0,16,survey,trench,good,1,0
4630.0,0.38,1.4,74.10000000000001,25.700000000000003,96.0,4.3,9,survey,trench,good,0,0
910.0,0.34,4.9,73.2,5.6000000000000005,85.0,3.3000000000000003,14,heavy,plain,good,1,1
2130.0,0.4,2.9000000000000004,69.7,24.200000000000003,83.0,2.6,13,compact,ridge,fair,1,0
640.0,0.15,5.9,67.7,12.1,93.0,4.3,4,survey,plain,good,1,1
2950.0,0.72,0.8,80.60000000000001,50.6,85.0,3.8,5,heavy,trench,good,1,0
4020.0,0.19,1.4,66.4,12.0,89.0,6.300000000000001,9,compact,trench,excellent,0,0
1630.0,0.53,4.3,76.5,15.7,87.0,7.1000000000000005,7,heavy,ridge,excellent,1,1
4780.0,0.54,2.6,79.60000000000001,25.6,90.0,2.6,11,survey,trench,fair,0,1
3080.0,0.6900000000000001,3.3000000000000003,73.60000000000001,41.5,88.0,6.800000000000001,10,compact,vent,good,0,1
2670.0,0.67,1.7000000000000002,69.5,26.8,87.0,6.0,4,compact,trench,good,1,1
2210.0,0.99,2.0,88.0,38.1,84.0,16.6,8,heavy,vent,excellent,1,1
690.0,0.2,8.0,68.60000000000001,25.0,,11.2,23,survey,plain,good,0,0
3440.0,0.26,0.8,74.4,16.5,89.0,3.8,17,survey,trench,fair,1,0
550.0,0.09,,66.4,9.8,87.0,5.2,15,compact,plain,fair,1,0
640.0,0.22,6.800000000000001,58.2,6.2,82.0,4.3,8,compact,plain,good,1,1
1990.0,0.73,1.8,74.9,58.1,85.0,4.4,31,survey,ridge,fair,0,0
1680.0,0.81,2.1,73.10000000000001,26.8,95.0,3.8,20,survey,ridge,excellent,1,0
490.0,0.75,8.0,64.9,41.1,85.0,1.2000000000000002,15,compact,plain,good,0,0
4430.0,0.66,1.5,79.30000000000001,20.5,83.0,4.5,21,survey,trench,poor,1,1
1500.0,0.76,3.8,77.4,30.3,92.0,5.300000000000001,14,survey,ridge,excellent,1,0
3540.0,0.09,2.0,74.9,14.1,81.0,7.0,20,heavy,trench,poor,1,0
1910.0,0.4,2.5,75.10000000000001,23.8,87.0,10.5,30,survey,ridge,poor,1,0
3920.0,0.27,1.4,80.2,26.0,89.0,7.7,7,heavy,trench,excellent,1,0
4440.0,0.26,2.3000000000000003,78.30000000000001,14.8,87.0,2.2,2,heavy,trench,excellent,1,0
1630.0,0.75,3.0,72.9,9.8,92.0,2.7,11,survey,ridge,,1,0
760.0,0.07,7.0,60.5,7.6,85.0,2.5,16,compact,plain,excellent,1,0
1370.0,0.14,2.5,68.7,14.7,88.0,8.200000000000001,26,survey,ridge,fair,1,0
770.0,0.53,8.5,69.10000000000001,19.200000000000003,89.0,9.3,19,survey,plain,fair,0,0
760.0,0.3,6.9,66.2,6.1000000000000005,88.0,4.9,9,survey,plain,good,1,0
1430.0,0.79,3.8,79.2,23.1,94.0,5.300000000000001,12,survey,ridge,excellent,1,0
2240.0,1.12,2.8000000000000003,85.0,30.6,87.0,4.2,7,heavy,vent,fair,1,1
3840.0,0.18,2.9000000000000004,78.60000000000001,39.5,96.0,7.0,6,survey,vent,excellent,1,0
870.0,0.7000000000000001,3.6,65.7,13.1,84.0,3.9,13,compact,plain,good,1,0
1730.0,0.52,3.6,75.60000000000001,19.6,,2.8000000000000003,11,survey,ridge,good,1,1
740.0,0.15,3.8,64.3,10.4,89.0,4.800000000000001,16,survey,plain,excellent,1,0
3760.0,0.2,1.1,73.4,19.5,93.0,2.4000000000000004,4,survey,trench,excellent,1,0
1220.0,0.75,4.1000000000000005,71.60000000000001,15.8,84.0,6.1000000000000005,26,compact,ridge,fair,1,0
1130.0,0.15,,67.8,9.8,88.0,4.7,1,heavy,plain,excellent,1,1
2130.0,0.44,3.7,81.4,29.1,95.0,3.5,17,survey,vent,excellent,1,0
2390.0,,3.7,73.10000000000001,9.9,87.0,,27,survey,vent,good,1,0
3280.0,0.55,1.0,79.80000000000001,40.2,86.0,3.8,10,heavy,trench,excellent,1,0
3250.0,0.59,3.0,78.7,12.5,94.0,1.6,13,survey,vent,good,0,1
1010.0,0.2,4.5,67.0,9.5,87.0,3.1,11,survey,plain,excellent,1,1
620.0,0.5700000000000001,7.4,67.7,10.9,88.0,1.8,15,survey,plain,good,1,0
5740.0,0.45,0.1,79.7,8.9,89.0,3.5,6,heavy,trench,excellent,1,0
1650.0,0.18,2.9000000000000004,72.5,28.3,82.0,6.4,10,heavy,ridge,good,1,1
1850.0,0.36,5.300000000000001,72.4,17.400000000000002,88.0,2.5,9,compact,vent,good,1,0
1300.0,0.26,4.0,66.7,11.6,82.0,3.6,7,compact,ridge,excellent,1,0
800.0,0.33,7.2,64.8,5.4,88.0,5.2,20,survey,plain,poor,1,0
1020.0,0.39,5.5,67.10000000000001,29.4,89.0,1.7000000000000002,12,survey,plain,excellent,0,0
3820.0,0.22,2.2,83.10000000000001,37.4,87.0,5.800000000000001,9,heavy,vent,good,1,0
3190.0,1.06,2.0,90.0,44.5,86.0,10.4,9,heavy,vent,fair,0,1
4810.0,0.03,0.2,81.80000000000001,22.6,86.0,1.3,8,heavy,trench,excellent,1,0
3550.0,0.26,1.5,79.60000000000001,29.3,85.0,11.2,9,heavy,trench,good,1,0
2530.0,0.41,2.9000000000000004,85.60000000000001,37.3,85.0,0.8,2,heavy,vent,good,1,0
2620.0,0.73,4.5,82.4,43.3,85.0,10.6,9,heavy,vent,fair,0,1
460.0,0.25,9.7,58.6,7.0,85.0,6.4,16,compact,plain,fair,1,0
1810.0,0.67,2.7,75.5,20.5,84.0,7.5,42,survey,ridge,poor,0,0
650.0,0.42,5.7,71.3,13.3,93.0,8.4,7,survey,plain,excellent,1,1
2050.0,0.02,2.7,69.0,4.1000000000000005,92.0,4.1000000000000005,9,compact,vent,excellent,1,0
2520.0,0.27,2.4000000000000004,77.10000000000001,34.800000000000004,88.0,5.1000000000000005,15,compact,vent,good,1,0
1080.0,0.54,3.6,73.10000000000001,9.2,84.0,8.700000000000001,26,survey,plain,fair,1,0
2450.0,0.86,2.6,77.80000000000001,44.6,97.0,5.6000000000000005,5,survey,vent,excellent,1,0
680.0,0.74,5.6000000000000005,69.3,22.9,88.0,2.5,15,survey,plain,excellent,1,0
1830.0,0.23,2.3000000000000003,72.9,8.200000000000001,81.0,2.4000000000000004,27,survey,ridge,fair,0,0
630.0,0.6,6.300000000000001,67.3,17.1,84.0,1.4,17,compact,plain,fair,1,0
790.0,0.55,4.9,70.7,22.5,87.0,6.7,8,heavy,plain,good,1,1
930.0,0.31,6.6000000000000005,63.400000000000006,7.9,89.0,2.1,5,survey,plain,excellent,0,0
3200.0,0.7000000000000001,2.2,81.4,23.9,86.0,5.0,18,survey,vent,,1,1
1510.0,0.19,3.7,72.0,8.200000000000001,96.0,1.7000000000000002,6,survey,ridge,excellent,1,0
1230.0,0.5700000000000001,3.4000000000000004,69.60000000000001,23.5,93.0,5.5,4,compact,ridge,good,1,0
490.0,0.15,8.8,63.6,3.3000000000000003,91.0,2.8000000000000003,18,survey,plain,excellent,1,0
1620.0,1.24,3.0,79.4,26.1,90.0,3.0,13,survey,ridge,good,0,0
1850.0,0.53,4.5,74.2,14.0,79.0,15.9,31,survey,ridge,poor,1,0
1160.0,0.96,2.8000000000000003,74.5,40.400000000000006,97.0,2.6,2,compact,ridge,excellent,1,0
3100.0,0.52,3.0,84.60000000000001,75.8,85.0,12.5,6,heavy,vent,excellent,1,1
570.0,0.15,7.2,68.4,4.0,93.0,0.9,5,survey,plain,excellent,1,1
1730.0,0.34,3.2,76.4,,86.0,5.5,8,heavy,ridge,good,1,0
1120.0,0.12,4.9,71.8,13.1,83.0,4.1000000000000005,18,compact,ridge,fair,1,0
3950.0,0.39,1.3,75.10000000000001,9.8,89.0,6.9,6,survey,trench,good,1,1
750.0,0.5,4.800000000000001,65.8,20.700000000000003,79.0,16.6,23,compact,plain,fair,0,0
430.0,0.27,6.7,64.8,14.5,83.0,8.9,5,compact,plain,good,0,0
5220.0,0.55,0.5,82.2,25.4,81.0,4.800000000000001,10,heavy,trench,fair,1,1
1470.0,1.98,2.9000000000000004,78.2,128.1,90.0,,15,survey,ridge,good,0,1
610.0,0.47,5.9,64.4,12.5,96.0,3.2,5,survey,plain,excellent,1,0
1340.0,0.5700000000000001,4.1000000000000005,74.0,12.7,89.0,3.2,8,compact,ridge,excellent,1,0
1410.0,0.81,4.3,73.3,28.1,88.0,2.6,8,compact,ridge,good,0,0
3710.0,0.32,2.5,75.10000000000001,19.1,82.0,6.7,19,survey,trench,good,1,1
1580.0,0.43,2.7,66.60000000000001,10.2,93.0,3.9,16,compact,ridge,good,1,0
3920.0,0.26,1.9,76.0,24.1,83.0,3.3000000000000003,31,survey,trench,fair,1,1
830.0,0.62,5.0,67.0,13.9,85.0,3.1,8,compact,plain,excellent,1,0
1580.0,1.16,3.9,78.4,47.0,89.0,1.6,8,survey,ridge,excellent,0,1
500.0,0.26,6.9,63.6,4.4,90.0,,8,compact,plain,good,1,0
870.0,0.16,5.2,69.9,12.9,90.0,5.6000000000000005,4,heavy,plain,excellent,0,1
4820.0,0.38,2.3000000000000003,71.60000000000001,17.6,94.0,4.0,16,survey,trench,excellent,1,0
4190.0,0.18,1.6,74.9,20.8,95.0,4.5,8,survey,trench,excellent,1,0
2040.0,0.16,4.4,79.9,36.9,86.0,11.4,6,heavy,vent,good,0,0
650.0,0.26,7.2,62.400000000000006,4.0,86.0,1.2000000000000002,13,compact,plain,good,1,0
460.0,0.24,6.9,62.5,23.9,,2.7,8,compact,plain,excellent,0,1
3550.0,0.26,0.9,79.4,47.2,80.0,5.7,15,heavy,vent,fair,0,0
590.0,0.6,9.5,67.3,32.6,85.0,6.7,9,compact,plain,excellent,0,0
1430.0,0.46,3.7,67.4,12.0,86.0,0.8,11,compact,ridge,good,1,0
610.0,0.2,5.7,61.7,2.3000000000000003,90.0,1.0,3,compact,plain,excellent,1,0
910.0,0.43,6.6000000000000005,66.8,17.5,91.0,4.7,6,compact,plain,good,1,0
2850.0,0.21,4.4,77.80000000000001,32.5,91.0,7.7,16,survey,vent,excellent,1,0
3000.0,0.67,1.0,79.5,10.3,85.0,6.0,13,heavy,trench,fair,1,1
1140.0,0.21,2.3000000000000003,71.9,15.9,83.0,3.1,12,heavy,plain,fair,1,0
490.0,0.08,9.1,67.60000000000001,4.7,95.0,2.4000000000000004,7,survey,plain,excellent,1,0
2370.0,1.19,3.0,85.2,56.6,90.0,9.3,7,heavy,ridge,good,1,1
2800.0,0.42,,,17.7,86.0,6.6000000000000005,2,heavy,vent,excellent,1,0
2530.0,0.5,3.6,76.10000000000001,18.1,88.0,3.1,3,compact,vent,good,1,1
930.0,0.31,3.9,62.7,8.9,93.0,8.6,18,survey,plain,good,1,0
1770.0,0.74,2.7,74.0,33.1,92.0,6.2,11,survey,ridge,excellent,0,0
710.0,0.3,3.8,61.7,7.0,93.0,1.2000000000000002,4,compact,plain,excellent,1,0
2540.0,0.7000000000000001,4.4,83.7,23.6,87.0,5.9,7,heavy,vent,good,1,0
4130.0,0.2,-0.6000000000000001,74.60000000000001,20.6,86.0,9.8,10,heavy,trench,fair,1,0
3280.0,0.49,5.7,82.5,42.8,88.0,3.8,11,survey,vent,good,1,0
1240.0,0.58,4.0,,21.5,87.0,5.0,7,compact,ridge,good,1,0
1930.0,0.39,2.6,72.60000000000001,21.5,93.0,2.5,10,survey,ridge,good,1,0
2300.0,0.26,3.4000000000000004,,24.200000000000003,86.0,,8,heavy,vent,good,1,0
400.0,0.6900000000000001,8.6,64.2,14.1,93.0,1.4,3,compact,plain,excellent,1,0
1730.0,0.33,3.1,70.2,27.700000000000003,86.0,8.9,35,survey,ridge,poor,0,0
2780.0,0.56,3.8,81.60000000000001,35.0,94.0,2.4000000000000004,9,survey,vent,excellent,1,0
660.0,0.42,9.0,63.3,11.5,82.0,4.9,15,compact,plain,fair,1,0
5370.0,0.11,0.7000000000000001,70.9,8.8,89.0,6.0,23,survey,trench,fair,1,0
3170.0,0.07,2.4000000000000004,72.3,7.7,86.0,7.300000000000001,6,heavy,ridge,good,1,0
1310.0,0.51,3.3000000000000003,67.9,15.6,81.0,1.5,25,compact,ridge,fair,0,0
3990.0,0.39,1.9,80.10000000000001,44.1,90.0,1.5,10,survey,trench,good,1,1
680.0,0.26,7.5,61.1,6.6000000000000005,86.0,2.8000000000000003,12,compact,plain,good,1,0
2080.0,0.24,0.8,78.5,13.4,85.0,6.6000000000000005,16,survey,vent,fair,0,0
3610.0,0.21,1.4,72.10000000000001,15.6,91.0,2.1,5,survey,trench,excellent,1,0
1240.0,0.39,2.4000000000000004,76.10000000000001,31.3,96.0,2.8000000000000003,9,survey,ridge,excellent,0,0
3420.0,0.21,0.7000000000000001,73.8,23.8,91.0,2.0,6,survey,trench,excellent,1,0
2080.0,0.62,3.7,70.2,17.400000000000002,,5.9,12,survey,ridge,good,0,0
1450.0,0.21,3.2,70.4,8.5,91.0,4.2,8,survey,ridge,good,0,0
710.0,0.71,6.4,72.60000000000001,22.6,91.0,2.3000000000000003,13,survey,plain,good,1,0
690.0,0.1,7.1000000000000005,66.9,14.6,81.0,7.2,8,heavy,plain,good,0,0
740.0,0.64,4.6000000000000005,66.9,24.700000000000003,93.0,4.1000000000000005,6,survey,plain,excellent,1,0
1440.0,0.94,1.8,80.2,41.5,99.0,5.1000000000000005,6,survey,ridge,excellent,0,0
460.0,0.62,7.300000000000001,65.4,7.800000000000001,91.0,1.2000000000000002,6,compact,plain,good,1,0
3080.0,0.14,2.4000000000000004,69.7,22.200000000000003,85.0,4.6000000000000005,15,compact,trench,fair,1,0
2380.0,0.53,3.3000000000000003,75.2,42.5,86.0,2.8000000000000003,15,compact,vent,good,1,0
2220.0,1.34,2.7,81.80000000000001,13.0,86.0,4.3,9,survey,ridge,poor,1,1
450.0,0.25,10.8,64.4,6.5,89.0,3.6,2,compact,plain,excellent,1,0
4070.0,0.51,2.5,73.9,29.6,87.0,3.8,14,survey,trench,excellent,1,1
3420.0,0.73,1.7000000000000002,85.30000000000001,46.3,88.0,5.9,6,heavy,vent,good,1,1
4750.0,0.14,0.7000000000000001,71.0,14.0,83.0,8.8,29,survey,trench,fair,1,1
4410.0,0.15,1.0,76.4,7.9,82.0,6.0,34,survey,trench,poor,1,1
2060.0,0.04,3.6,77.60000000000001,23.9,89.0,2.9000000000000004,19,survey,vent,good,1,0
4180.0,0.04,2.8000000000000003,73.10000000000001,8.0,88.0,2.8000000000000003,15,survey,trench,fair,1,0
1560.0,0.21,3.0,67.7,13.2,90.0,2.2,11,survey,plain,good,1,0
2430.0,1.18,2.8000000000000003,75.8,36.2,88.0,9.7,17,compact,ridge,fair,1,1
780.0,0.19,6.7,63.6,6.2,85.0,1.5,16,compact,plain,good,1,0
470.0,0.37,8.4,60.900000000000006,7.4,85.0,3.0,10,compact,plain,good,1,0
3090.0,0.12,1.8,69.5,20.9,97.0,4.2,3,survey,trench,good,0,0
1220.0,0.11,4.6000000000000005,71.60000000000001,11.5,81.0,3.9,40,survey,plain,poor,0,0
2370.0,0.34,1.4,79.30000000000001,42.6,85.0,7.6,14,heavy,ridge,excellent,1,0
540.0,0.25,5.800000000000001,60.900000000000006,10.4,86.0,4.7,7,compact,plain,excellent,1,0
820.0,0.02,6.0,59.5,4.7,94.0,3.2,4,compact,plain,good,1,0
650.0,0.09,7.6,61.7,3.4000000000000004,89.0,7.9,15,survey,plain,,1,1
3830.0,0.12,2.0,75.7,22.8,89.0,1.8,18,survey,trench,good,0,0
700.0,0.26,8.0,69.10000000000001,17.6,89.0,,14,survey,plain,excellent,0,0
860.0,0.31,5.800000000000001,63.3,5.9,88.0,2.2,14,survey,plain,excellent,1,0
1640.0,0.18,3.4000000000000004,70.10000000000001,13.7,88.0,6.1000000000000005,17,survey,ridge,fair,1,0
1510.0,,1.6,67.8,26.9,89.0,3.6,11,compact,ridge,excellent,1,0
1230.0,0.34,2.3000000000000003,62.7,8.6,89.0,4.4,4,compact,ridge,excellent,1,0
4460.0,0.13,,76.2,34.2,92.0,4.5,6,heavy,trench,good,1,0
2050.0,1.19,3.4000000000000004,87.60000000000001,65.60000000000001,87.0,4.2,10,survey,vent,fair,1,1
2270.0,1.0,3.6,78.80000000000001,20.0,82.0,6.2,23,compact,vent,good,1,1
610.0,0.11,7.300000000000001,,4.3,86.0,2.8000000000000003,8,compact,plain,excellent,1,0
450.0,0.44,10.1,64.0,15.0,84.0,5.6000000000000005,8,compact,plain,good,1,0
610.0,0.38,8.0,63.8,5.4,85.0,3.8,21,survey,plain,good,1,0
610.0,0.14,6.9,60.400000000000006,7.2,91.0,2.8000000000000003,11,compact,plain,fair,1,0
4070.0,0.2,2.6,78.60000000000001,54.1,82.0,5.0,14,heavy,trench,fair,0,1
2970.0,0.58,2.0,75.7,27.200000000000003,88.0,1.5,15,survey,vent,good,0,1
830.0,0.31,6.800000000000001,61.8,3.6,90.0,1.1,6,compact,plain,excellent,1,0
610.0,0.42,5.300000000000001,63.6,6.1000000000000005,89.0,3.6,7,compact,plain,excellent,1,0
610.0,0.17,7.6,64.3,4.4,93.0,5.1000000000000005,1,compact,plain,excellent,1,0
560.0,0.6,6.9,62.900000000000006,10.0,88.0,3.6,2,compact,plain,good,1,0
2980.0,0.3,2.6,70.9,10.8,91.0,2.9000000000000004,7,survey,trench,excellent,1,0
2230.0,0.4,2.7,72.9,17.1,94.0,3.0,16,survey,ridge,excellent,1,0
960.0,0.17,7.6,66.10000000000001,14.0,86.0,5.7,23,survey,plain,excellent,0,0
5350.0,1.01,3.6,88.80000000000001,101.4,87.0,3.7,17,heavy,vent,fair,1,1
2180.0,0.22,3.0,70.3,23.8,84.0,7.4,23,survey,ridge,good,0,0
3110.0,0.56,1.6,79.4,52.2,89.0,3.3000000000000003,12,survey,vent,good,1,1
3590.0,0.9,1.4,86.5,66.0,84.0,6.0,7,heavy,vent,good,1,1
520.0,0.62,8.8,65.0,7.5,84.0,4.5,3,compact,plain,excellent,1,0
2110.0,1.2,3.4000000000000004,87.9,34.9,81.0,8.1,40,survey,vent,poor,0,1
650.0,0.47,6.1000000000000005,70.60000000000001,15.0,81.0,8.5,33,survey,plain,fair,1,0
1940.0,0.37,1.5,80.5,17.7,89.0,5.9,2,heavy,vent,excellent,1,1
3080.0,0.26,0.8,70.0,30.200000000000003,96.0,2.2,7,survey,trench,excellent,0,0
480.0,0.38,9.8,63.0,8.700000000000001,88.0,4.800000000000001,4,compact,plain,good,0,0
1280.0,0.24,4.9,69.9,17.1,88.0,5.300000000000001,22,survey,ridge,good,1,1
1790.0,0.48,3.7,67.9,6.1000000000000005,92.0,4.2,4,compact,ridge,good,1,0
3860.0,0.61,3.1,77.4,43.1,92.0,6.1000000000000005,18,survey,vent,good,1,1
540.0,0.29,8.1,63.3,19.8,91.0,2.3000000000000003,11,compact,plain,excellent,0,0
670.0,0.18,6.0,67.2,11.9,78.0,4.0,34,survey,plain,poor,0,0
2830.0,0.63,1.6,,13.9,94.0,3.1,12,survey,ridge,excellent,1,0
2230.0,0.53,,74.2,17.5,78.0,4.4,28,compact,vent,fair,0,0
4130.0,1.78,3.1,87.2,48.1,88.0,7.0,24,survey,vent,fair,1,1
1900.0,0.52,4.4,72.8,28.9,88.0,0.9,9,compact,vent,fair,1,0
470.0,0.5700000000000001,6.5,65.8,3.5,88.0,2.8000000000000003,6,compact,plain,excellent,1,0
3880.0,0.68,1.8,78.5,61.1,89.0,3.6,17,survey,vent,excellent,1,1
910.0,0.37,5.4,66.10000000000001,6.0,88.0,2.9000000000000004,3,compact,plain,excellent,1,0
4270.0,0.16,2.1,73.0,15.0,88.0,7.0,22,survey,trench,fair,1,0
1330.0,0.12,5.4,68.3,16.5,93.0,3.9,11,survey,plain,excellent,0,0
1260.0,0.58,3.0,72.4,14.5,84.0,1.1,14,compact,ridge,,1,0
2600.0,0.6900000000000001,1.7000000000000002,72.8,43.1,90.0,2.9000000000000004,17,survey,ridge,fair,1,0
1690.0,0.14,2.9000000000000004,72.0,20.5,87.0,4.6000000000000005,11,compact,ridge,good,0,0
1450.0,0.78,3.5,67.7,47.5,81.0,8.0,22,compact,ridge,good,0,1
4290.0,0.54,2.9000000000000004,78.60000000000001,49.6,85.0,1.0,6,heavy,trench,excellent,1,1
2580.0,0.27,,71.5,34.7,,13.8,38,survey,trench,poor,0,1
2200.0,0.96,1.5,81.0,93.3,88.0,8.0,6,heavy,ridge,excellent,0,1
1220.0,0.74,3.6,78.60000000000001,29.4,89.0,7.9,6,heavy,ridge,excellent,1,0
710.0,0.14,8.6,71.9,21.5,89.0,5.300000000000001,23,survey,plain,good,1,0
850.0,0.27,5.5,63.8,4.800000000000001,85.0,4.4,7,compact,plain,good,1,0
2900.0,0.45,1.7000000000000002,73.3,9.8,86.0,0.5,12,survey,trench,good,1,0
450.0,0.07,6.5,60.400000000000006,5.9,84.0,6.2,7,compact,plain,fair,1,0
5650.0,0.35,4.2,72.60000000000001,18.0,95.0,3.4000000000000004,10,survey,trench,excellent,0,0
2490.0,0.12,1.8,66.60000000000001,13.9,,3.8,4,compact,ridge,excellent,0,0
3310.0,0.88,2.0,81.30000000000001,31.9,90.0,2.0,13,survey,trench,good,1,1
750.0,0.07,6.5,62.3,15.2,87.0,3.9,7,compact,plain,fair,0,0
1830.0,0.24,3.6,69.0,25.4,89.0,2.5,5,compact,ridge,excellent,1,0
690.0,0.45,7.9,62.8,7.800000000000001,93.0,2.0,2,compact,plain,excellent,1,0
4990.0,0.37,1.8,76.5,10.4,89.0,9.4,25,survey,trench,fair,0,1
1510.0,0.7000000000000001,4.2,73.9,19.700000000000003,88.0,6.0,25,survey,ridge,fair,0,0
780.0,0.45,,67.10000000000001,4.3,95.0,3.2,2,survey,plain,excellent,1,0
4690.0,0.38,2.2,80.4,23.700000000000003,81.0,7.5,12,heavy,trench,good,1,1
2690.0,0.46,2.5,75.60000000000001,41.400000000000006,91.0,,19,survey,ridge,good,1,0
500.0,0.1,8.0,61.900000000000006,4.4,94.0,0.8,6,compact,plain,excellent,1,0
990.0,0.4,5.800000000000001,64.5,7.0,89.0,2.6,8,compact,plain,good,1,0
2330.0,0.55,0.6000000000000001,85.4,45.5,86.0,3.6,4,heavy,vent,excellent,1,0
1060.0,0.13,6.2,70.60000000000001,13.1,77.0,4.7,14,heavy,ridge,poor,1,0
1640.0,0.45,3.2,73.10000000000001,9.3,84.0,6.5,16,survey,ridge,excellent,1,0
550.0,0.28,6.5,62.3,4.7,91.0,2.3000000000000003,11,compact,plain,good,1,0
3780.0,0.19,0.4,76.4,19.700000000000003,84.0,4.4,8,heavy,trench,excellent,1,0
1840.0,0.32,1.7000000000000002,68.8,23.5,,4.800000000000001,2,compact,ridge,excellent,1,0
2170.0,0.52,2.8000000000000003,75.4,28.200000000000003,88.0,5.1000000000000005,14,compact,vent,good,1,0
950.0,0.53,3.0,71.8,29.3,85.0,5.300000000000001,21,survey,ridge,fair,1,0
3100.0,0.26,1.0,78.60000000000001,13.9,92.0,3.2,10,survey,vent,excellent,1,0
2860.0,0.33,1.6,75.2,23.5,88.0,7.0,13,survey,trench,good,1,1
680.0,0.07,7.4,,3.0,,2.4000000000000004,10,compact,plain,excellent,1,0
1800.0,0.81,1.2000000000000002,78.80000000000001,31.5,87.0,6.2,19,survey,ridge,fair,0,0
4110.0,0.3,-0.0,77.5,35.800000000000004,96.0,3.2,3,survey,trench,excellent,1,0
2730.0,0.38,1.6,75.60000000000001,27.1,90.0,3.0,9,compact,trench,excellent,1,0
3890.0,0.18,1.2000000000000002,78.7,6.0,90.0,4.6000000000000005,11,heavy,trench,good,1,0
3120.0,0.63,4.1000000000000005,86.5,38.7,86.0,10.5,12,heavy,vent,good,1,1
3320.0,0.66,-0.1,74.7,12.3,92.0,1.9,6,survey,trench,good,1,1
3490.0,0.31,2.5,74.60000000000001,28.8,93.0,5.1000000000000005,8,survey,trench,excellent,1,0
2700.0,0.07,3.3000000000000003,75.0,13.0,89.0,4.6000000000000005,11,compact,vent,excellent,1,0
2440.0,0.66,3.2,77.10000000000001,47.400000000000006,85.0,12.8,22,survey,vent,fair,1,0
3370.0,0.54,0.8,83.80000000000001,50.400000000000006,82.0,11.5,33,survey,vent,poor,1,1
430.0,0.28,5.4,60.6,2.1,91.0,3.1,5,compact,plain,excellent,1,0
1850.0,0.5,2.5,71.8,37.5,85.0,3.0,24,survey,ridge,fair,0,0
3390.0,0.26,3.4000000000000004,79.7,51.6,85.0,1.8,23,survey,vent,poor,0,0
650.0,0.04,6.800000000000001,61.6,21.0,89.0,4.4,12,compact,plain,good,0,0
2870.0,0.99,1.2000000000000002,85.0,45.3,95.0,3.9,13,survey,vent,good,0,1
460.0,0.35,6.5,69.5,11.6,91.0,3.2,8,survey,plain,good,1,0
730.0,0.09,6.5,63.3,15.4,85.0,3.6,13,compact,plain,good,0,0
2240.0,0.18,3.2,69.8,12.8,86.0,5.4,26,survey,ridge,fair,1,0
1950.0,0.78,4.9,86.0,30.4,,2.0,3,heavy,vent,excellent,1,1
700.0,0.12,6.5,57.7,6.2,78.0,5.6000000000000005,18,compact,plain,poor,1,0
2350.0,0.54,2.0,75.3,26.700000000000003,90.0,2.4000000000000004,15,compact,vent,good,1,0
4370.0,0.61,1.9,86.4,80.7,87.0,10.3,6,heavy,vent,good,1,1
710.0,0.13,8.200000000000001,61.2,4.4,86.0,0.9,5,compact,plain,fair,1,0
3010.0,0.21,0.9,75.10000000000001,44.2,91.0,1.9,11,survey,trench,excellent,1,0
4530.0,0.26,1.1,79.4,38.1,81.0,4.4,16,heavy,trench,fair,1,1
5520.0,0.47,3.3000000000000003,82.4,24.700000000000003,80.0,6.300000000000001,19,heavy,trench,poor,1,1
750.0,0.19,5.300000000000001,60.2,4.4,,2.2,14,compact,plain,fair,1,0
710.0,0.08,6.4,59.5,2.7,89.0,1.4,2,compact,plain,excellent,1,0
480.0,0.36,6.5,61.2,8.3,88.0,1.3,14,compact,plain,good,1,0
630.0,0.32,7.4,65.60000000000001,11.0,88.0,,15,survey,plain,poor,1,0
630.0,0.39,,77.4,6.4,85.0,4.0,12,heavy,plain,good,1,1
1200.0,0.61,4.2,70.60000000000001,,84.0,3.4000000000000004,11,compact,ridge,good,1,0
2980.0,0.43,1.9,80.4,57.900000000000006,89.0,4.0,2,heavy,vent,excellent,1,0
930.0,0.11,4.800000000000001,68.2,12.6,90.0,6.7,21,survey,plain,good,0,1
2630.0,0.74,3.5,,51.900000000000006,90.0,5.300000000000001,20,survey,vent,good,1,0
5430.0,0.31,2.6,71.8,18.9,91.0,2.0,9,survey,trench,excellent,1,1
4900.0,0.43,2.4000000000000004,83.30000000000001,43.400000000000006,81.0,2.9000000000000004,14,heavy,trench,poor,0,1
4140.0,0.15,3.3000000000000003,,28.3,83.0,7.0,13,heavy,vent,good,1,1
960.0,0.59,9.3,77.30000000000001,23.3,89.0,8.3,2,heavy,plain,good,1,1
2630.0,0.21,4.1000000000000005,79.2,12.0,,8.6,17,heavy,vent,fair,1,0
2160.0,0.67,4.1000000000000005,81.10000000000001,17.0,99.0,4.3,6,survey,vent,excellent,1,1
2670.0,0.84,1.9,73.5,51.0,90.0,8.3,19,survey,ridge,good,1,0
5220.0,0.19,1.5,75.9,15.0,81.0,2.8000000000000003,16,heavy,trench,good,1,1
3340.0,0.47,1.9,80.30000000000001,37.7,90.0,3.9,15,survey,vent,good,1,0
2730.0,0.17,3.8,81.7,14.3,80.0,9.7,17,heavy,vent,poor,1,0
1400.0,0.59,3.9,73.3,19.5,88.0,2.9000000000000004,16,survey,ridge,excellent,1,0
2330.0,0.37,1.4,71.4,13.8,85.0,2.6,20,compact,vent,good,1,0
2250.0,0.71,1.5,77.4,39.5,87.0,4.800000000000001,3,heavy,ridge,excellent,1,0
3230.0,0.18,2.4000000000000004,76.3,8.4,90.0,7.1000000000000005,5,heavy,trench,excellent,0,0
4350.0,0.24,2.3000000000000003,76.7,12.8,87.0,5.9,14,survey,trench,good,1,1
2150.0,0.48,,68.7,20.9,93.0,6.7,7,survey,ridge,good,1,0
5190.0,0.09,3.0,80.9,42.1,84.0,2.8000000000000003,10,heavy,trench,good,1,1
980.0,0.09,4.4,65.2,10.6,88.0,1.6,11,compact,ridge,good,1,0
3940.0,0.36,1.7000000000000002,81.10000000000001,27.5,84.0,5.1000000000000005,8,heavy,trench,fair,1,0
1570.0,1.2,3.9,79.2,63.8,88.0,,14,survey,ridge,,1,1
3270.0,0.61,1.8,73.7,24.4,95.0,3.1,16,survey,trench,good,1,0
490.0,0.18,7.6,59.1,8.8,91.0,3.6,8,compact,plain,good,1,0
600.0,0.3,7.2,58.5,6.9,87.0,1.3,6,compact,plain,excellent,1,0
1340.0,0.46,3.4000000000000004,70.7,16.400000000000002,94.0,1.7000000000000002,16,survey,ridge,good,1,0
1850.0,0.34,0.3,78.7,37.1,93.0,2.1,5,survey,ridge,excellent,1,0
1720.0,0.27,0.8,76.0,25.3,88.0,2.4000000000000004,7,heavy,ridge,good,1,0
1940.0,0.54,4.4,73.4,21.6,87.0,6.1000000000000005,29,survey,ridge,fair,1,0
900.0,0.27,5.4,67.0,11.5,81.0,10.3,5,heavy,plain,fair,1,1
1070.0,0.35,5.1000000000000005,72.0,,98.0,3.7,18,survey,plain,good,0,0
2950.0,0.4,3.6,74.3,26.5,93.0,1.2000000000000002,10,survey,trench,excellent,1,0
2430.0,1.26,1.7000000000000002,83.5,59.2,96.0,1.4,9,survey,vent,excellent,0,1
1000.0,0.36,6.1000000000000005,69.5,15.4,89.0,5.4,1,heavy,plain,excellent,1,0
4360.0,0.12,1.0,76.3,19.4,85.0,15.3,9,heavy,trench,good,1,1
690.0,0.34,5.1000000000000005,68.5,9.8,89.0,3.8,12,survey,plain,excellent,1,0
2050.0,0.43,2.8000000000000003,82.7,34.6,98.0,3.5,2,survey,vent,excellent,1,0
1810.0,0.72,2.7,78.10000000000001,31.3,85.0,9.2,13,heavy,ridge,fair,1,0
2650.0,0.1,3.5,70.5,12.6,90.0,1.3,6,compact,vent,excellent,1,0
3650.0,0.48,2.8000000000000003,70.4,,88.0,11.0,9,survey,trench,good,1,1
440.0,0.2,8.4,64.10000000000001,6.2,89.0,2.4000000000000004,5,compact,plain,good,1,0
3540.0,0.87,1.9,82.4,49.1,81.0,10.5,12,heavy,vent,good,0,1
1790.0,0.68,3.9,77.4,18.8,85.0,2.0,2,compact,vent,good,1,1
3920.0,0.46,1.1,83.10000000000001,52.7,79.0,10.4,51,survey,vent,poor,0,1
3300.0,0.23,1.6,79.7,24.3,80.0,7.2,15,heavy,trench,good,1,1
1720.0,1.27,3.3000000000000003,79.10000000000001,32.1,87.0,2.2,23,survey,ridge,fair,1,1
5800.0,0.43,2.1,82.7,28.6,86.0,1.9,9,heavy,trench,excellent,1,1
3410.0,0.18,1.9,78.60000000000001,14.7,87.0,3.9,7,heavy,trench,excellent,1,0
520.0,0.29,6.5,62.7,7.300000000000001,86.0,4.9,20,compact,plain,good,1,0
2920.0,0.14,2.2,66.9,16.900000000000002,91.0,2.4000000000000004,4,compact,trench,excellent,1,0
960.0,0.05,5.9,61.3,19.0,88.0,6.6000000000000005,18,survey,plain,good,0,1
1610.0,1.03,3.4000000000000004,70.10000000000001,16.2,91.0,1.4,3,compact,ridge,excellent,1,0
580.0,0.13,5.6000000000000005,66.5,19.0,,5.4,3,survey,plain,good,0,0
1260.0,0.63,6.2,67.0,22.6,85.0,3.6,7,compact,ridge,good,1,0
640.0,0.2,7.7,61.6,9.0,95.0,2.6,8,survey,plain,excellent,0,1
5060.0,0.42,0.7000000000000001,78.7,38.2,89.0,2.2,11,heavy,trench,good,1,1
1690.0,1.05,3.6,77.30000000000001,16.7,91.0,1.4,16,survey,ridge,fair,1,1
4460.0,0.17,2.5,81.2,38.7,88.0,3.7,6,heavy,trench,excellent,1,0
580.0,0.31,6.0,65.3,2.9000000000000004,77.0,5.2,34,survey,plain,fair,1,0
650.0,0.27,8.200000000000001,64.4,6.1000000000000005,87.0,7.4,17,compact,plain,good,1,0
1590.0,0.6900000000000001,4.3,82.2,,90.0,3.7,13,survey,vent,good,1,0
760.0,0.2,6.7,55.5,14.5,88.0,4.3,9,compact,plain,good,0,0
600.0,0.1,6.6000000000000005,58.400000000000006,2.3000000000000003,88.0,2.3000000000000003,8,compact,plain,excellent,1,0
3410.0,0.71,2.5,73.8,33.2,94.0,5.5,10,survey,trench,excellent,1,0
1390.0,0.88,3.3000000000000003,75.0,23.1,88.0,3.0,3,survey,ridge,excellent,1,0
1610.0,0.5,4.2,72.60000000000001,27.5,90.0,2.6,12,survey,ridge,good,0,0
4190.0,0.08,3.5,73.0,20.3,85.0,3.4000000000000004,22,survey,trench,good,1,0
1390.0,0.56,2.5,71.9,33.4,94.0,7.0,12,survey,ridge,good,1,0
2350.0,0.25,3.1,64.4,11.0,91.0,2.2,19,survey,ridge,good,1,0
2800.0,0.15,2.2,70.8,24.3,92.0,4.3,6,compact,trench,excellent,1,0
1270.0,1.06,3.2,77.9,60.1,93.0,0.8,14,survey,ridge,excellent,1,0
4160.0,0.27,2.6,74.4,24.700000000000003,93.0,3.2,8,survey,trench,excellent,1,0
510.0,0.26,7.2,65.10000000000001,7.300000000000001,93.0,2.6,6,compact,plain,good,1,0
1300.0,0.31,5.6000000000000005,67.2,18.9,88.0,7.800000000000001,12,survey,plain,good,0,0
500.0,0.36,8.9,62.2,19.5,92.0,3.8,4,compact,plain,excellent,0,1
830.0,0.26,6.6000000000000005,60.5,5.7,89.0,4.6000000000000005,18,compact,plain,fair,1,0
720.0,0.15,5.800000000000001,,2.8000000000000003,88.0,1.1,6,compact,plain,,1,0
2970.0,0.2,3.3000000000000003,80.80000000000001,39.0,89.0,4.7,4,heavy,vent,good,0,0
720.0,0.5,5.5,64.9,10.4,88.0,5.4,12,compact,plain,good,0,0
1520.0,0.3,3.5,71.4,19.1,,4.1000000000000005,9,compact,ridge,good,1,0
6160.0,0.43,2.8000000000000003,79.4,59.7,87.0,2.9000000000000004,12,survey,trench,good,0,1
2640.0,0.21,4.0,81.30000000000001,30.9,84.0,3.9,11,heavy,vent,good,1,0
640.0,0.29,7.0,62.6,5.0,91.0,3.2,3,compact,plain,excellent,1,0
1960.0,0.38,5.300000000000001,72.8,26.9,79.0,3.3000000000000003,22,compact,vent,poor,0,0
3660.0,0.8,2.1,85.5,31.9,87.0,2.2,6,survey,vent,excellent,1,1
410.0,0.29,9.1,65.2,13.8,84.0,3.5,8,compact,plain,,0,0
860.0,0.29,4.5,71.5,7.6,85.0,1.7000000000000002,11,heavy,plain,good,1,0
4200.0,0.41,-0.3,79.5,23.4,93.0,12.4,3,heavy,trench,excellent,1,1
510.0,0.39,8.200000000000001,68.7,14.3,91.0,1.5,7,survey,plain,good,1,1
4200.0,0.08,1.7000000000000002,74.9,26.200000000000003,90.0,2.7,20,survey,trench,good,1,0
640.0,0.2,8.8,60.400000000000006,5.5,87.0,3.1,2,compact,plain,excellent,1,0
2330.0,0.8,2.8000000000000003,75.60000000000001,16.1,91.0,4.800000000000001,8,survey,ridge,excellent,1,0
1260.0,0.29,3.2,66.3,8.3,80.0,15.1,27,survey,plain,poor,1,0
900.0,0.28,6.1000000000000005,66.9,4.7,85.0,9.6,24,survey,plain,good,1,0
5530.0,0.29,2.9000000000000004,77.0,17.5,95.0,2.6,9,survey,trench,excellent,1,1
1480.0,0.33,3.0,71.4,7.4,91.0,3.3000000000000003,15,compact,ridge,fair,1,0
3750.0,0.11,1.7000000000000002,73.5,20.3,88.0,6.9,24,survey,trench,fair,0,0
1190.0,0.98,4.3,72.7,30.3,90.0,0.4,9,compact,ridge,good,1,0
4790.0,0.2,2.1,71.3,34.7,89.0,4.3,18,survey,trench,fair,0,0
880.0,0.22,4.3,61.900000000000006,2.8000000000000003,88.0,,11,compact,plain,good,1,1
990.0,0.61,6.4,66.0,27.1,85.0,2.7,18,compact,plain,good,1,0
1750.0,1.1,4.7,80.80000000000001,24.0,90.0,5.1000000000000005,16,survey,ridge,good,1,1
510.0,0.56,5.7,66.0,5.5,86.0,2.2,13,compact,plain,fair,1,0
1820.0,0.65,5.6000000000000005,75.4,20.9,95.0,0.8,5,compact,vent,excellent,1,0
2480.0,0.34,2.7,70.4,11.0,89.0,1.5,12,survey,ridge,excellent,1,0
890.0,0.39,3.7,73.2,10.3,87.0,,5,heavy,plain,good,1,0
590.0,0.05,6.6000000000000005,63.1,4.9,83.0,4.0,17,compact,plain,fair,1,0
3180.0,0.44,1.3,68.4,21.0,94.0,3.7,5,compact,trench,excellent,1,0
1960.0,0.1,2.8000000000000003,72.0,11.3,92.0,2.7,15,survey,vent,good,1,0
2940.0,0.07,1.9,71.10000000000001,20.4,93.0,5.300000000000001,19,survey,vent,good,1,0
750.0,0.16,6.0,68.3,8.700000000000001,94.0,3.9,9,survey,plain,excellent,1,0
3000.0,0.22,0.9,75.5,38.6,85.0,3.7,29,survey,vent,good,1,0
550.0,0.22,5.0,,3.7,86.0,3.0,3,compact,plain,good,1,0
1780.0,0.45,2.8000000000000003,70.9,21.5,95.0,4.3,10,survey,ridge,good,1,0
1780.0,1.21,,79.2,37.9,96.0,2.8000000000000003,5,survey,ridge,excellent,1,0
1630.0,0.4,2.3000000000000003,,18.0,89.0,2.8000000000000003,5,heavy,ridge,,1,0
500.0,0.15,7.0,63.7,7.1000000000000005,79.0,3.9,16,compact,plain,fair,0,0
4380.0,0.53,2.6,77.4,74.7,82.0,21.1,37,survey,trench,,0,1
790.0,0.28,5.7,66.2,16.1,87.0,1.6,13,compact,plain,good,0,0
1670.0,0.5700000000000001,2.6,77.7,29.3,85.0,1.7000000000000002,8,heavy,ridge,good,1,0
2010.0,1.04,1.8,77.4,30.8,92.0,1.9,4,survey,ridge,excellent,1,0
840.0,0.23,4.5,61.900000000000006,10.9,84.0,10.4,24,compact,plain,poor,0,0
1790.0,0.28,1.8,75.2,12.8,85.0,6.300000000000001,10,heavy,ridge,good,0,0
4220.0,0.17,0.4,74.9,21.3,82.0,4.4,28,survey,trench,poor,1,1
450.0,0.07,10.3,56.0,2.4000000000000004,89.0,2.8000000000000003,3,compact,plain,excellent,1,0
1940.0,0.16,2.9000000000000004,76.5,9.6,87.0,13.2,24,survey,vent,fair,1,0
2660.0,0.8,4.7,82.30000000000001,19.8,88.0,4.2,1,heavy,ridge,good,1,1
2300.0,0.74,3.2,74.5,11.6,87.0,2.1,15,compact,vent,good,1,1
2440.0,0.44,3.2,74.60000000000001,42.8,85.0,1.9,10,survey,ridge,excellent,0,0
390.0,0.3,7.800000000000001,62.5,6.1000000000000005,87.0,7.300000000000001,32,survey,plain,poor,1,0
860.0,0.22,5.4,65.0,8.0,87.0,3.8,9,compact,plain,fair,1,0
740.0,0.19,5.6000000000000005,62.3,9.7,83.0,4.3,12,compact,plain,good,1,0
830.0,0.06,7.0,59.6,2.5,91.0,3.2,3,compact,plain,excellent,1,0
550.0,0.19,8.3,71.10000000000001,3.3000000000000003,88.0,3.4000000000000004,4,heavy,plain,excellent,1,1
1900.0,0.42,3.0,72.9,21.3,82.0,5.5,32,survey,ridge,poor,1,0
1010.0,0.56,3.9,69.0,9.2,87.0,3.1,11,survey,plain,fair,1,0
710.0,0.35,4.9,61.900000000000006,9.1,86.0,3.2,10,compact,plain,good,1,0
2120.0,0.27,2.6,77.5,28.700000000000003,86.0,8.8,3,heavy,ridge,excellent,1,0
1910.0,0.74,1.5,73.0,20.700000000000003,84.0,3.0,25,survey,ridge,fair,1,0
1280.0,0.64,4.6000000000000005,71.10000000000001,16.8,92.0,3.5,5,heavy,plain,good,1,0
5480.0,0.29,2.0,76.9,17.5,87.0,2.9000000000000004,0,heavy,trench,excellent,1,1
